symbol,A2058,A2780,A375,CAOV3,HCT116,HT144,LOVO,MDAMB436,NCI-H460,NCIH1650,NCIH2122,NCIH23,OV90,OVCAR3,RKO,RPMI7951,SK-OV-3,SKMEL30,SKMES1,SW-620,SW837,T-47D,UACC62,VCAP
ABL1,16,22,19,5,10,17,16,27,20,14,8,5,7,19,61,16,24,13,14,21,17,16,10,21
ABL2,12,5,9,2,5,16,2,16,4,6,1,8,1,4,41,7,8,14,10,4,6,3,5,2
ACAA1,4,2,4,2,3,6,11,5,3,10,5,3,8,5,3,6,2,7,3,3,2,6,7,4
ACACA,12,27,11,7,14,10,13,10,15,11,20,7,7,6,9,8,15,12,12,13,16,19,11,84
ACADM,23,15,14,19,14,10,27,19,12,8,15,11,12,7,11,7,5,25,12,14,3,7,6,16
ACOX1,4,3,4,7,8,3,6,2,3,9,6,3,11,8,6,3,4,5,5,8,6,18,5,8
ACOX3,3,3,4,1,3,3,3,7,1,4,3,2,2,2,6,4,4,3,6,2,6,4,2,2
ACSBG2,0,0,0,0,0,0,0,0,0,0,0,0,0,0,0,0,0,0,0,0,0,0,0,0
ACSL1,11,2,7,5,3,12,8,16,6,16,9,3,0,3,13,7,12,35,8,5,17,15,10,42
ACSL3,52,26,46,28,21,54,15,20,25,30,47,11,34,23,14,33,29,68,28,12,23,11,44,125
ACSL6,0,0,0,0,0,0,0,0,0,0,0,0,0,0,0,0,0,0,0,0,0,0,0,0
ACTA2,1,10,1,1,2,4,3,1,1,0,1,1,0,0,2,8,3,0,1,0,1,2,3,0
ACTB,1338,1121,655,1685,331,890,765,2066,1279,1966,737,1466,777,722,392,1164,875,555,1083,719,364,1115,712,280
ACTG1,612,640,550,1484,712,951,630,415,1046,670,217,842,1558,906,427,481,1760,1580,777,711,670,457,536,547
ACVR1,10,6,5,5,7,19,3,5,3,3,3,3,5,5,8,19,6,16,8,1,8,1,15,2
ACVR1B,4,3,4,2,7,3,11,3,3,5,3,6,9,8,7,2,6,3,3,10,18,9,3,14
ACVR1C,0,0,0,0,0,0,0,0,0,0,0,0,0,0,0,0,0,0,0,0,0,0,0,0
ACVR2A,1,0,1,1,2,0,2,0,0,1,0,1,1,3,1,1,1,0,0,1,2,0,1,3
ACVR2B,1,3,1,0,4,0,1,1,0,0,1,0,0,1,2,0,0,0,0,2,2,0,0,2
ADAM17,16,10,11,12,20,12,7,15,14,9,19,14,5,14,17,15,8,9,11,13,10,4,7,4
ADCY1,4,2,0,1,0,9,2,15,1,0,2,1,0,0,0,3,0,4,1,0,0,0,6,3
ADCY2,0,0,0,0,0,0,0,0,0,0,0,0,0,0,0,0,0,1,0,0,0,0,0,0
ADCY3,12,10,13,9,10,15,14,7,16,7,10,10,5,3,20,12,14,13,9,20,27,3,11,6
ADCY4,0,0,0,0,0,0,0,0,0,0,0,0,0,0,0,0,0,0,0,0,0,0,0,0
ADCY5,0,0,0,0,0,0,1,0,0,0,0,0,0,0,0,0,0,0,0,0,0,0,0,0
ADCY6,6,9,8,8,5,7,19,6,1,10,4,2,16,11,9,7,34,7,4,12,17,37,2,19
ADCY7,2,2,2,0,6,1,3,4,6,4,3,0,0,1,12,4,3,1,4,4,13,0,1,0
ADCY8,0,0,0,0,0,0,0,1,0,0,0,0,0,0,0,0,0,0,0,0,0,0,0,0
ADCY9,2,4,2,3,3,7,4,4,3,2,1,0,2,1,2,4,12,4,1,1,4,8,2,1
ADCYAP1,0,0,0,0,0,0,0,0,0,0,0,0,0,0,0,0,0,0,0,0,0,0,0,0
ADCYAP1R1,0,0,0,0,0,0,0,0,0,0,0,0,0,0,0,0,0,0,0,0,0,0,0,0
ADIPOR1,69,51,58,47,33,45,28,47,57,61,51,23,31,33,24,26,36,61,68,33,41,49,48,35
ADIPOR2,22,21,24,39,21,25,21,32,15,25,14,35,25,19,15,15,10,32,16,29,23,18,21,23
ADORA2A,0,0,0,0,0,0,0,0,0,0,0,0,0,0,0,0,0,0,0,0,0,0,0,0
ADORA2B,3,4,8,3,12,0,11,9,2,13,4,4,0,2,20,3,2,2,26,6,5,0,27,1
ADRA1A,0,0,0,0,0,0,0,0,0,0,0,0,0,0,0,0,0,0,0,0,0,0,0,0
ADRA1B,0,0,1,1,0,4,0,0,0,3,0,1,0,3,0,0,8,0,1,1,0,0,0,0
ADRA1D,0,0,0,0,0,0,0,0,0,0,0,0,0,0,0,2,0,0,0,0,0,0,0,0
ADRA2A,0,0,0,0,0,1,0,0,0,3,0,0,0,5,0,0,0,0,0,0,1,0,0,2
ADRA2B,0,0,0,0,0,0,0,0,0,0,0,1,0,0,0,0,0,0,0,0,0,0,0,0
ADRA2C,0,2,0,0,7,0,0,6,5,1,0,5,0,1,0,0,7,0,0,22,15,4,2,0
ADRB1,0,0,0,0,0,0,1,0,0,0,0,0,0,0,0,0,0,0,0,0,0,0,0,4
ADRB2,0,0,0,1,0,1,0,0,0,0,0,0,0,1,0,0,7,3,3,0,0,0,0,6
AGAP2,0,4,0,0,3,1,0,0,0,0,0,0,0,0,0,0,0,0,0,0,0,0,0,0
AGTR1,0,0,0,0,0,0,0,0,0,0,0,0,1,0,0,0,0,0,0,0,0,0,0,0
AIFM2,8,0,5,13,9,6,10,23,21,4,24,0,13,5,10,7,5,15,6,17,7,0,3,1
AIM2,0,0,10,0,0,12,0,0,0,0,0,0,1,0,0,4,0,0,0,0,0,0,0,0
AJUBA,4,12,6,21,8,8,15,14,9,15,13,10,28,28,5,14,43,1,12,20,42,16,3,1
AKT1,15,20,10,19,14,18,14,11,23,12,16,7,17,13,15,10,24,22,18,17,21,33,18,14
AKT1S1,11,15,18,4,10,24,9,9,9,26,12,7,16,4,6,16,9,7,11,7,8,9,12,14
AKT2,8,9,10,7,8,8,6,4,5,12,8,5,14,56,6,10,10,6,5,9,11,8,10,14
ALDOA,187,167,185,228,61,242,109,238,301,204,199,162,132,115,119,119,202,242,188,61,69,149,186,55
ALDOC,4,12,13,6,11,25,2,6,6,0,2,0,3,3,5,9,3,0,0,0,7,13,16,6
AMH,4,2,2,0,9,2,1,0,2,3,0,0,2,3,0,0,1,1,0,11,9,8,2,7
ANAPC5,15,17,17,14,11,13,19,18,19,11,16,14,15,9,8,12,8,15,12,15,12,20,17,13
ANGPTL4,0,4,5,1,2,3,0,5,4,16,0,6,0,1,20,4,6,1,5,0,0,6,4,1
AOX1,0,0,0,0,0,0,0,2,1,3,0,0,0,0,13,4,0,0,2,0,0,0,0,11
APAF1,2,3,3,1,4,3,9,0,2,3,2,3,2,3,3,2,2,3,2,2,3,6,4,2
APBB1IP,0,0,0,0,0,0,0,0,0,9,0,0,0,0,0,13,1,0,0,0,0,0,0,0
APC,4,3,7,5,3,5,5,3,1,2,2,3,2,7,4,4,4,3,3,3,4,3,4,1
APC2,0,6,0,0,0,1,0,0,0,0,0,0,0,0,0,0,0,0,0,0,0,0,0,0
APH1B,0,2,1,1,2,1,1,3,0,3,0,0,1,2,7,6,2,0,5,0,2,4,1,6
APOA1,0,0,0,0,0,0,0,0,0,0,0,0,96,1,0,0,0,0,0,0,0,0,0,0
AQP7,0,0,0,0,0,0,0,0,0,0,0,0,0,0,0,0,0,0,0,0,0,0,0,0
ARAP3,9,0,12,5,5,10,3,1,2,1,6,1,2,2,8,7,10,7,6,5,8,0,0,9
ARF1,168,202,159,139,108,133,89,200,224,152,165,88,145,89,93,116,119,147,130,98,109,195,124,42
ARF6,27,37,20,16,54,31,52,18,21,30,37,24,29,29,38,34,61,32,35,55,34,52,29,45
ARHGDIA,57,74,97,68,79,76,54,51,123,52,57,50,55,85,80,66,101,157,85,89,86,66,74,78
ARHGDIB,14,2,1,19,0,2,0,0,0,32,4,1,1,6,0,21,1,0,7,1,0,8,22,29
ARHGDIG,0,2,0,0,0,0,0,0,0,0,0,0,0,0,0,0,0,0,0,1,0,0,1,1
ARHGEF12,6,6,7,5,12,4,10,3,3,5,4,5,5,5,10,10,18,2,9,14,22,9,3,12
ARNT,5,18,8,5,9,5,5,24,6,5,7,14,5,7,8,6,11,6,6,5,9,12,5,7
ARRB1,5,1,2,2,3,1,7,1,1,4,0,2,8,1,5,6,7,4,3,4,4,13,1,4
ARRB2,8,11,6,3,10,4,6,9,12,4,4,10,37,3,20,4,2,5,4,6,6,5,3,4
ATF2,8,13,5,13,10,7,8,16,6,5,3,8,9,5,7,11,12,6,10,8,7,6,10,6
ATF4,151,298,167,161,208,170,172,99,216,118,282,109,236,113,205,180,107,114,74,229,112,105,155,146
ATF6B,41,25,14,29,9,24,14,10,13,16,13,9,18,22,29,28,20,36,29,14,17,54,17,13
ATG12,5,7,6,6,20,6,5,4,4,13,5,4,6,4,10,6,12,5,7,10,8,5,4,3
ATG16L1,7,6,8,7,7,9,9,12,9,8,5,11,5,7,5,13,18,7,9,7,6,5,9,5
ATG5,13,7,7,8,14,6,11,18,8,5,8,9,10,11,9,12,12,5,12,12,6,6,7,10
ATM,5,4,4,1,6,2,3,2,1,2,2,2,1,2,5,7,3,4,5,9,11,4,6,4
ATP1A1,181,54,192,105,67,145,116,57,60,100,68,82,191,156,50,51,81,537,138,97,64,44,208,60
ATP1A3,0,0,0,4,5,0,5,0,0,1,1,1,0,0,8,0,0,0,0,2,0,1,0,11
ATP1B1,26,0,22,25,19,22,35,36,35,53,57,7,107,15,5,8,41,3,63,10,62,22,32,10
ATP1B2,0,2,0,2,0,0,0,0,0,0,0,0,0,0,0,0,0,0,0,0,0,0,1,0
ATP1B3,86,47,63,95,55,140,63,40,106,72,30,167,60,39,66,59,62,117,55,44,73,52,256,34
ATP2A1,0,0,0,0,1,0,1,0,0,0,0,0,1,0,1,0,0,1,0,0,0,2,0,0
ATP2A2,38,34,35,18,26,44,34,17,37,32,50,41,26,37,25,31,31,34,18,24,24,39,33,52
ATP2A3,0,0,0,3,5,0,0,17,1,0,3,1,0,0,0,0,0,0,4,0,3,9,0,5
ATP2B1,8,22,10,6,18,16,13,3,20,14,13,19,11,22,4,28,9,6,6,3,17,7,19,11
ATP2B2,0,0,0,0,0,0,0,0,0,0,0,0,0,2,0,0,0,0,0,0,0,0,0,0
ATP2B4,14,6,23,2,11,21,4,13,3,11,5,4,4,20,1,11,19,14,19,0,7,4,16,1
ATP6V1A,14,13,21,43,14,19,11,27,11,17,20,10,13,21,9,17,10,19,23,13,17,25,18,20
ATP6V1B2,26,10,9,11,8,37,7,27,7,7,11,12,5,18,18,20,8,58,7,13,3,19,32,12
ATP6V1C1,17,13,14,19,15,17,10,13,9,24,9,17,9,17,50,12,10,34,12,9,10,19,18,16
ATP6V1C2,0,1,0,1,3,1,4,0,0,1,0,1,1,1,0,1,0,0,0,0,4,1,0,1
ATP6V1D,15,7,11,16,6,17,9,34,12,14,11,19,11,16,13,14,12,16,14,8,8,20,19,9
ATP6V1E1,43,30,31,186,20,46,14,32,22,41,20,13,27,32,21,37,34,82,44,21,10,24,56,28
ATP6V1E2,1,3,1,0,2,0,3,2,1,1,2,3,1,1,1,1,2,0,2,2,2,0,1,1
ATP6V1F,116,101,86,116,57,107,81,117,99,85,73,119,178,48,174,90,37,218,72,67,57,87,158,97
ATP6V1G1,82,60,58,116,73,77,45,117,71,81,65,63,77,69,141,43,80,178,65,59,53,167,87,224
ATP6V1G2,0,0,0,0,0,0,0,0,0,0,0,0,0,0,0,2,0,0,0,0,0,0,0,0
ATP6V1H,12,7,10,8,4,10,6,14,5,8,13,6,7,13,13,7,9,18,9,4,8,19,8,18
ATR,4,3,5,7,5,5,5,3,4,4,2,7,2,13,5,5,3,3,4,6,6,5,7,4
ATXN1,3,0,1,0,3,2,0,0,1,2,1,2,2,2,0,5,1,3,2,5,3,1,4,0
ATXN1L,6,8,8,4,7,7,9,5,5,19,4,9,6,5,6,8,14,8,9,18,12,10,4,3
AVP,0,0,0,0,0,0,0,0,0,0,0,0,0,0,0,0,0,0,0,0,0,0,0,0
AVPR1B,0,0,0,0,0,0,0,0,0,0,0,0,0,1,0,0,0,0,0,0,0,0,0,1
AXIN1,4,7,4,2,4,2,9,12,6,3,5,2,7,3,11,2,8,7,3,16,14,5,4,3
AXIN2,0,0,0,1,3,0,32,0,0,0,0,0,1,0,0,1,0,1,1,24,57,0,0,0
AZI2,5,5,6,4,9,6,3,8,3,5,4,4,1,3,6,6,3,5,4,9,3,4,3,4
BAD,12,11,17,23,8,12,8,15,18,20,10,8,19,17,12,21,13,18,14,8,11,25,12,99
BAMBI,73,0,23,2,4,43,12,16,1,6,15,6,55,1,1,11,7,80,5,29,45,21,110,0
BAX,14,31,25,9,15,41,15,18,20,18,23,24,22,4,35,18,17,12,14,19,17,6,44,8
BBC3,0,4,1,0,18,3,7,1,0,1,1,0,4,0,14,3,0,1,1,4,17,0,2,0
BCAR1,7,6,7,3,3,8,6,12,2,23,5,5,7,4,6,7,11,11,11,14,27,7,5,5
BCL10,5,4,5,11,12,4,7,10,2,5,4,7,3,5,101,6,2,6,12,6,4,3,3,3
BCL2,1,1,0,0,0,1,4,1,2,0,0,0,0,0,2,0,0,3,0,0,0,0,0,0
BCL2L1,6,7,11,30,86,9,27,20,8,41,26,6,46,39,115,23,40,10,24,147,161,48,7,21
BCL2L11,2,0,2,5,6,1,5,10,1,6,6,2,4,4,3,2,1,1,1,4,9,1,2,3
BCL3,3,2,3,2,6,4,4,11,2,7,13,6,19,1,2,9,8,0,5,0,7,6,5,3
BCL6,2,2,3,2,5,5,1,4,1,3,5,0,5,2,4,2,1,2,4,0,2,16,4,5
BDKRB2,0,0,0,0,0,0,1,19,0,0,3,0,0,0,0,8,0,0,0,0,2,0,0,0
BDNF,4,0,0,4,4,0,0,0,3,1,1,0,0,2,0,2,5,0,1,0,9,0,0,0
BECN1,21,7,14,4,11,21,7,6,9,8,12,13,9,6,11,10,12,12,10,11,11,14,19,8
BID,10,6,5,33,6,6,8,10,8,15,11,2,5,25,12,9,3,5,8,9,5,9,4,3
BIRC2,20,19,20,22,19,24,10,14,7,21,8,53,10,8,19,15,37,8,20,20,28,23,13,11
BIRC5,55,37,32,35,15,34,28,17,57,38,21,45,34,34,6,16,34,44,32,17,7,40,32,37
BMP2,0,0,3,0,0,1,6,4,0,2,2,1,20,0,0,0,4,0,1,0,2,0,1,0
BMP4,0,0,0,6,18,1,178,0,0,0,0,0,14,1,0,18,1,0,7,18,73,9,1,0
BMP6,0,0,2,0,1,2,1,0,5,0,2,4,0,0,0,0,1,0,0,0,2,0,4,0
BMP7,0,2,0,1,2,0,4,9,0,9,0,7,3,97,0,0,0,0,0,16,9,0,12,7
BMP8A,0,0,0,0,1,0,0,0,0,0,0,0,0,0,0,0,0,0,0,0,0,0,0,0
BMP8B,6,0,6,5,5,4,3,3,1,0,2,1,0,0,1,0,2,1,1,1,6,2,1,2
BMPR1A,3,8,4,7,5,3,5,2,3,4,2,2,3,7,5,3,7,4,2,5,5,5,2,5
BMPR1B,0,0,0,0,0,1,3,1,0,0,2,0,2,2,0,0,2,1,0,0,0,0,0,7
BMPR2,4,5,3,7,4,4,3,5,2,7,1,5,4,6,2,11,16,12,7,4,24,4,3,5
BNIP3,23,27,18,17,5,27,4,27,27,20,16,13,2,9,0,18,7,25,17,0,0,7,21,22
BOC,0,8,0,0,0,0,0,0,0,0,0,0,0,7,0,3,0,0,1,0,0,0,1,0
BRAF,3,3,4,4,7,2,4,3,1,3,1,4,3,3,9,3,1,2,2,8,7,2,3,10
BRAP,5,7,7,5,6,7,9,4,5,5,6,10,5,7,7,5,5,6,5,7,8,7,7,6
BRCA1,11,11,11,5,5,8,11,4,10,8,6,10,3,4,5,3,9,7,6,5,4,10,6,8
BTC,1,0,0,3,6,0,4,0,0,1,3,0,0,14,0,0,3,0,9,0,4,0,0,0
CAB39,11,10,14,16,19,14,17,20,10,24,13,13,20,14,18,19,26,14,25,22,16,5,17,19
CAB39L,2,1,0,0,2,1,0,2,0,1,2,3,0,1,5,1,1,2,1,8,0,7,0,24
CACNA1C,0,0,0,0,0,0,0,0,0,0,0,0,0,0,0,1,0,0,0,0,0,0,0,0
CACNA1D,0,0,0,0,0,0,0,0,0,0,0,0,0,0,0,0,0,0,0,0,0,3,0,3
CACNA2D1,0,11,0,2,0,4,0,2,1,0,2,5,0,0,17,1,0,0,0,0,0,0,3,1
CACNA2D2,0,0,0,0,3,0,0,0,0,0,0,0,0,0,0,0,1,0,0,0,0,1,0,1
CACNA2D3,0,0,0,1,0,0,0,2,3,0,0,0,0,1,0,6,2,0,0,0,0,0,0,0
CACNA2D4,1,0,0,0,0,1,0,0,0,0,0,0,0,0,0,0,0,0,1,13,1,0,0,0
CACNB1,1,1,1,0,2,1,1,0,1,1,0,2,0,1,2,1,1,2,2,2,4,4,1,1
CACNB2,0,0,0,0,0,0,1,0,0,0,0,0,0,0,0,0,0,0,0,0,0,0,0,0
CACNB3,3,2,3,3,3,2,8,1,1,3,0,1,2,8,4,2,2,2,2,2,4,7,1,3
CACNB4,0,0,0,0,0,0,0,0,0,0,0,0,0,0,0,0,0,0,0,0,0,1,0,0
CACNG1,0,0,0,0,0,0,0,0,0,0,0,0,0,0,0,0,0,0,0,0,0,0,0,0
CACNG2,0,0,0,0,0,0,0,0,0,0,0,0,0,0,0,0,0,0,0,0,0,0,0,0
CACNG3,0,0,0,0,0,0,0,0,0,0,0,0,0,0,0,0,0,0,0,0,0,0,0,0
CACNG4,0,0,0,8,0,0,0,1,1,17,0,1,0,49,0,0,0,0,1,5,36,32,0,3
CACNG6,0,0,0,0,0,0,0,0,0,0,0,1,14,0,0,0,0,0,9,0,0,0,0,0
CACNG7,0,28,0,0,0,0,0,0,0,0,0,1,0,0,0,0,0,0,4,0,0,0,0,0
CACYBP,81,72,68,19,16,43,28,73,79,26,26,27,33,38,19,21,31,45,29,18,13,32,35,15
CALM1,31,32,29,77,23,31,46,31,64,46,40,24,44,37,20,31,54,46,37,20,27,60,37,38
CALM2,117,72,117,91,46,123,79,96,129,86,136,149,272,79,38,227,98,103,138,86,54,72,86,75
CALM3,65,144,62,43,62,70,108,52,52,170,45,57,191,30,29,80,104,57,63,23,46,85,57,213
CALML3,0,0,0,0,0,0,0,0,0,0,0,0,0,0,0,0,0,0,0,0,0,0,0,0
CAMK1,3,8,0,3,2,1,0,6,2,0,1,0,3,0,12,6,2,0,1,6,2,0,1,10
CAMK1D,0,1,0,1,4,0,2,0,0,1,0,1,0,3,4,0,1,0,2,0,5,1,0,1
CAMK2A,0,0,0,0,0,0,0,0,0,0,0,0,0,0,0,0,0,0,0,0,0,0,0,0
CAMK2B,0,0,0,0,0,0,0,0,0,0,0,0,0,0,0,2,0,0,0,0,0,0,0,5
CAMK2D,6,1,4,1,27,6,5,13,8,10,4,1,15,1,8,5,5,4,12,7,5,0,7,6
CAMK2G,6,5,4,9,5,4,9,7,5,27,10,5,9,10,4,6,14,4,5,5,12,11,2,2
CAMK4,2,0,4,1,0,1,0,0,0,0,0,0,0,1,0,1,0,1,0,1,0,0,1,0
CAMKK2,5,8,4,8,8,4,14,12,9,6,10,7,7,6,12,7,9,5,7,15,15,13,5,24
CAMP,0,0,1,0,0,0,0,0,0,0,0,0,0,0,0,0,0,0,0,0,0,0,0,0
CARD10,4,1,4,5,7,4,5,2,1,7,5,3,5,4,2,1,23,1,5,10,6,4,0,1
CARD11,0,0,0,9,0,0,0,0,0,0,14,0,30,0,0,0,0,0,11,0,5,0,0,0
CARD14,0,0,0,0,0,0,0,0,0,0,12,0,0,0,0,0,0,0,0,0,0,9,0,1
CARD9,0,0,0,0,0,0,0,0,0,0,0,0,0,0,0,0,0,0,0,7,0,2,0,0
CASP3,26,20,19,9,7,14,18,10,13,12,10,8,19,17,11,12,18,17,10,12,9,9,10,12
CASP4,6,1,4,6,5,3,5,8,5,14,15,0,6,3,17,11,3,3,8,8,4,0,4,0
CASP9,1,3,2,3,2,1,1,2,5,1,12,1,3,3,1,1,2,2,4,2,3,1,2,1
CASQ1,0,0,0,0,0,0,0,0,0,0,0,0,0,0,0,0,0,0,0,0,0,0,0,0
CASR,0,0,0,0,0,0,0,0,0,0,0,0,0,0,0,0,0,0,0,0,0,0,0,0
CAT,23,10,25,8,19,20,23,26,0,13,16,6,16,19,4,39,20,15,16,6,14,39,15,7
CBL,8,9,9,4,12,4,6,6,3,7,1,8,3,6,15,6,12,4,6,15,12,5,4,3
CBLB,2,5,1,1,1,2,0,1,0,1,3,0,2,7,27,2,2,2,1,0,1,0,5,0
CCKAR,0,0,0,0,0,0,0,0,0,0,0,0,0,0,0,0,0,0,0,0,0,0,0,0
CCKBR,0,0,0,2,0,0,1,0,0,0,0,0,0,0,0,0,0,0,0,0,0,0,0,0
CCL22,0,0,0,0,0,0,0,0,0,0,0,0,0,0,0,0,0,0,0,0,0,0,0,0
CCL24,0,0,0,0,0,0,0,0,0,0,0,0,1,0,0,0,0,0,0,0,1,0,0,0
CCL25,0,0,0,0,0,0,0,0,0,0,0,0,0,0,0,0,0,0,0,0,0,0,0,0
CCL5,0,0,0,0,0,1,0,20,0,48,0,22,0,0,0,8,0,6,1,0,3,0,0,0
CCNA1,0,0,0,9,0,0,0,0,0,1,0,2,0,7,0,0,36,0,0,0,0,0,0,0
CCNB1,102,119,129,69,25,103,111,58,133,122,99,144,63,91,22,52,94,94,52,32,28,94,91,111
CCNB2,30,30,37,21,8,32,51,25,35,30,36,40,33,37,9,25,28,30,19,10,12,35,22,28
CCND1,82,54,80,143,135,83,63,41,31,35,43,93,16,103,52,97,69,198,113,147,84,55,34,105
CCND2,0,165,0,0,0,0,36,2,0,0,0,35,0,0,25,0,0,0,0,0,3,0,0,0
CCND3,11,7,9,77,2,12,5,11,14,20,19,9,37,4,4,8,8,19,6,4,5,10,12,3
CCNE1,12,22,5,12,6,7,7,10,3,14,4,14,20,48,15,3,9,3,3,0,6,3,13,1
CCNE2,11,2,5,4,3,3,3,2,2,5,1,1,2,3,6,1,3,4,2,2,0,8,1,7
CCNG1,32,44,43,46,57,38,134,15,41,14,32,14,46,21,56,29,16,50,21,32,43,35,45,25
CCR10,0,4,0,0,0,0,0,1,0,0,0,1,0,0,1,1,0,0,0,0,0,0,0,0
CCR7,0,0,0,0,0,0,0,0,0,0,0,0,0,0,0,0,0,0,0,0,0,0,0,0
CD38,0,0,0,0,0,0,0,0,0,0,0,0,0,0,0,0,0,0,1,0,0,0,0,0
CD40,0,2,2,4,7,0,0,1,2,15,0,14,0,4,9,0,5,0,17,0,0,1,0,0
CD72,0,0,0,0,0,0,0,0,0,0,0,0,0,0,0,0,0,0,0,0,0,0,0,0
CD79B,0,0,0,0,0,0,0,0,0,0,0,0,0,0,0,0,0,0,0,0,0,0,1,0
CD82,3,0,2,4,2,3,3,22,0,13,4,1,0,7,1,40,1,10,25,5,26,57,2,3
CD8A,0,0,0,0,0,0,0,0,0,0,0,1,0,0,0,0,0,0,0,0,0,0,0,0
CD8B,0,0,0,0,0,0,0,0,0,0,0,0,0,0,0,0,0,0,0,3,4,0,0,0
CDC25B,27,13,37,29,48,20,23,45,41,38,23,20,16,33,20,83,92,51,28,82,35,18,33,30
CDC37,46,70,130,54,70,113,61,75,72,67,65,90,41,56,103,65,67,84,49,56,36,42,114,19
CDC42,67,72,82,64,68,55,64,39,49,91,65,87,88,52,43,84,117,89,95,42,55,67,69,101
CDH1,0,0,0,32,27,0,38,0,0,283,15,11,30,42,0,0,3,1,0,19,73,117,0,54
CDK1,50,58,32,41,20,26,33,29,50,28,29,24,31,49,9,14,30,32,18,24,17,51,27,43
CDK2,91,19,31,40,19,33,24,12,19,25,7,28,15,16,20,9,14,123,9,24,13,31,27,16
CDK4,51,69,79,19,39,75,64,33,53,26,29,38,42,39,86,46,31,60,27,56,38,39,39,43
CDK6,16,0,18,3,3,16,10,2,9,9,8,2,4,19,3,9,5,3,4,32,5,0,15,0
CDKN1A,5,11,36,21,103,73,26,6,14,43,65,37,5,2,54,7,2,10,20,2,22,10,86,14
CDKN1B,12,27,21,24,19,12,28,18,3,20,18,16,19,35,9,16,10,13,11,16,22,11,14,27
CDKN2A,10,0,0,10,7,0,1,11,0,0,0,3,12,24,0,35,0,11,0,18,13,4,0,0
CDKN2B,16,0,0,3,5,0,2,1,0,0,0,1,7,11,16,6,0,5,0,27,14,2,0,0
CDKN2D,2,2,9,5,3,5,3,4,2,7,3,2,5,6,2,9,7,11,7,3,1,5,4,8
CEBPB,6,7,6,5,61,15,6,68,10,27,26,16,10,11,142,28,9,13,8,84,93,4,12,1
CFLAR,1,2,1,1,2,1,2,2,1,3,2,2,6,2,2,4,4,2,6,1,5,1,1,4
CFTR,0,0,0,0,0,0,40,0,0,0,0,0,5,0,0,0,0,0,0,0,0,0,0,0
CHAD,0,0,0,0,0,0,0,0,0,3,0,0,1,0,0,0,0,0,0,0,0,0,0,0
CHD8,13,18,12,14,7,11,11,17,10,5,8,17,7,10,9,9,13,11,11,11,14,9,12,14
CHEK1,10,9,11,6,5,4,8,6,8,12,5,10,7,5,5,5,9,4,7,11,9,17,5,11
CHEK2,8,13,4,12,6,5,6,6,7,11,3,8,3,8,3,3,3,6,4,3,2,9,8,7
CHRD,0,0,0,1,2,0,0,0,0,0,0,0,0,0,0,0,0,0,0,0,0,0,0,0
CHRM1,0,0,0,0,0,0,0,0,0,0,0,0,0,0,0,0,0,0,0,0,0,0,0,1
CHRM3,2,0,1,0,0,0,0,0,0,0,0,0,0,1,0,0,0,0,2,0,0,0,0,0
CHUK,8,5,10,15,12,5,7,5,9,6,8,7,6,8,8,5,0,9,4,11,5,8,3,6
CIR1,6,7,7,9,5,8,8,10,4,7,6,8,9,9,7,16,8,7,27,8,12,6,9,6
CISH,0,0,0,0,0,0,1,1,0,0,0,0,0,0,0,1,2,0,0,0,0,7,0,0
CLIP1,7,4,5,7,6,6,7,13,12,14,10,9,3,7,7,5,8,5,10,6,7,5,5,4
CNR1,1,0,2,1,0,0,0,0,0,0,0,0,0,0,0,1,0,0,0,0,0,0,0,0
CNTFR,0,3,0,0,0,0,3,2,0,0,0,0,0,0,0,0,0,0,0,0,4,0,0,1
COL1A1,0,5,0,12,4,1,0,2,3,1,16,1,7,4,0,496,25,1,41,0,3,13,0,0
COL1A2,0,11,0,1,0,93,0,0,0,0,0,0,0,0,0,684,0,0,0,0,0,0,0,0
COL2A1,0,1,0,2,0,0,0,0,0,0,0,0,0,2,0,0,0,0,0,0,0,0,0,4
COL4A1,78,0,55,4,0,72,0,7,2,10,2,1,0,17,0,78,107,26,15,0,0,0,18,0
COL4A2,131,0,89,8,0,93,0,13,6,19,2,2,0,23,0,84,105,54,43,1,0,0,25,1
COL4A3,0,0,0,3,3,0,0,0,0,0,1,0,0,0,0,0,11,0,0,0,0,0,0,0
COL4A4,0,0,0,3,2,0,0,0,1,0,3,0,0,0,0,0,5,0,0,0,0,0,0,0
COL6A2,0,12,12,16,32,38,0,147,0,10,0,2,0,5,0,707,25,0,220,1,27,0,9,2
COL6A3,0,35,0,0,0,0,0,0,0,0,0,0,0,0,0,0,0,0,0,0,0,0,0,0
COL9A1,0,0,0,0,0,0,0,0,0,0,0,0,0,0,0,0,0,0,0,0,0,0,5,0
COL9A2,1,0,4,9,1,0,0,0,0,0,0,0,1,7,0,0,1,0,1,0,1,6,4,11
COL9A3,62,0,69,3,6,220,0,0,1,0,0,2,0,0,2,0,0,50,1,12,140,1,159,0
COMP,0,0,0,0,0,0,0,0,0,0,0,0,0,0,0,0,0,0,0,0,0,0,0,0
CPT1A,3,3,10,24,12,8,23,14,13,17,16,15,7,32,11,13,17,5,14,25,26,39,3,16
CPT1B,1,0,0,1,1,1,1,0,0,1,0,0,0,0,0,1,2,0,0,0,1,1,0,0
CPT1C,0,19,0,0,0,0,0,3,0,1,0,2,0,4,0,1,0,0,1,0,0,0,1,0
CPT2,7,9,9,9,5,4,11,11,5,3,6,4,5,11,7,3,4,13,7,9,4,10,7,9
CREB1,5,6,4,6,6,4,4,4,6,5,3,3,3,6,5,7,7,3,5,5,4,4,4,5
CREB3,18,16,24,36,11,15,14,45,16,27,18,46,20,28,19,22,52,12,24,14,18,31,20,18
CREB3L1,0,1,0,0,0,0,3,11,0,2,1,0,1,0,0,20,0,0,15,0,16,0,0,4
CREB3L2,25,4,10,7,18,20,5,6,6,7,7,3,13,2,12,15,5,9,4,12,4,3,16,8
CREB3L3,0,0,0,0,0,0,0,0,0,0,0,0,8,0,0,0,0,0,0,0,0,0,0,0
CREB3L4,5,5,7,3,3,3,4,3,3,1,7,6,5,10,1,5,2,3,7,4,8,76,3,36
CREB5,1,0,0,0,0,1,0,3,0,0,0,3,0,2,4,0,1,0,3,0,0,0,10,0
CREBBP,5,8,7,3,7,11,12,7,3,7,3,6,6,5,6,5,13,6,3,7,18,7,3,6
CRK,35,29,34,19,33,29,26,33,24,25,28,37,23,19,27,23,17,21,19,29,11,21,22,29
CRKL,17,30,13,48,27,19,21,16,15,26,16,23,626,30,23,15,28,19,12,22,52,20,18,27
CRTC2,15,16,21,12,9,13,10,19,11,9,12,31,11,13,9,9,13,21,9,10,14,16,11,9
CSF1R,0,0,0,0,0,0,0,0,0,3,0,0,5,0,0,0,0,0,0,0,0,0,0,0
CSF3,0,0,0,0,0,0,0,12,0,0,0,0,0,0,0,0,0,0,0,0,0,0,0,0
CSNK1A1,17,18,28,26,26,23,24,19,17,19,27,16,10,18,20,16,25,18,17,24,38,29,16,23
CSNK1D,11,11,13,17,17,13,10,8,12,13,13,16,32,30,14,12,15,14,25,19,18,21,9,23
CSNK1E,25,23,17,16,27,25,12,16,9,18,66,17,8,12,36,20,16,21,16,35,15,14,20,27
CSNK1G1,4,3,5,4,5,3,6,6,2,4,5,3,2,7,6,5,3,3,3,5,6,4,2,2
CSNK1G2,7,27,13,6,27,19,20,15,11,9,9,20,12,11,23,15,20,18,13,27,17,11,18,16
CSNK1G3,7,8,11,10,15,12,6,4,7,7,8,6,6,8,15,8,10,7,7,10,15,6,9,7
CSNK2A2,12,14,19,22,15,11,25,8,22,22,9,11,13,10,27,9,15,11,14,35,15,6,10,5
CSNK2B,12,10,7,11,10,12,8,6,5,8,4,16,13,7,13,9,7,12,5,9,13,11,9,5
CTBP1,12,14,12,25,15,9,14,16,13,12,17,7,14,15,16,9,18,11,16,18,23,16,8,26
CTBP2,7,13,9,19,17,7,16,5,10,12,17,6,7,19,8,7,9,10,4,12,13,7,4,8
CTF1,0,5,0,2,1,0,0,0,0,2,0,0,1,0,0,0,0,0,3,1,0,5,0,0
CTNNA1,86,33,80,79,46,102,78,31,55,71,73,34,57,70,38,44,114,80,57,32,69,51,52,43
CTNNA2,0,2,0,0,0,0,0,0,0,0,0,0,0,3,0,0,0,0,0,0,0,0,0,0
CTNNB1,97,53,69,43,46,82,40,40,31,44,60,33,27,74,50,79,34,149,47,44,20,54,59,50
CTNNBIP1,10,4,9,12,8,6,4,3,1,13,4,3,9,9,3,8,3,14,9,14,10,11,6,5
CTNND2,0,0,0,0,0,0,0,0,2,0,0,0,0,1,0,0,0,0,0,0,0,0,0,8
CTSD,68,18,45,69,21,143,40,191,73,62,262,26,64,47,50,108,245,179,291,40,110,591,34,36
CUL1,39,43,35,33,20,30,43,42,42,31,21,52,38,30,51,23,16,23,27,38,25,13,34,32
CUL3,8,10,7,8,9,9,8,8,9,8,6,15,7,9,8,8,10,6,9,9,8,7,10,10
CX3CL1,1,0,0,0,0,1,0,0,0,0,0,0,0,6,0,0,0,0,2,0,5,0,3,0
CX3CR1,0,0,0,0,0,0,0,0,0,0,0,0,0,0,0,0,0,0,0,0,0,0,0,0
CXCL1,115,0,26,20,1,62,9,79,134,0,69,38,29,36,0,25,67,17,11,1,4,0,3,0
CXCL12,0,0,0,0,0,0,0,0,0,0,0,0,0,0,0,5,0,0,0,0,0,41,0,0
CXCL14,0,0,0,0,0,3,2,8,0,0,0,0,0,0,0,0,0,0,0,0,0,0,0,0
CXCL16,1,12,1,22,22,3,23,6,4,13,23,2,8,5,25,0,2,0,1,5,22,24,3,6
CXCL2,2,0,0,2,1,0,3,80,9,0,28,19,2,3,0,3,6,0,4,1,2,0,0,0
CXCL3,3,0,1,0,0,0,4,25,1,0,19,0,1,0,0,0,0,0,1,2,1,0,0,0
CXCR4,0,1,0,23,0,0,1,2,0,0,0,2,0,0,0,0,0,0,0,0,0,0,1,0
CXCR5,0,0,0,0,0,0,0,0,0,0,0,0,0,0,0,0,0,0,0,0,0,0,0,0
CXXC4,0,66,0,0,0,0,0,0,0,0,0,0,1,0,0,0,0,0,0,0,0,0,0,0
CYCS,80,72,47,29,58,78,86,120,118,106,86,88,130,53,30,42,19,50,60,92,24,57,145,63
CYLD,1,1,2,1,2,2,1,2,0,5,1,2,0,0,5,5,1,1,3,3,2,2,1,1
CYP17A1,0,0,0,0,0,0,0,0,0,0,0,0,0,0,0,0,0,0,0,0,0,0,0,0
CYP27A1,21,0,2,1,0,9,0,0,0,0,0,0,1,0,0,13,0,25,5,3,1,0,42,0
CYTH1,7,4,4,5,5,3,4,3,6,4,8,6,7,11,2,6,7,6,8,8,8,6,2,4
CYTH2,7,7,7,4,11,4,5,3,2,11,10,4,24,8,6,7,13,6,5,4,11,10,5,8
CYTH3,8,2,6,4,7,18,13,11,4,20,3,4,4,55,5,18,16,31,10,5,14,1,20,13
DAAM1,0,0,0,2,2,3,1,1,0,5,3,2,1,6,0,2,2,3,4,4,2,10,4,8
DAAM2,24,0,8,0,0,25,0,0,0,0,3,0,0,0,0,7,6,43,0,0,0,0,31,0
DAB2IP,6,14,6,5,4,5,5,6,1,6,5,1,5,14,6,2,10,10,3,5,20,23,6,4
DAXX,45,31,24,23,13,30,22,22,14,16,10,42,18,21,18,21,17,33,14,13,7,25,13,24
DBI,45,41,36,52,18,65,62,57,76,49,39,27,87,23,18,62,38,83,34,14,12,65,86,59
DCHS2,0,0,0,0,0,0,0,0,0,0,0,0,0,0,0,0,0,0,0,0,0,0,0,0
DDB2,3,7,17,13,9,15,14,4,5,7,8,15,2,4,6,4,3,5,5,4,5,14,21,1
DDIT3,11,13,11,12,81,24,16,21,8,12,20,19,35,19,58,49,10,11,16,73,34,17,22,16
DDIT4,126,69,96,47,206,58,20,33,55,88,205,9,13,10,22,82,17,30,8,82,108,9,21,9
DDX58,2,5,0,9,5,2,4,9,2,24,2,1,0,9,2,8,2,2,10,1,55,2,1,2
DEPDC5,1,3,1,1,2,2,3,1,1,2,1,1,1,2,3,1,1,3,1,2,1,1,1,2
DHH,0,0,0,0,0,0,0,0,0,0,0,0,0,0,0,0,0,0,0,0,0,0,0,0
DHX33,24,18,18,5,13,11,18,17,19,9,14,24,5,6,21,8,3,19,7,27,9,6,14,7
DHX58,1,1,1,1,0,2,3,1,1,2,2,0,0,0,0,4,2,4,6,0,22,5,2,0
DIAPH1,24,26,46,56,22,27,50,32,29,31,35,39,26,32,25,16,28,41,18,25,53,29,17,35
DISP1,3,0,1,0,2,1,0,1,3,0,0,0,1,1,0,1,2,0,5,0,1,1,0,1
DKK1,33,70,41,238,22,43,53,23,2,6,3,100,68,0,0,6,12,9,11,0,2,1,0,0
DKK2,1,2,0,0,0,0,0,0,0,0,0,0,0,2,0,1,0,0,0,0,0,0,0,0
DLG1,5,30,3,20,13,9,9,7,4,9,7,4,4,20,7,16,30,5,13,10,8,23,4,6
DLG2,0,1,0,0,0,0,0,0,4,0,0,0,0,0,0,0,0,0,0,0,0,2,0,0
DLG4,5,13,5,0,4,3,0,10,0,3,0,5,0,3,9,6,1,2,3,4,2,5,3,0
DLG5,6,8,6,15,12,3,6,12,6,14,14,3,10,22,11,5,14,5,10,11,83,29,2,11
DLL1,0,0,0,1,2,0,2,1,0,0,0,0,0,0,5,2,0,0,0,0,1,3,0,1
DLL3,1,3,1,2,0,1,0,1,2,1,0,2,1,12,0,0,0,37,0,0,0,0,3,1
DLL4,0,0,0,0,0,0,0,0,0,0,0,0,0,0,0,3,0,0,0,2,0,0,0,0
DNM1L,18,28,29,18,14,16,25,30,13,13,11,29,13,30,18,10,60,17,11,18,11,14,22,21
DOCK2,0,0,0,0,0,0,0,1,0,0,0,0,0,0,0,2,1,0,4,0,0,0,0,0
DOCK4,3,0,6,1,0,3,0,2,2,1,3,0,0,3,2,1,0,2,2,3,0,0,5,1
DRD1,0,0,0,0,0,0,0,0,0,0,0,0,0,0,0,0,0,0,0,0,0,0,0,0
DRD2,0,0,0,0,0,0,0,0,0,0,0,0,0,0,0,1,0,0,0,0,6,0,0,0
DRD5,0,0,0,0,0,0,0,0,0,0,0,0,0,0,0,0,0,0,0,0,0,0,0,0
DTX1,0,0,2,0,0,0,0,0,1,0,1,0,3,0,0,0,2,1,0,0,0,0,0,0
DTX3,6,3,8,3,0,5,0,5,1,3,4,4,1,11,0,8,1,0,6,10,11,9,0,7
DTX3L,5,19,6,27,7,7,15,24,3,21,8,1,3,39,7,21,10,11,18,10,55,3,4,7
DTX4,0,3,0,4,2,0,12,3,0,19,5,1,5,7,2,0,3,0,0,0,27,0,1,0
DUSP1,3,2,7,37,6,8,19,35,38,41,37,12,8,12,4,11,150,6,13,15,13,3,20,8
DUSP10,9,0,16,10,1,15,2,7,0,3,5,1,3,9,0,9,14,30,7,0,7,1,15,0
DUSP16,3,10,3,7,7,3,11,13,3,8,9,7,3,13,7,3,3,4,5,7,14,5,4,10
DUSP2,1,3,1,1,5,0,6,0,5,0,2,22,0,2,6,0,0,2,1,9,17,0,6,8
DUSP3,11,9,9,10,11,16,8,21,14,14,13,16,8,19,28,11,21,20,14,19,30,35,16,7
DUSP4,49,0,37,13,37,39,11,14,21,1,74,8,21,2,0,33,3,63,22,22,3,10,37,1
DUSP5,3,1,8,26,85,4,17,9,6,8,32,5,38,5,38,5,6,5,25,14,35,4,4,0
DUSP6,29,57,38,8,119,32,10,1,5,0,16,17,33,2,54,21,1,32,5,50,10,0,63,0
DUSP7,4,7,7,2,4,6,4,4,3,3,3,4,1,1,13,7,3,6,2,6,3,1,3,5
DUSP8,0,0,0,1,4,0,1,2,0,0,0,1,0,3,3,0,2,0,1,3,5,3,0,2
DVL1,15,19,20,14,42,13,23,20,18,14,24,17,21,32,39,23,43,25,37,34,51,15,21,29
DVL3,15,22,10,33,13,22,15,9,8,16,9,5,19,28,23,25,20,26,16,17,24,59,14,19
E2F4,31,35,42,21,25,35,30,18,35,37,16,26,29,30,35,21,18,23,25,67,25,19,17,11
E2F5,3,6,1,3,5,0,2,1,2,1,3,1,1,6,7,1,2,0,2,5,5,3,1,3
EBAG9,4,4,3,5,11,4,7,2,3,9,5,4,4,6,8,5,5,3,5,8,7,7,4,5
ECSIT,5,20,19,10,5,14,18,8,16,16,12,8,8,8,11,13,9,10,2,13,2,12,16,20
EDARADD,1,0,0,1,0,0,0,0,0,0,0,1,2,0,0,0,0,0,0,0,0,2,0,2
EDN1,0,0,0,4,0,0,7,0,3,3,1,1,6,1,0,0,31,0,0,0,7,112,0,0
EDN2,0,0,0,2,0,0,0,0,0,3,0,0,0,13,0,0,4,0,0,0,1,0,0,0
EDN3,0,0,0,0,0,0,0,0,0,0,0,0,0,0,0,0,0,0,0,0,0,0,0,0
EDNRB,24,0,13,0,0,30,0,0,0,0,0,0,0,0,0,0,0,34,0,0,0,0,18,0
EEF2,495,830,740,256,794,535,873,388,661,210,587,624,180,265,1811,351,372,526,257,640,303,517,538,611
EEF2K,5,6,6,1,8,2,6,5,7,12,5,3,4,4,7,6,7,4,4,7,4,4,6,5
EFCAB7,1,1,2,1,1,1,1,2,1,1,1,1,0,1,1,1,1,2,2,2,0,1,3,1
EFNA1,3,2,11,26,6,4,6,4,5,19,17,50,3,16,1,1,13,0,7,10,15,21,4,13
EFNA2,0,1,0,0,5,0,4,0,0,0,0,0,1,0,0,0,0,0,0,3,3,0,0,0
EFNA3,0,3,0,1,5,1,5,1,1,1,1,4,1,1,6,0,1,0,0,0,2,13,1,0
EFNA4,5,9,6,12,5,4,7,4,6,7,5,5,8,18,6,2,6,3,6,0,7,16,3,1
EFNA5,1,1,1,2,0,2,0,2,7,9,7,3,1,9,1,0,4,1,4,0,8,1,5,0
EGFR,0,1,1,25,12,0,11,14,4,37,7,8,0,11,4,10,22,0,34,0,11,1,2,2
EGLN2,3,3,2,2,1,3,2,1,1,4,2,2,8,2,2,3,4,4,2,1,3,6,3,3
EGLN3,0,0,0,3,0,0,1,2,2,6,5,0,8,9,0,0,0,0,6,1,1,0,0,0
EGR1,3,18,15,33,107,14,30,5,4,5,6,60,16,9,75,10,179,22,11,125,64,0,22,3
EGR2,0,0,0,0,1,0,0,2,0,0,0,0,0,0,0,3,0,0,0,1,0,0,1,0
EGR3,2,0,7,0,2,5,0,0,0,0,0,0,0,0,6,0,0,2,0,5,0,0,6,0
EHHADH,2,0,1,12,3,2,4,1,1,1,3,0,4,4,1,5,2,2,3,1,2,9,4,0
EI24,41,44,54,18,37,36,49,20,40,73,29,42,29,19,24,33,49,26,42,39,51,102,34,63
EIF4B,75,141,138,45,214,77,238,58,121,45,88,77,54,65,193,58,62,64,66,195,89,122,72,143
EIF4E,9,12,8,6,9,7,7,6,10,8,8,7,9,8,6,5,9,5,4,3,4,6,4,12
EIF4E1B,0,0,0,0,0,0,0,0,0,0,0,0,0,0,0,0,0,0,0,0,0,0,0,0
EIF4E2,11,12,10,8,7,12,7,12,13,9,8,10,11,12,5,15,15,11,13,7,9,7,10,10
EIF4EBP1,154,114,112,20,59,80,39,40,47,34,120,38,75,51,79,110,28,73,17,112,176,47,277,42
ELAVL1,17,24,15,12,16,13,13,10,13,10,8,16,12,14,20,8,17,13,9,18,8,12,15,11
ELF5,0,0,0,0,0,0,0,0,0,0,0,0,0,0,0,1,0,0,0,0,0,36,0,1
ELMO1,0,0,8,0,0,2,0,0,1,0,0,0,0,0,0,0,0,0,3,0,0,0,1,0
ENAH,17,24,22,14,12,19,6,17,19,15,4,8,10,41,1,10,20,12,11,7,8,17,29,13
ENO1,695,615,898,185,292,717,398,495,1039,635,646,528,487,732,290,494,814,1154,803,400,151,351,1122,318
ENO2,17,3,11,50,13,30,15,55,2,3,2,5,5,5,38,24,4,56,13,13,18,2,7,3
ENO3,3,20,2,6,4,2,2,4,1,1,1,15,2,1,1,2,1,2,2,11,2,2,1,1
ENO4,0,0,0,0,0,0,0,0,0,0,0,0,0,0,0,0,0,0,0,0,0,0,0,0
EP300,9,27,10,0,10,13,14,9,5,15,9,13,5,10,6,11,19,15,7,14,14,11,9,24
EPHA2,20,17,44,48,45,18,43,20,19,51,53,97,23,104,31,37,78,3,80,88,97,0,8,0
EPO,0,0,0,0,0,0,0,0,0,0,0,0,0,0,0,0,0,0,0,0,0,0,0,0
EPOR,1,13,3,6,9,1,2,3,1,2,1,4,0,5,4,6,2,4,2,5,3,6,3,2
ERBB2,6,11,6,6,8,7,14,3,4,23,12,2,7,8,9,5,564,5,3,4,25,25,5,3
ERBB3,58,0,70,9,8,54,45,0,0,5,15,0,4,13,1,0,0,25,1,30,56,51,29,3
ERBB4,0,0,0,0,0,0,0,0,0,0,0,0,0,5,0,0,1,0,0,0,0,3,0,0
EREG,0,0,0,1,158,0,17,52,0,0,29,14,0,0,0,24,0,0,154,5,0,0,0,0
ESR1,0,0,0,0,0,0,0,0,0,0,0,0,0,0,0,0,5,0,0,0,0,17,0,0
ESR2,0,0,0,0,0,0,0,0,0,0,0,0,0,0,0,0,0,0,0,0,0,0,0,0
ETS1,15,0,12,2,2,21,1,15,3,11,1,29,2,7,28,18,13,28,22,23,10,0,16,0
ETS2,2,0,4,8,18,4,35,8,3,19,61,1,14,7,9,6,13,2,7,24,52,0,2,2
EVC,4,4,5,5,0,3,0,11,1,2,0,2,0,1,17,18,7,4,11,0,0,1,3,3
EVC2,1,0,0,2,0,0,0,0,0,0,0,1,0,0,0,1,0,0,2,0,0,0,0,0
EVL,0,4,1,2,1,1,0,2,4,2,2,0,0,3,0,2,4,0,0,0,0,4,2,7
EXOC2,13,8,5,7,12,6,7,6,8,5,8,17,10,7,10,10,14,11,9,14,11,11,6,1
EXOC7,8,8,8,7,14,6,5,4,6,7,5,8,6,14,18,8,10,9,12,16,23,18,5,12
F2R,28,3,20,1,12,74,9,3,1,3,1,6,5,17,0,95,34,32,15,0,13,0,41,14
F3,2,0,2,142,18,2,34,4,2,36,150,0,9,4,1,32,191,1,16,1,4,0,1,2
FABP3,3,3,2,1,0,1,1,0,0,0,0,0,1,0,0,6,2,20,0,0,9,1,2,0
FADD,12,9,15,10,14,12,11,9,7,7,12,20,12,9,11,8,9,31,17,26,23,14,7,7
FADS2,2,35,3,37,1,1,0,4,9,6,0,0,18,17,0,8,10,4,10,1,15,3,0,9
FARP2,8,7,4,2,2,8,4,3,4,2,1,4,2,3,3,3,5,12,1,2,7,1,19,4
FAS,4,2,4,9,5,5,12,4,4,2,6,5,0,2,7,6,1,0,3,0,2,6,4,23
FASN,59,91,86,60,40,55,59,32,100,44,70,35,41,64,46,15,30,185,35,35,74,125,58,305
FAT4,1,0,0,0,0,0,0,0,1,1,0,1,0,0,0,0,1,0,5,0,0,0,0,0
FBP1,0,0,0,20,0,0,19,0,0,0,0,0,0,0,0,0,0,0,0,0,5,23,0,15
FBXO25,1,0,1,3,2,1,3,1,0,0,3,1,2,3,3,3,2,3,1,5,2,1,1,9
FBXO32,4,0,3,0,0,4,1,12,0,5,0,0,0,1,3,13,0,10,2,0,1,6,6,0
FBXW11,14,15,20,16,16,18,12,27,11,14,12,16,11,18,19,13,17,22,24,17,22,15,9,30
FFAR2,0,0,0,0,0,0,0,0,0,0,0,0,0,0,0,0,0,0,0,0,0,0,0,3
FGF1,0,0,0,0,0,1,0,0,0,0,0,0,0,0,0,4,0,0,0,0,0,0,0,0
FGF10,0,3,0,0,0,0,0,0,0,0,0,0,0,0,0,0,0,0,0,0,0,0,0,0
FGF17,0,0,0,0,1,0,0,0,0,0,0,0,0,0,1,0,0,0,0,1,0,0,0,0
FGF18,0,9,0,2,1,0,0,1,0,0,0,0,2,36,0,0,24,0,0,4,11,0,0,0
FGF19,0,0,0,3,57,0,0,0,0,0,0,0,0,0,0,0,0,0,0,57,200,0,0,0
FGF2,4,4,3,2,3,3,7,19,7,16,0,2,0,1,0,3,42,0,0,0,0,0,2,0
FGF20,0,7,0,0,0,0,0,0,0,0,0,0,0,0,0,0,0,0,0,0,0,0,0,0
FGF22,0,0,0,0,0,0,0,0,0,0,0,0,0,0,0,0,0,0,0,0,0,0,0,0
FGF3,0,0,0,0,0,0,0,0,0,0,0,0,0,0,0,0,0,0,0,42,0,0,0,0
FGF4,0,0,0,0,0,0,0,0,0,0,0,0,0,0,0,0,0,0,0,0,0,0,0,0
FGF5,0,4,0,0,0,0,0,0,0,0,0,3,0,0,0,2,0,0,7,0,0,0,0,0
FGF6,0,0,0,0,0,0,0,0,0,0,0,0,0,0,0,0,0,0,0,0,0,0,0,0
FGF8,0,0,0,0,0,0,0,0,0,0,0,0,0,0,0,0,0,0,0,0,0,0,0,0
FGF9,0,0,0,0,1,0,3,0,0,0,0,0,0,1,0,0,0,0,0,1,0,0,0,0
FGFR1,1,20,2,0,9,1,4,10,2,4,0,4,1,4,14,15,13,1,9,6,1,2,3,1
FGFR2,0,0,0,10,4,0,1,2,0,11,0,0,12,11,1,0,2,0,0,0,0,11,0,0
FGFR3,3,3,2,4,7,1,5,0,2,1,0,1,8,5,6,0,7,0,0,0,13,11,2,5
FGFR4,5,8,3,5,9,5,13,5,1,3,1,6,9,9,2,2,9,2,1,16,13,6,4,1
FGR,0,0,0,0,0,0,0,0,0,0,0,0,0,0,0,0,0,0,0,0,0,0,0,0
FLCN,3,2,2,2,2,2,2,3,1,3,1,3,4,5,4,3,1,4,4,2,2,4,4,4
FLNB,40,7,22,60,18,17,67,36,53,77,55,9,34,25,28,32,40,9,30,49,56,44,6,58
FLNC,1,12,0,8,11,0,0,6,0,3,21,0,2,4,0,1,0,0,14,1,7,0,0,1
FLOT1,60,35,17,83,25,44,41,41,31,39,23,57,51,25,49,53,40,88,46,30,51,41,33,28
FLOT2,33,31,26,22,22,20,40,32,31,39,55,18,73,32,19,30,67,39,34,22,30,33,12,50
FLT1,2,0,3,0,0,12,0,0,0,0,0,0,0,0,0,1,0,0,0,0,0,0,0,0
FLT3,0,0,0,0,0,0,0,0,0,0,0,0,0,0,0,0,0,0,0,0,2,0,0,0
FLT3LG,0,0,0,0,0,0,0,0,0,0,0,0,0,0,0,2,0,0,0,0,0,0,0,0
FLT4,0,1,0,0,0,0,0,4,1,0,0,1,0,0,0,0,0,0,0,0,0,7,0,0
FN1,159,0,22,75,1,516,1,73,153,39,0,1,777,10,0,652,140,435,41,0,9,3,69,0
FNIP1,3,3,3,6,5,5,7,6,1,4,2,3,3,4,18,5,5,6,7,3,11,5,4,4
FNIP2,2,2,1,0,0,2,4,2,0,1,0,0,5,1,2,1,2,6,1,2,3,1,1,13
FOS,3,2,24,7,28,48,80,1,76,46,15,70,22,15,2,24,120,75,12,58,45,0,131,15
FOSB,0,1,7,0,2,7,11,0,2,19,0,9,1,0,7,4,20,6,1,18,2,0,35,3
FOSL1,93,0,85,8,30,117,23,103,15,8,9,26,4,0,203,87,34,118,138,60,10,0,41,0
FOXO1,2,0,2,2,3,2,7,1,1,0,4,0,4,3,2,0,4,0,1,0,2,0,2,0
FOXO3,6,4,4,2,11,3,4,8,1,5,5,4,2,10,10,7,9,4,8,8,10,5,4,16
FRAT1,0,1,3,0,0,0,1,0,0,0,1,0,0,2,1,0,0,0,0,1,1,7,0,1
FRAT2,5,6,8,3,4,2,6,2,5,3,7,1,5,14,8,2,2,4,1,6,9,18,1,10
FRMD1,0,0,0,0,0,0,0,0,0,0,0,0,0,0,0,0,0,0,0,0,0,0,0,0
FRMD6,12,3,15,2,2,23,0,3,9,7,1,8,0,0,21,22,6,9,17,0,0,0,44,0
FRS2,4,4,5,3,5,4,5,4,2,6,3,7,2,6,7,4,7,3,2,3,5,14,4,7
FST,0,0,84,3,0,108,0,12,1,0,4,0,0,49,0,0,0,1,0,0,0,0,5,0
FXYD1,0,0,0,0,0,0,0,0,0,0,0,0,0,0,0,0,0,0,0,0,0,0,0,0
FXYD2,0,0,0,0,0,0,0,0,0,0,0,0,0,0,0,0,0,0,0,0,0,0,0,0
FYN,14,0,6,5,4,7,1,2,0,1,0,1,5,3,5,10,3,12,4,44,3,0,26,1
FZD1,5,1,6,2,1,10,5,7,1,4,2,1,1,2,0,5,4,1,1,0,5,2,9,2
FZD10,0,0,0,0,0,0,0,0,0,0,14,0,0,0,0,0,0,0,0,4,0,0,0,0
FZD2,4,73,5,7,5,5,1,5,2,12,1,2,1,6,2,9,20,1,3,0,4,6,0,1
FZD3,1,2,0,0,3,0,2,0,1,0,2,0,1,2,2,1,2,1,0,2,1,1,2,2
FZD4,0,1,3,1,3,6,1,1,1,1,0,0,14,2,1,1,1,0,1,0,6,6,2,53
FZD5,0,4,0,1,3,1,6,1,5,2,3,1,25,1,6,0,3,1,0,4,7,0,3,6
FZD6,26,2,16,22,36,23,8,14,5,38,10,7,7,21,33,20,33,20,12,5,25,0,29,8
FZD7,3,10,12,2,8,14,6,3,4,3,3,2,3,5,4,9,11,4,11,0,15,2,10,0
FZD8,8,14,6,1,0,11,0,5,3,0,0,1,10,2,1,1,1,0,1,0,0,0,2,5
FZD9,3,1,1,1,0,0,1,3,1,0,0,0,0,0,0,0,0,0,0,1,0,0,1,0
G6PC3,20,25,28,3,5,16,8,7,26,13,16,15,16,8,8,5,11,17,15,6,11,28,30,25
GAB1,1,1,0,1,1,1,2,1,0,5,0,0,0,1,0,1,1,1,1,0,2,2,0,1
GAB2,4,1,3,6,1,6,7,1,0,0,2,0,3,23,5,3,4,12,1,6,5,6,5,0
GABARAP,25,17,34,14,8,18,15,33,15,23,30,16,17,11,12,25,9,20,17,14,6,28,15,21
GABBR1,5,8,2,3,9,5,4,1,2,1,0,3,1,4,9,6,4,5,3,3,10,4,4,2
GABBR2,1,0,0,0,0,0,0,0,1,1,0,0,0,0,0,0,0,0,0,0,0,0,0,0
GADD45A,9,7,15,33,69,16,20,50,11,30,15,73,20,26,31,40,49,16,59,73,7,1,31,11
GADD45B,2,4,3,4,10,12,3,5,5,10,11,16,8,3,8,12,27,5,6,15,21,10,5,1
GADD45G,0,0,0,0,0,0,0,4,3,0,2,0,5,1,0,0,0,0,0,0,0,2,0,5
GAPDH,1802,899,2170,2921,691,2087,1166,1872,1973,2013,1632,2313,855,936,979,911,704,2069,1293,641,403,363,2553,806
GAS1,11,0,1,0,0,9,0,15,1,3,0,0,0,31,0,2,0,3,0,0,1,0,2,0
GATA4,2,0,2,0,0,0,0,3,0,0,0,1,10,0,4,0,0,0,0,0,0,1,9,0
GCGR,0,0,0,0,0,0,0,0,0,0,0,0,0,0,0,0,0,0,0,0,0,0,0,0
GCK,0,0,0,0,0,0,0,0,0,0,0,0,0,0,0,0,0,0,0,0,0,0,0,0
GDF5,0,0,0,0,0,0,0,10,0,0,0,0,0,0,0,0,0,0,0,0,0,0,0,0
GDF6,0,0,0,0,0,0,0,0,0,1,0,0,0,0,0,0,1,0,0,0,0,0,0,0
GDF7,0,0,0,0,0,0,0,0,0,0,0,0,0,0,0,0,0,0,0,0,0,0,0,0
GDNF,1,0,4,0,0,16,0,0,0,0,0,0,0,0,0,3,0,2,0,0,0,0,21,0
GFAP,0,0,0,0,0,0,0,0,0,0,0,0,0,0,0,0,0,0,1,0,0,0,0,0
GH1,0,0,0,0,0,0,0,0,0,0,0,0,0,0,0,0,0,0,0,0,0,0,0,0
GHR,2,0,0,0,0,2,0,0,0,0,0,0,0,1,0,0,0,3,0,0,0,20,11,2
GHRL,0,0,0,0,0,0,0,0,0,0,0,0,0,0,0,0,0,0,0,0,0,0,0,0
GHSR,0,0,0,0,0,0,0,0,0,0,0,0,0,0,0,0,0,0,0,0,0,0,0,0
GLI1,0,9,0,0,2,0,0,0,0,0,0,0,0,0,0,1,0,0,0,0,0,0,0,0
GLI2,3,9,1,1,0,2,4,0,1,0,0,0,1,1,0,2,3,0,0,0,0,0,2,0
GLI3,6,5,3,1,0,5,0,3,2,4,0,0,0,6,0,8,1,2,1,0,0,3,7,4
GLP1R,0,0,0,0,0,0,0,0,0,0,0,0,0,0,0,0,0,0,0,0,0,0,0,0
GNA11,6,11,10,8,11,11,12,10,9,8,6,11,13,7,13,13,19,11,9,8,10,10,7,8
GNA12,14,10,9,5,8,10,9,39,12,19,8,11,5,7,10,26,9,9,33,10,11,12,11,16
GNA13,19,17,17,13,22,17,18,11,13,11,13,21,11,22,18,11,17,22,25,24,19,19,12,11
GNA14,0,1,0,0,0,0,0,0,0,0,0,0,0,0,0,0,0,0,0,0,0,0,0,1
GNA15,0,0,0,3,0,0,0,0,0,4,8,0,0,0,3,5,0,0,7,0,4,0,0,0
GNAI1,6,1,3,9,27,3,11,12,7,12,14,10,11,11,3,2,6,10,4,5,3,1,7,17
GNAI2,36,15,40,17,20,40,10,33,17,14,9,8,8,19,13,56,23,39,34,20,11,16,22,8
GNAI3,4,3,5,6,4,3,3,3,3,4,3,13,3,6,3,5,9,7,6,5,1,3,3,3
GNAL,0,0,0,1,1,0,1,1,1,0,2,2,0,0,4,0,0,1,0,0,0,0,0,0
GNAO1,0,0,2,0,0,1,0,0,0,4,0,0,0,0,0,4,0,0,0,0,0,0,2,0
GNAQ,13,13,12,6,12,9,10,12,8,20,8,4,7,20,13,8,20,11,4,7,20,10,17,13
GNAS,34,60,122,94,41,150,37,46,58,161,38,71,65,129,51,83,75,64,43,46,60,79,139,60
GNB1,62,60,55,63,73,48,37,45,42,63,43,63,67,95,49,62,88,94,87,76,59,39,51,110
GNB2,57,47,49,71,43,50,65,64,51,66,56,55,109,32,89,46,37,64,37,47,46,35,47,51
GNB3,3,2,2,1,1,2,1,2,1,0,0,1,0,0,2,1,1,1,0,1,0,0,0,0
GNB4,9,9,5,6,0,15,0,3,5,1,7,3,0,4,0,12,16,15,7,0,0,21,17,0
GNB5,3,1,2,2,3,3,2,4,7,2,2,1,1,1,2,4,5,2,4,1,4,1,1,1
GNG10,13,20,13,26,9,12,9,13,20,18,9,9,12,18,11,14,20,9,12,3,5,17,13,29
GNG11,28,0,12,15,0,15,4,16,18,4,0,78,1,3,0,66,42,34,7,0,0,96,15,0
GNG13,0,2,0,0,1,0,0,0,0,1,0,1,0,0,0,0,0,1,0,0,0,1,0,1
GNG4,5,1,8,1,4,2,1,0,0,1,0,1,0,0,0,0,0,0,0,32,0,0,0,7
GNG5,51,58,40,81,81,29,57,64,40,62,42,75,114,46,94,58,28,86,62,73,32,37,41,36
GNG7,1,1,1,0,6,3,0,0,0,0,0,0,0,0,1,2,0,4,0,0,1,0,4,1
GNG8,0,18,0,0,0,0,0,0,0,0,0,0,0,0,0,0,0,0,0,0,0,0,0,0
GNGT2,0,0,0,0,0,0,0,0,0,0,0,0,0,0,0,0,1,0,0,0,0,0,0,0
GPR161,4,1,4,3,3,7,3,3,0,1,0,0,1,5,3,3,7,22,4,0,1,1,1,0
GRB10,5,4,3,3,8,9,6,8,1,0,9,1,7,5,5,15,2,6,18,5,8,7,9,4
GRB2,31,33,29,31,42,25,21,16,28,30,25,28,27,32,27,21,26,35,29,37,24,36,27,23
GREM1,0,0,0,5,0,0,0,2,0,0,0,0,0,0,0,23,0,0,0,0,1,0,0,1
GRIA1,0,0,0,0,0,0,0,0,0,0,0,0,0,0,0,0,0,0,0,0,0,0,0,0
GRIA2,0,0,0,0,0,0,0,0,0,0,0,0,0,0,0,0,0,0,0,0,0,0,0,3
GRIA4,0,8,0,0,0,0,0,0,0,0,0,0,0,1,0,0,0,0,0,0,0,0,0,0
GRIN1,0,0,0,0,2,0,0,0,0,0,0,0,0,0,0,0,0,0,0,0,0,5,0,4
GRIN2A,0,0,0,0,0,0,0,0,0,0,0,0,0,0,0,0,0,0,0,0,0,0,0,0
GRIN2B,0,0,0,0,0,0,0,0,0,0,0,0,0,0,0,0,1,0,0,0,0,0,0,0
GRIN2C,0,0,0,0,0,0,0,0,0,0,0,0,0,0,0,0,0,0,0,0,0,0,0,0
GRIN2D,0,2,0,0,8,0,4,1,0,0,0,3,5,0,12,1,1,0,0,0,12,0,0,0
GRIN3A,0,3,0,0,0,0,0,0,0,0,0,0,0,0,0,0,0,0,0,0,0,0,0,1
GRIN3B,0,0,0,0,0,0,0,0,0,3,0,0,0,0,0,0,0,0,0,0,2,0,0,0
GRK1,0,0,0,0,0,0,0,0,0,0,0,0,0,0,0,0,0,0,0,0,0,0,0,0
GRK4,0,0,1,1,1,0,0,1,0,0,1,0,0,0,1,1,0,0,0,1,0,2,1,0
GRK5,1,0,5,0,1,2,0,1,0,2,0,0,1,0,0,1,0,3,1,1,3,0,2,0
GRK6,7,16,8,14,11,14,14,21,14,11,11,13,12,9,9,6,11,18,13,8,16,10,12,21
GRK7,0,0,0,0,0,0,0,0,0,0,0,0,0,0,0,0,0,0,0,0,0,0,0,0
GRM1,0,0,0,0,0,0,0,0,0,0,0,0,0,0,0,0,0,0,0,0,0,0,0,0
GRM2,0,0,0,0,0,0,0,0,0,0,0,0,0,0,0,0,0,0,0,0,0,0,0,0
GRM3,0,0,0,0,0,0,0,0,0,0,0,0,0,0,0,0,0,0,0,0,0,0,0,0
GRM4,0,0,0,0,0,0,0,0,0,0,0,0,0,0,0,0,0,0,0,0,0,0,0,0
GRM8,0,0,1,0,0,0,0,0,0,0,0,0,0,0,0,0,0,0,0,0,0,0,0,0
GSDMD,13,0,11,9,11,12,8,29,0,16,0,2,0,9,10,10,12,10,7,4,14,15,4,0
GSK3A,13,18,15,14,11,13,10,11,9,19,15,10,20,8,15,12,12,10,7,13,15,10,12,24
GSK3B,10,10,22,25,15,17,8,14,6,11,8,10,6,24,14,13,12,12,10,10,12,13,15,14
GTF2I,10,11,8,10,6,6,11,8,3,7,6,5,2,4,7,6,7,5,4,11,14,6,6,12
GTF2IRD1,4,3,4,8,6,2,11,8,6,7,10,1,2,7,10,2,8,4,4,23,32,6,3,3
GTSE1,18,21,14,20,4,21,19,9,11,22,7,18,7,8,4,7,18,25,7,4,3,12,15,18
GYS1,13,25,24,9,9,31,15,10,12,30,13,10,15,9,18,20,13,13,2,4,11,13,32,23
HBEGF,2,0,2,13,5,6,5,1,1,6,11,2,3,2,1,0,2,3,9,8,3,0,4,6
HCAR1,0,0,0,0,0,0,0,0,0,14,0,0,0,1,0,1,0,0,6,0,9,7,0,1
HCK,0,0,0,3,0,0,0,0,0,0,0,0,0,1,0,0,0,0,0,0,0,0,0,0
HDAC1,44,117,62,50,50,57,68,46,21,61,41,55,58,37,32,41,56,73,51,37,40,47,57,69
HDAC2,12,8,11,9,11,8,13,14,9,5,9,10,13,15,5,9,13,8,12,14,6,5,11,13
HDAC3,14,16,17,18,14,16,22,14,14,12,11,13,18,9,15,10,18,19,13,13,17,18,13,13
HDAC4,4,1,1,1,3,2,1,4,4,0,4,1,1,0,1,1,3,5,1,23,3,0,1,2
HDAC5,3,8,8,1,6,4,4,1,0,3,1,3,4,4,4,4,2,5,3,1,9,13,4,8
HES1,6,6,8,9,16,10,19,4,0,7,13,10,54,12,1,8,12,8,11,9,58,12,26,2
HES5,0,0,0,0,0,0,0,0,0,0,0,0,0,0,0,0,0,0,0,0,0,0,0,0
HEY1,22,4,3,0,1,10,1,0,0,0,4,0,1,1,11,1,1,33,0,1,0,0,14,0
HEY2,0,0,0,0,0,1,0,0,0,0,0,0,0,4,0,0,0,2,0,0,0,3,2,0
HEYL,0,4,0,3,4,0,1,0,0,0,0,2,0,1,0,0,1,0,0,0,3,0,0,0
HHAT,2,0,1,1,1,1,0,1,0,0,0,0,0,0,0,1,2,3,4,0,1,2,0,0
HHATL,0,0,0,0,0,0,0,0,0,0,0,0,0,0,0,0,0,0,0,0,0,0,0,0
HHIP,0,0,0,0,0,0,0,0,0,0,0,0,0,0,0,0,0,0,0,0,0,0,0,0
HIF1A,112,34,58,92,41,103,18,44,25,39,99,48,14,60,17,60,217,52,279,26,22,22,86,28
HK1,40,23,35,30,14,43,9,128,31,36,57,9,23,13,32,41,31,49,16,18,15,55,38,29
HKDC1,0,0,2,0,2,1,4,26,1,1,79,0,0,8,0,1,52,0,3,33,30,0,2,0
HMGCR,14,24,26,19,16,25,29,7,17,31,10,11,10,26,8,8,27,49,13,10,20,15,14,23
HMGCS1,17,21,12,37,10,15,34,6,20,41,11,15,21,76,6,9,36,74,35,8,14,33,7,87
HMOX1,3,5,6,17,7,5,2,25,14,25,16,39,0,0,12,16,28,12,6,0,1,3,7,0
HNF4A,0,0,0,0,0,0,22,0,0,0,0,0,12,0,0,0,0,0,0,12,7,0,0,0
HOMER1,2,5,4,5,7,3,5,3,1,3,4,4,0,6,4,1,4,1,1,8,5,3,3,0
HOMER2,0,2,1,3,0,1,0,2,1,2,2,0,0,1,0,2,4,2,0,3,1,1,1,16
HOMER3,8,3,13,5,12,13,4,15,2,13,2,4,3,13,18,14,11,7,9,7,4,3,6,2
HRAS,16,14,15,11,13,22,21,11,15,19,13,14,14,13,5,15,28,25,12,14,8,24,17,18
HRH1,1,0,1,1,2,1,1,17,1,1,1,1,0,3,5,8,4,0,3,1,2,0,0,0
HRH2,0,0,0,0,0,0,0,1,0,0,0,0,0,0,0,2,0,5,0,0,0,0,0,0
HSP90AA1,1104,358,497,822,380,576,284,335,1276,255,405,389,367,733,370,176,494,337,354,180,298,522,493,207
HSP90AB1,1150,1121,951,1333,610,1058,800,626,1488,482,627,1565,481,666,610,436,625,1070,442,390,474,710,665,859
HSP90B1,352,310,270,263,339,637,248,173,272,242,265,265,423,305,137,456,294,285,284,161,139,232,706,431
HSPA1A,76,0,20,51,0,8,0,54,58,56,7,31,57,31,1,13,35,31,19,5,1,31,17,2
HSPA1B,33,25,17,39,26,15,25,39,41,39,21,17,37,22,34,11,30,36,13,5,25,16,16,13
HSPA1L,0,0,0,0,0,0,0,0,0,0,0,1,0,1,0,0,0,0,0,0,1,0,0,0
HSPA2,1,0,1,10,0,6,0,3,1,36,0,4,2,4,0,2,23,0,1,2,0,1,21,0
HSPA6,0,0,1,0,0,0,0,1,0,0,0,2,0,0,0,0,0,1,0,0,0,0,1,0
HSPA8,875,533,647,505,359,539,589,540,681,236,315,433,425,362,394,267,413,456,442,266,359,609,456,524
HTR1A,0,0,0,0,0,0,0,0,0,0,0,0,0,0,0,0,0,0,0,0,0,0,0,0
HTR1B,0,0,0,0,0,0,0,0,1,0,0,4,0,0,0,3,0,0,1,0,0,0,0,0
HTR1E,0,0,0,0,0,0,0,0,0,0,0,0,0,0,0,0,0,0,0,0,0,0,0,0
HTR1F,0,1,0,0,0,0,0,0,0,0,0,0,0,0,0,0,0,0,0,0,0,0,0,0
HTR2A,0,0,0,0,0,0,0,0,0,0,0,0,0,0,0,0,0,0,0,0,0,0,0,0
HTR5A,0,0,0,0,0,0,0,0,0,0,0,0,0,0,0,0,0,0,0,0,0,0,0,0
HTR6,0,0,0,0,0,0,0,0,0,0,0,0,0,0,0,0,0,0,0,0,1,0,0,0
HTR7,4,0,9,0,6,3,0,0,0,0,0,0,0,0,0,3,0,3,3,0,0,0,3,0
ICAM1,15,0,11,84,3,31,0,29,0,3,1,45,1,2,21,34,0,28,18,0,2,0,77,1
ID1,29,22,60,73,183,36,52,5,61,114,143,74,16,255,2,18,297,11,109,26,459,27,116,32
ID2,2,17,4,23,33,9,68,1,30,7,14,52,25,111,0,8,24,20,7,9,124,6,15,33
ID4,1,55,1,11,0,4,0,0,0,7,3,4,0,44,0,0,64,12,0,0,42,1,16,35
IFIH1,1,3,0,4,3,1,4,7,0,18,2,1,0,1,1,10,1,4,8,3,39,2,1,4
IFNAR1,10,5,9,15,8,9,8,11,5,10,6,7,8,19,11,12,8,8,18,10,10,13,10,25
IFNAR2,6,4,2,3,5,2,4,4,2,1,1,4,6,3,9,2,4,3,4,4,7,0,5,3
IFNGR1,10,2,7,35,22,9,35,33,9,13,29,19,9,18,10,27,32,13,34,14,21,5,9,16
IFNGR2,37,20,25,26,22,32,11,36,9,16,13,32,23,21,30,20,12,27,27,24,17,10,37,27
IGF1R,8,0,16,2,2,8,7,9,6,2,10,15,9,0,6,2,5,7,2,7,15,11,7,35
IGF2,0,0,0,0,3,0,0,0,0,0,0,14,102,0,0,0,0,0,3,1,0,0,0,0
IGFBP3,30,0,17,8,0,73,2,60,21,206,17,0,0,118,0,7,214,6,125,4,50,0,99,30
IHH,0,0,0,0,0,0,7,0,0,0,0,0,5,0,0,0,0,0,0,0,0,0,0,13
IKBKB,5,3,4,2,4,3,5,3,4,1,7,4,7,5,10,5,5,5,6,7,7,10,4,9
IL10RA,0,0,0,0,0,0,0,0,0,0,0,0,0,0,0,0,0,0,0,0,0,0,0,0
IL10RB,8,4,5,16,5,8,9,12,5,8,6,2,9,18,8,12,7,11,15,8,12,7,6,5
IL11,2,1,3,1,1,2,0,0,0,1,0,0,0,0,12,1,0,0,0,1,1,0,0,0
IL11RA,1,3,1,0,3,3,4,1,1,2,0,2,0,1,0,1,2,1,1,3,1,2,2,1
IL12A,0,0,0,0,1,0,1,0,0,1,0,1,0,2,1,0,0,0,0,1,0,0,1,0
IL12B,0,0,0,0,0,0,0,0,0,0,0,0,0,0,0,0,0,0,0,0,0,0,0,0
IL12RB1,0,0,0,0,0,0,0,0,0,0,0,0,0,0,0,1,0,0,0,0,0,0,0,0
IL13,0,0,0,0,0,0,0,0,0,0,0,0,0,0,0,0,0,0,0,0,0,0,0,0
IL15,0,0,0,1,0,0,1,2,0,0,1,0,0,1,0,0,2,0,0,0,1,0,0,0
IL15RA,0,3,0,4,2,0,3,4,1,1,4,0,0,0,2,4,3,0,2,1,9,1,0,0
IL17B,0,0,0,0,0,0,0,0,0,0,0,0,0,0,0,0,0,0,0,0,0,0,1,0
IL17C,0,0,0,0,0,0,0,0,0,0,0,0,0,0,0,0,0,0,0,0,0,0,0,0
IL17D,0,0,0,0,0,0,0,0,0,0,0,0,0,0,2,0,0,1,0,0,0,0,0,0
IL17RA,3,3,2,9,4,2,3,4,2,2,2,1,1,1,5,2,4,5,3,2,5,4,2,1
IL17RB,1,1,1,4,5,0,17,1,1,1,2,1,2,3,5,0,1,0,3,17,2,15,0,7
IL17RC,4,3,6,6,2,8,3,7,3,7,2,1,2,3,3,8,3,5,6,2,3,19,3,13
IL1R1,0,0,0,13,3,1,0,4,3,7,1,1,6,34,0,13,17,0,2,0,1,5,2,5
IL1RAP,4,0,2,0,0,30,0,1,1,4,0,1,1,2,0,3,1,15,1,0,0,1,50,0
IL20RA,0,0,0,4,0,0,9,0,0,0,4,0,0,0,1,0,0,0,0,9,14,4,0,2
IL20RB,0,0,0,0,10,0,0,2,0,39,9,1,37,0,0,26,3,0,1,22,1,0,1,0
IL22RA1,0,0,1,2,0,0,6,0,3,1,1,0,0,0,0,1,0,1,2,0,13,0,0,0
IL27RA,9,6,11,13,17,5,4,14,3,11,1,8,1,3,21,3,1,2,4,8,3,6,11,0
IL2RB,0,0,0,0,0,0,0,0,0,0,0,0,0,0,0,0,0,0,0,0,0,0,0,0
IL3,0,0,0,0,0,0,0,0,0,0,0,0,0,0,0,0,0,0,0,0,0,0,0,0
IL4R,3,2,2,6,6,2,7,22,1,7,11,5,4,0,6,8,10,1,4,3,10,3,2,0
IL6R,1,0,4,0,2,5,0,4,1,2,1,1,2,1,1,0,2,23,4,4,3,1,4,1
IL6ST,21,7,18,14,10,25,8,31,7,15,6,36,22,12,11,35,19,16,43,4,7,30,15,9
ILK,4,8,5,2,15,5,3,4,3,2,4,3,2,3,17,10,7,5,6,28,18,7,2,3
INHBB,0,0,0,21,0,0,0,0,0,0,0,0,0,16,0,0,0,0,0,65,1,39,0,3
INS,0,0,0,0,0,0,0,0,0,0,0,0,0,0,0,0,0,0,0,0,0,0,0,0
INSR,0,4,2,1,6,1,8,2,0,0,1,1,3,1,7,0,1,1,1,2,5,0,2,1
INVS,3,4,3,2,4,4,3,2,4,3,2,2,1,3,6,4,6,3,2,3,3,1,3,3
IQCE,3,6,3,1,3,1,5,14,3,8,6,4,1,3,2,4,2,2,7,5,8,16,3,2
IRAK2,1,1,1,3,1,1,1,30,1,1,6,3,0,0,3,8,2,0,12,4,7,0,0,1
IRAK3,0,0,0,1,0,0,0,1,0,0,0,0,0,0,0,3,0,0,4,0,0,0,0,0
IRAK4,3,0,2,3,2,1,5,1,2,2,2,2,3,4,6,2,2,2,3,5,2,4,2,2
IRF1,1,17,1,6,2,0,3,4,0,5,2,4,2,1,1,15,4,1,6,6,10,0,0,1
IRF3,9,23,13,10,18,11,14,10,11,26,14,12,27,7,15,15,16,8,21,16,23,13,17,9
IRF5,0,0,0,7,3,0,3,2,0,1,2,1,0,0,8,0,1,0,0,3,1,2,0,1
IRF7,1,0,1,16,5,1,1,2,0,0,2,2,2,2,1,3,3,3,6,4,58,1,1,5
IRS1,3,2,2,1,24,4,12,22,4,1,0,5,7,2,2,10,2,2,8,3,80,3,3,2
IRS2,23,0,19,1,3,14,3,1,8,1,5,0,0,11,5,0,1,8,5,17,3,0,5,13
ITCH,8,9,17,11,18,12,10,16,8,30,12,17,8,22,24,19,21,12,12,18,23,13,12,17
ITGA1,11,6,6,0,0,4,0,0,0,5,0,0,1,0,0,7,2,2,4,0,0,0,0,1
ITGA11,0,0,0,0,0,1,0,0,0,0,0,0,0,0,0,61,0,0,17,0,0,0,0,0
ITGA2,8,0,10,19,25,10,8,13,1,8,15,28,6,2,3,6,1,1,86,5,27,5,5,0
ITGA3,37,0,34,156,98,51,7,36,1,67,44,8,17,35,9,67,124,24,283,5,97,6,9,3
ITGA4,7,0,6,0,0,29,0,1,0,25,0,0,0,0,0,20,1,0,0,0,0,0,24,0
ITGA5,14,20,25,3,10,45,0,15,5,7,5,9,5,6,24,43,7,1,29,4,0,1,36,0
ITGA6,75,2,66,10,30,138,53,11,27,134,16,18,13,8,4,22,37,49,94,95,29,4,86,22
ITGA7,3,1,1,5,2,0,1,1,0,0,0,0,1,1,4,9,1,6,0,11,4,0,0,0
ITGA9,0,0,3,0,0,12,2,0,0,0,0,0,0,0,0,0,0,0,0,0,0,0,7,0
ITGAV,24,105,12,27,15,29,8,33,12,41,8,31,12,45,7,47,53,11,55,4,16,10,18,10
ITGB1,194,176,82,326,195,177,43,113,90,273,282,159,122,159,395,485,367,141,423,93,73,44,64,48
ITGB2,0,0,0,5,0,0,0,0,0,6,0,0,0,0,0,0,1,0,2,0,1,0,0,0
ITGB3,23,0,59,0,0,58,0,0,0,0,0,0,0,2,0,7,9,8,3,0,0,0,54,0
ITGB4,1,0,1,66,60,0,45,5,1,29,76,0,4,5,0,0,42,0,31,91,271,27,0,0
ITGB5,42,6,34,63,17,68,9,7,25,21,9,9,25,67,11,81,34,40,46,27,41,29,62,14
ITGB8,9,0,6,12,0,9,1,3,1,9,0,0,1,55,0,0,3,4,5,0,3,0,17,0
ITPR1,1,1,1,7,1,6,0,4,2,0,3,3,4,0,2,3,0,2,2,0,0,2,1,12
ITPR2,6,0,4,0,1,3,3,1,1,4,0,8,0,4,3,2,3,4,1,4,1,3,4,1
ITPR3,24,3,18,26,38,26,26,34,16,12,26,10,17,8,158,19,39,34,21,46,39,12,23,15
JAG1,6,5,4,0,16,1,15,1,1,3,7,6,26,30,2,3,19,10,20,30,2,0,7,7
JAG2,0,7,0,9,10,0,9,2,5,11,17,7,0,3,16,0,14,0,2,19,14,10,0,10
JAK1,9,3,14,24,31,11,14,23,12,34,10,37,15,29,29,20,46,23,33,33,13,56,16,6
JAK2,1,1,1,0,3,1,3,5,1,2,1,0,0,1,2,2,1,1,8,1,2,1,3,0
JAK3,0,1,0,1,2,0,0,0,0,0,0,1,0,0,1,0,0,0,1,0,2,2,0,0
JMJD7-PLA2G4B,0,0,0,0,1,0,1,0,0,1,2,0,0,1,0,1,1,0,1,1,3,3,0,1
JUN,8,0,8,31,21,31,23,47,9,27,15,30,22,32,204,56,121,7,47,81,14,11,25,21
JUND,9,31,15,12,108,18,20,25,16,38,6,15,15,12,38,24,36,14,18,53,54,18,14,26
KAT2A,21,25,17,6,14,23,19,13,19,23,19,26,21,12,18,15,17,12,18,18,34,22,33,16
KCNJ12,0,4,0,2,1,0,0,0,1,0,0,0,0,0,0,0,0,0,0,0,0,0,0,1
KCNJ18,0,0,0,0,0,0,0,0,0,0,0,0,0,0,0,0,0,0,0,0,0,0,0,0
KCNJ2,0,0,0,0,0,0,0,0,0,0,0,0,7,0,0,0,0,0,0,0,0,0,0,0
KCNJ3,0,1,0,0,0,0,0,0,0,0,0,0,0,0,0,0,0,0,0,0,0,0,0,10
KCNJ4,0,1,0,2,0,0,2,0,0,0,0,0,0,0,0,0,0,0,0,0,10,0,0,0
KCNJ5,0,0,0,0,0,0,0,0,0,0,0,0,0,1,0,0,0,0,0,0,0,0,0,0
KCNJ6,0,0,0,0,0,0,0,0,0,0,0,0,0,0,0,0,0,0,0,0,0,0,0,0
KCNMA1,0,0,1,0,0,1,0,2,0,1,0,2,0,0,0,7,0,0,2,0,0,4,1,1
KCNMB3,0,0,0,0,0,0,0,0,0,0,0,0,1,0,0,0,0,0,0,0,1,0,0,0
KCNMB4,0,0,0,0,1,0,0,0,0,1,0,0,0,0,0,0,2,0,0,0,3,1,0,0
KDR,0,0,2,0,0,9,0,0,0,0,0,0,0,0,0,0,0,0,0,0,0,0,1,0
KIDINS220,6,6,6,8,6,7,6,10,7,6,6,7,6,9,7,8,7,8,9,9,8,5,7,10
KIF3A,3,3,6,6,5,4,4,1,4,4,2,4,2,6,7,3,8,4,4,4,9,6,5,6
KIF7,3,4,5,7,0,5,3,1,1,6,0,2,1,2,10,7,5,3,6,1,11,1,4,7
KIT,0,0,0,2,0,0,0,0,0,0,0,3,0,0,0,0,15,0,0,0,0,0,0,0
KITLG,2,2,0,5,247,3,23,1,5,9,4,1,20,0,0,3,2,2,18,0,5,11,2,3
KLF2,0,1,0,0,15,3,2,1,6,0,2,1,1,0,15,1,2,1,1,1,8,0,1,0
KLF4,1,0,5,3,20,6,17,11,16,6,13,3,15,3,2,12,3,2,9,10,20,1,6,2
KRAS,7,11,8,5,14,7,13,8,5,6,6,18,13,33,11,4,18,6,4,22,12,6,5,17
KRIT1,10,7,9,9,8,8,10,8,7,10,10,11,8,7,10,9,3,7,5,8,6,7,10,9
KRT15,0,0,0,0,2,0,0,0,0,5,2,0,0,0,0,0,0,0,1,2,5,19,0,0
KRT16,0,0,0,1,0,0,0,0,0,38,8,0,0,1,0,0,1,1,0,1,13,0,0,0
KRT18,27,1,51,353,201,7,429,38,184,642,236,605,329,277,32,12,42,2,45,478,607,535,16,52
KRT19,0,0,0,142,204,0,161,0,348,584,365,2,233,143,0,1,232,0,195,290,561,1634,0,27
KRT24,0,0,0,0,0,0,0,0,0,0,0,0,0,0,0,0,0,0,0,0,0,0,0,0
KRT32,0,0,0,0,0,0,0,0,0,0,0,0,0,0,0,0,0,0,0,0,0,0,0,0
KRT9,0,0,1,0,0,1,1,0,0,2,0,0,0,0,0,0,0,0,0,0,0,0,0,0
KSR1,0,1,0,1,2,0,1,1,0,1,3,0,1,2,1,0,2,0,1,0,2,0,0,0
KSR2,0,0,0,0,1,0,0,0,0,0,0,0,0,0,0,0,0,0,0,0,1,0,0,1
LAMA1,19,5,0,4,0,9,0,10,20,0,0,6,0,4,8,0,0,18,0,0,0,0,5,0
LAMA2,0,0,0,0,0,1,2,0,0,0,0,0,0,0,0,0,0,0,1,0,0,0,2,0
LAMA3,1,0,0,154,0,0,4,1,0,15,8,0,8,28,0,1,35,0,18,6,7,3,0,17
LAMA4,29,0,29,0,0,35,1,9,0,2,0,0,0,0,0,12,0,6,4,0,0,0,90,0
LAMA5,5,8,3,31,28,2,11,31,24,74,45,5,29,66,6,40,24,0,26,17,133,44,2,9
LAMB1,103,0,96,41,17,103,18,35,37,71,31,30,90,29,41,98,24,26,35,15,12,12,149,54
LAMB2,19,41,24,16,25,45,15,34,14,35,24,10,8,27,21,75,26,32,25,11,24,80,13,6
LAMB3,11,0,4,13,20,4,23,9,4,50,178,0,19,13,373,11,71,5,157,44,96,1,9,0
LAMC1,129,63,72,14,17,162,12,61,118,64,37,21,49,58,23,105,165,68,66,10,25,15,122,71
LAMC2,0,0,0,24,15,0,4,3,0,39,30,1,44,14,0,1,42,0,48,10,15,1,0,0
LAMC3,0,0,0,0,3,0,0,1,6,0,0,4,0,1,0,0,0,1,0,0,0,0,1,0
LAMTOR2,28,26,27,5,12,24,20,18,30,14,34,39,24,26,15,24,14,25,29,11,14,33,25,13
LAT,0,0,0,0,0,0,0,0,0,0,0,0,0,0,0,0,0,0,0,1,0,0,0,0
LATS1,6,3,5,3,5,3,5,8,2,5,4,12,3,5,6,5,6,2,4,5,4,4,3,6
LATS2,11,14,5,4,4,10,3,5,5,7,3,20,8,2,7,5,6,7,2,2,3,5,2,4
LCK,0,0,0,0,0,0,1,0,0,0,0,0,0,0,0,0,0,0,0,29,2,0,0,0
LCN2,0,0,0,78,27,0,3,11,0,20,37,0,0,2,0,0,4,0,4,0,325,0,0,0
LDHA,357,225,229,138,58,447,129,125,325,175,239,241,38,124,42,214,484,334,236,81,36,77,376,75
LDHAL6A,0,0,0,0,0,0,0,0,0,0,0,0,0,0,0,0,0,0,0,0,0,0,0,0
LDHB,372,399,394,156,191,365,478,401,418,147,386,520,299,377,290,172,119,335,202,311,136,0,516,350
LDHC,1,0,2,0,0,0,0,0,0,0,0,0,0,0,0,0,0,0,0,0,0,0,0,0
LEF1,26,0,9,0,0,13,5,1,0,0,0,0,0,0,10,3,0,20,0,0,92,0,23,24
LEP,0,0,0,0,0,0,0,0,0,0,0,0,0,0,0,0,0,0,0,0,0,0,0,0
LEPR,0,0,0,0,1,0,0,0,1,0,1,0,1,0,0,1,3,0,6,1,0,1,0,0
LFNG,2,0,2,1,1,2,2,2,0,8,1,1,2,13,0,7,3,0,8,7,8,2,0,1
LGR4,2,24,2,3,1,5,16,4,11,12,13,1,48,49,0,2,15,1,7,1,3,5,4,23
LGR5,0,1,0,0,0,0,97,0,0,0,0,0,1,2,0,0,0,0,0,8,0,0,0,0
LGR6,0,0,0,1,0,0,2,0,0,0,0,0,0,0,0,23,0,0,0,21,11,0,0,0
LHB,0,0,1,0,1,1,0,0,0,0,0,1,0,0,0,0,1,0,2,0,1,0,0,0
LHCGR,0,0,0,0,0,0,0,0,0,0,0,0,0,0,0,0,0,0,0,0,0,0,0,0
LIF,12,4,12,12,49,22,8,38,26,2,30,44,0,13,51,7,24,10,32,23,86,0,47,0
LIFR,0,0,2,1,4,4,0,2,6,1,1,6,3,2,0,0,3,0,4,0,0,0,3,9
LILRA4,0,0,0,0,0,0,0,0,0,0,0,0,0,0,0,0,0,0,0,0,0,0,0,0
LILRA6,0,0,0,0,0,0,0,0,0,0,0,0,0,0,0,0,0,0,0,0,0,0,0,0
LILRB4,0,0,0,0,0,0,0,0,0,0,0,0,0,0,0,0,0,0,0,0,0,0,0,0
LIMD1,2,4,1,1,5,4,5,5,4,5,4,2,0,2,6,13,1,5,3,6,2,3,3,5
LLGL1,9,11,10,3,9,10,6,8,4,5,7,7,4,10,11,8,6,7,4,3,6,4,6,6
LLGL2,0,1,0,11,20,0,13,1,2,13,18,1,10,8,3,0,10,0,2,16,29,25,0,4
LPAR1,2,0,0,3,4,8,0,7,0,5,4,1,0,1,0,33,4,0,8,1,0,4,2,1
LPAR2,0,0,2,8,6,3,4,8,0,7,6,1,5,5,2,2,6,1,6,3,3,6,2,1
LPAR3,5,1,7,7,16,6,0,3,0,0,0,2,0,7,0,0,1,10,1,0,0,0,0,0
LPAR5,0,0,0,2,1,0,2,0,0,3,2,0,0,0,0,0,0,0,0,2,6,0,0,0
LPIN1,2,5,5,2,1,6,3,5,5,2,3,2,1,6,12,8,3,14,4,1,2,1,3,5
LPIN2,4,6,6,4,4,4,6,5,3,6,4,8,8,10,11,5,12,3,7,14,39,0,3,10
LRP2,0,0,0,0,0,6,0,0,0,0,0,0,0,2,0,0,0,0,0,0,0,0,0,0
LRP5,11,14,10,14,16,7,14,10,15,24,20,5,41,11,14,1,10,12,59,55,45,16,10,11
LRP6,11,8,11,6,7,8,12,11,2,5,3,10,6,13,7,5,5,5,4,15,6,2,8,7
LSP1,0,0,0,0,0,0,0,0,0,0,0,0,0,0,0,0,0,0,0,0,0,0,0,0
LTA,0,0,0,0,0,0,0,0,0,0,0,0,0,0,0,0,0,0,0,0,0,0,0,0
LTB4R2,2,1,2,1,3,2,2,1,1,1,3,3,0,2,2,1,0,2,1,4,5,3,2,1
LTBP1,5,1,0,3,1,4,4,5,0,5,6,1,8,28,9,57,8,0,52,0,3,16,7,4
LTBR,18,0,14,29,22,26,22,40,12,23,14,0,21,9,17,10,4,20,13,19,19,4,26,20
LYN,9,6,2,5,6,2,10,5,4,5,9,1,5,3,11,2,6,2,3,6,2,0,2,6
MAGI1,0,2,1,2,8,0,3,1,0,2,1,2,0,2,1,3,0,0,1,5,1,4,5,8
MAGI2,0,0,0,0,0,0,0,0,0,0,0,0,0,0,0,0,0,0,0,0,0,0,1,0
MAGI3,1,1,1,1,2,0,4,1,1,1,1,1,2,1,1,1,3,1,4,2,2,3,1,1
MALT1,4,4,4,0,15,4,3,4,6,7,1,4,2,3,6,3,8,4,3,3,4,1,1,4
MAML1,4,8,5,5,6,4,8,11,3,4,3,3,4,5,8,3,5,6,2,7,15,4,2,11
MAML2,5,0,7,3,1,3,3,2,1,5,1,0,0,2,0,5,10,1,2,6,11,0,5,1
MAP2K1,23,21,23,34,15,20,28,45,23,36,57,12,28,16,18,26,29,22,22,25,17,15,14,21
MAP2K2,22,19,17,16,23,33,16,14,18,14,13,26,16,11,25,19,24,37,12,22,13,13,37,12
MAP2K3,14,6,19,11,12,26,17,12,28,20,25,47,5,17,27,11,6,21,9,23,19,5,23,9
MAP2K4,7,9,5,5,8,5,6,10,6,6,7,7,6,11,6,3,4,4,7,7,4,5,6,8
MAP2K5,2,2,3,3,3,2,5,2,2,1,5,1,1,2,3,5,2,2,3,4,5,3,2,5
MAP2K6,1,10,3,1,0,1,0,0,2,0,0,0,3,1,0,1,0,0,1,2,1,0,0,7
MAP2K7,6,10,10,4,12,7,8,6,6,4,6,7,4,5,12,7,8,8,4,14,10,9,6,6
MAP3K1,4,0,3,3,4,4,4,2,0,3,3,2,3,2,2,2,4,8,3,6,28,17,7,2
MAP3K11,11,4,10,5,4,9,6,9,4,6,3,4,7,7,4,6,6,21,6,5,10,10,6,17
MAP3K12,3,11,6,3,4,5,1,2,1,2,0,3,2,2,5,6,1,6,5,0,0,4,3,2
MAP3K13,2,0,1,5,2,2,2,1,1,2,2,0,1,2,1,3,1,1,2,2,2,4,2,1
MAP3K14,4,4,3,3,3,3,3,3,4,13,1,30,1,4,1,7,9,2,12,3,2,1,1,2
MAP3K3,7,4,6,6,5,8,2,3,3,3,1,2,2,3,5,4,5,12,10,5,4,8,4,6
MAP3K4,7,2,4,2,7,3,6,7,3,5,5,5,3,2,4,4,6,0,5,3,6,4,5,3
MAP3K5,2,0,1,1,8,2,13,2,3,13,5,3,4,1,4,3,4,0,3,2,8,1,4,9
MAP3K6,5,3,5,6,4,6,5,23,2,6,1,6,2,3,3,7,15,12,4,1,7,3,9,3
MAP3K7,9,12,10,16,11,8,7,12,6,9,5,11,8,15,15,12,10,7,12,11,5,6,8,6
MAP3K8,0,1,0,4,0,0,8,10,2,4,2,15,2,4,0,1,3,0,0,0,5,0,0,0
MAP4K2,5,2,4,5,4,2,2,6,1,4,1,3,2,4,4,2,3,3,5,1,5,6,2,8
MAP4K3,5,4,4,7,7,7,6,7,3,9,5,9,13,11,6,8,13,12,5,4,8,4,5,6
MAP4K4,24,11,19,14,13,32,13,25,10,13,14,11,18,15,13,30,32,22,30,12,10,4,24,13
MAPK1,14,13,12,43,16,17,13,10,9,13,10,10,18,14,13,13,21,16,11,15,25,10,14,9
MAPK11,6,9,3,2,9,7,4,1,1,15,0,3,0,1,10,2,2,3,9,3,2,9,11,5
MAPK12,3,11,2,2,8,3,3,3,6,3,5,1,2,0,8,1,0,3,4,5,3,1,7,3
MAPK13,0,0,0,9,10,0,12,0,0,8,20,0,3,2,42,1,1,0,3,22,11,19,0,13
MAPK14,13,9,6,8,8,9,11,8,6,10,9,11,9,9,13,12,13,11,6,13,6,14,7,8
MAPK15,0,0,0,2,11,0,2,2,0,5,6,1,1,3,6,0,1,0,0,1,4,14,0,0
MAPK3,7,8,10,13,9,9,6,10,5,13,11,4,12,6,17,9,18,9,12,8,26,13,7,3
MAPK4,4,0,0,1,0,0,0,0,0,0,0,0,0,0,0,0,0,1,0,0,0,0,0,1
MAPK6,20,18,21,9,20,19,13,21,22,14,31,12,13,21,16,18,18,15,27,13,17,8,13,20
MAPK7,3,4,2,2,1,5,1,4,2,4,1,3,2,5,4,3,2,4,2,2,2,4,2,2
MAPK8,3,4,3,6,7,2,4,4,2,2,6,7,5,6,7,2,7,3,2,6,4,3,2,6
MAPK8IP1,1,4,4,3,3,2,0,5,0,2,0,1,1,13,0,1,8,4,7,2,2,6,2,9
MAPK8IP2,0,2,0,3,1,2,2,0,0,3,0,1,2,0,0,0,0,0,0,0,0,0,0,7
MAPK8IP3,6,7,7,3,8,12,6,4,3,10,4,3,11,8,9,13,9,4,6,8,18,6,11,5
MAPK9,5,5,5,11,6,5,9,13,10,5,8,4,6,4,9,3,12,6,5,6,11,9,3,24
MAPKAP1,18,16,20,8,12,20,12,24,20,17,14,16,16,28,34,18,22,13,11,13,10,22,15,13
MAPKAPK2,25,21,22,14,18,15,19,25,11,20,13,10,21,18,34,17,25,26,25,20,30,21,15,7
MAPKAPK3,5,17,10,11,16,9,16,26,16,23,13,8,4,6,25,24,28,15,10,27,11,13,8,14
MAPKAPK5,3,3,2,1,4,2,6,2,4,3,4,4,4,5,4,2,2,2,2,6,5,4,3,5
MAPT,0,0,0,0,4,0,1,1,1,0,0,0,0,0,0,0,0,0,0,0,0,5,0,3
MATK,0,5,0,1,0,0,0,6,0,0,0,6,0,0,0,0,3,0,0,0,0,0,1,5
MAVS,11,11,15,11,24,6,13,9,10,9,13,3,11,7,17,24,25,18,11,25,8,17,8,15
MAX,11,12,10,8,10,12,12,11,10,7,9,10,11,6,19,13,11,12,11,27,18,12,15,11
MC2R,0,0,0,0,0,0,0,0,0,0,0,0,0,0,0,0,0,0,0,0,0,0,0,0
MDM2,5,5,10,5,16,14,18,5,5,7,13,12,6,5,26,2,3,3,3,4,5,10,18,9
MDM4,5,7,6,1,16,4,5,4,5,4,5,4,2,6,9,3,3,3,2,5,6,6,5,3
ME1,17,2,12,19,20,20,30,18,63,8,64,2,40,14,0,11,15,0,41,8,3,0,31,3
MECOM,0,0,0,0,0,0,4,0,0,0,3,0,12,5,2,0,43,0,8,0,1,1,1,0
MED1,21,19,19,7,18,17,13,8,11,12,10,21,6,9,24,11,26,15,11,22,13,19,9,14
MED12L,0,0,0,0,0,0,0,0,0,0,0,0,0,0,0,0,0,0,0,0,0,0,0,0
MED13,10,7,9,11,17,8,8,4,5,8,7,10,6,17,9,6,10,5,12,15,15,10,6,9
MED13L,4,7,5,4,14,4,9,3,2,8,3,10,2,7,5,6,7,4,3,6,12,33,4,8
MED16,7,14,11,4,8,7,12,5,5,5,6,10,7,9,10,8,14,8,9,7,7,9,9,14
MED24,13,19,11,7,7,9,11,8,13,11,11,17,13,6,11,10,16,12,8,10,12,16,8,15
MED30,8,8,10,8,9,6,8,12,5,13,4,8,11,9,9,7,8,6,3,6,5,3,6,6
MED4,26,13,17,11,19,19,13,11,11,9,9,13,17,10,17,14,14,12,11,11,6,13,10,13
MEF2A,6,8,6,8,16,8,9,5,1,6,5,3,4,3,10,11,12,10,10,9,11,3,7,6
MEF2B,0,1,0,0,0,0,0,0,0,0,0,0,0,0,0,0,0,0,0,0,0,0,0,0
MEF2C,3,12,1,0,1,4,6,0,3,0,0,0,0,0,0,2,0,6,1,0,1,0,5,0
MEF2D,9,14,9,4,10,7,2,10,7,5,19,28,6,5,8,8,7,16,8,7,15,6,7,4
MEGF8,10,7,8,5,7,9,4,3,2,5,4,2,13,3,2,12,12,5,10,5,10,4,11,11
MET,15,0,15,56,77,7,49,18,13,48,21,35,16,5,49,10,18,22,48,55,64,0,2,0
MFN1,14,9,10,25,11,14,9,6,8,14,7,13,6,20,12,20,8,10,11,8,10,31,11,9
MFN2,39,39,47,26,25,30,39,35,35,42,26,38,29,53,16,27,38,61,32,35,29,26,39,30
MFNG,0,0,0,0,1,0,0,0,0,0,1,0,0,0,0,0,3,0,0,50,0,0,0,0
MGRN1,5,9,8,4,4,11,6,11,4,5,3,2,7,4,7,4,9,6,4,6,11,6,4,5
MKNK1,3,2,4,9,4,2,4,4,2,2,4,2,3,1,3,3,3,5,4,2,8,5,2,2
MKNK2,5,25,10,16,49,11,14,16,13,15,43,21,7,26,20,26,18,11,16,44,33,20,6,18
MLST8,12,19,13,8,6,13,11,18,16,10,15,6,15,10,9,8,12,11,8,9,13,11,9,11
MLYCD,1,0,0,0,0,0,1,0,0,0,0,0,0,0,1,0,0,0,0,1,1,2,0,0
MMP2,36,0,32,1,0,15,0,33,0,14,0,0,0,1,0,563,30,0,94,0,0,0,21,0
MOB1A,20,27,20,59,38,19,24,21,20,38,20,36,20,28,34,21,29,18,20,15,24,15,21,12
MOB1B,8,5,5,8,12,7,3,3,2,5,3,4,3,9,5,4,5,6,4,3,4,3,7,4
MRAS,0,9,2,6,3,7,1,2,0,4,0,4,0,8,4,4,4,9,5,0,1,3,8,0
MST1,1,1,1,1,4,1,1,0,0,1,1,0,1,0,0,2,0,0,2,0,2,3,0,1
MST1R,0,0,0,7,14,0,10,0,0,19,28,0,1,1,5,0,10,0,13,20,21,14,0,1
MTOR,12,12,12,11,7,9,7,11,9,13,8,15,7,20,9,9,12,19,9,10,16,9,10,16
MUC5B,0,0,3,0,0,0,0,0,0,0,9,0,0,0,0,0,0,0,0,0,0,0,0,0
MYB,0,0,0,0,0,0,18,0,0,0,0,0,0,0,1,0,0,0,0,6,1,6,0,0
MYC,10,57,4,13,99,11,77,49,60,13,103,41,31,11,202,11,19,27,30,286,87,18,28,101
MYD88,8,0,12,10,5,14,16,11,6,21,8,3,1,8,9,16,3,15,14,10,10,16,3,6
MYL2,0,0,0,0,0,0,0,0,0,0,0,0,0,0,0,0,0,0,0,0,0,0,0,0
MYL6,114,64,76,217,37,122,133,64,92,145,97,137,166,85,42,158,245,81,93,46,55,167,59,57
MYL6B,12,12,23,15,13,15,10,7,7,8,8,11,17,11,25,13,9,11,12,17,10,6,12,10
MYL9,9,132,2,28,6,10,1,11,0,141,0,44,5,13,11,26,7,0,3,4,11,30,0,0
MYLK,1,1,0,11,0,1,0,0,0,0,0,0,0,2,0,20,7,0,16,0,0,0,1,0
MYLK3,0,0,0,0,0,0,0,0,0,0,0,0,0,0,0,0,0,0,0,0,0,0,0,0
NBL1,4,1,2,2,3,6,7,3,1,9,1,1,0,3,5,33,9,23,8,2,17,6,18,0
NCK1,7,9,6,13,8,8,6,18,7,8,7,6,6,9,7,13,11,8,10,8,7,9,10,8
NCK2,25,11,8,16,10,33,14,13,6,15,5,5,26,13,10,10,24,58,8,9,19,5,21,13
NCOA1,3,3,2,5,4,2,4,2,2,5,2,3,5,5,6,4,6,3,3,6,6,4,3,5
NCOA2,4,7,3,9,6,5,4,4,1,8,4,1,2,11,9,4,4,5,4,3,11,7,3,18
NCOA3,9,5,7,4,11,10,4,4,7,30,10,12,19,12,9,24,17,7,4,8,14,13,6,8
NCOR1,10,12,9,5,5,7,12,5,8,7,9,19,8,13,3,9,6,5,4,15,8,5,4,18
NCOR2,12,16,12,12,10,11,17,33,13,14,19,11,9,12,7,6,17,7,11,22,49,8,11,21
NCSTN,69,41,33,12,20,54,15,43,34,26,46,38,29,28,20,41,24,44,38,17,20,48,49,16
NEO1,2,13,1,10,13,0,8,2,2,5,10,7,5,17,13,1,10,4,3,10,25,5,2,4
NF1,4,6,5,2,2,5,5,2,4,7,4,7,2,17,2,5,6,3,1,6,10,7,4,10
NF2,10,7,10,18,9,17,8,0,8,23,4,8,3,38,7,5,28,8,8,6,5,5,11,8
NFATC1,1,0,1,0,2,0,1,0,0,1,0,1,0,0,0,0,1,1,1,0,0,0,1,0
NFATC2,0,0,30,1,2,45,0,0,0,0,0,0,4,1,0,0,0,12,0,1,1,0,10,0
NFATC3,3,5,4,2,3,3,2,2,4,3,0,2,1,3,5,2,4,2,3,15,4,2,1,1
NFATC4,2,9,0,0,0,0,0,0,0,0,0,1,2,4,0,9,0,3,0,0,4,4,0,0
NFKB1,20,11,17,6,6,13,12,9,8,6,6,15,5,9,12,11,15,11,5,5,7,3,6,7
NFKB2,12,9,10,13,26,5,4,26,6,17,25,63,5,21,21,13,7,9,8,3,12,11,4,5
NFKBIA,12,10,5,16,12,7,24,50,13,22,25,86,14,62,21,27,25,11,25,7,49,18,8,23
NFKBIB,11,11,11,8,12,13,7,10,13,16,11,15,27,26,11,11,9,7,6,15,5,8,13,4
NGF,0,0,0,0,0,0,0,4,0,5,0,1,0,0,0,2,3,0,1,0,0,0,0,0
NGFR,9,0,20,3,5,175,0,0,0,0,0,0,0,0,0,1,0,28,0,1,9,0,1,0
NKD1,0,0,0,0,1,0,1,0,0,0,0,0,0,0,1,9,0,0,0,231,7,0,0,0
NKD2,0,1,0,0,4,0,10,1,1,0,2,0,12,4,5,34,0,0,1,37,21,0,1,1
NLK,7,1,5,4,4,5,3,2,2,4,2,4,3,5,4,3,3,6,2,5,8,7,6,8
NLRC4,0,0,0,0,0,0,0,0,0,0,0,0,0,0,0,0,0,0,0,0,0,0,0,0
NLRP6,0,0,0,0,0,0,0,0,0,0,0,0,0,0,0,0,0,0,0,0,0,0,0,0
NLRX1,3,4,5,2,3,1,6,3,2,3,3,2,0,1,3,2,8,2,5,5,9,9,2,3
NOD1,2,1,1,2,1,1,3,2,1,3,1,1,0,1,1,2,1,1,2,2,5,2,2,0
NOD2,0,0,0,0,1,0,0,0,0,0,0,0,0,0,0,1,0,0,0,0,0,2,0,0
NODAL,0,0,0,0,0,0,0,0,0,0,0,0,0,0,0,0,0,0,0,0,0,0,0,0
NOG,0,0,0,1,0,0,0,0,0,3,0,4,0,10,0,0,0,0,1,0,0,0,0,0
NOS1,0,0,0,0,0,0,0,0,0,0,0,0,0,3,0,0,1,0,0,0,0,0,0,0
NOS3,1,3,0,0,2,0,2,0,0,0,0,2,1,0,4,0,0,0,0,0,1,0,0,0
NOTCH1,8,5,6,1,6,9,4,6,5,3,2,3,0,8,16,0,8,2,2,7,9,3,3,1
NOTCH3,3,23,1,9,9,1,1,5,25,14,22,1,0,17,0,1,0,0,2,0,6,17,0,4
NOTUM,0,0,0,2,4,0,1,0,0,0,0,0,0,0,0,0,0,0,0,150,67,0,0,0
NOX4,0,1,2,0,0,0,0,0,0,0,0,0,0,1,0,0,0,0,0,0,0,0,0,0
NPPB,0,0,0,0,0,0,0,0,0,0,0,0,0,0,0,0,0,0,0,0,0,0,0,0
NPPC,0,0,2,0,0,4,0,0,0,1,0,0,0,0,0,0,0,13,0,0,0,0,0,0
NPR1,0,0,0,1,0,0,0,2,3,1,0,0,0,30,0,0,3,3,0,0,0,0,0,0
NPR2,1,0,3,2,6,3,2,1,0,0,0,0,0,2,5,6,2,0,2,6,2,0,1,0
NPRL2,7,5,7,3,6,4,6,6,4,4,6,4,3,5,5,8,3,5,4,7,3,7,4,8
NPRL3,4,8,9,3,3,4,9,6,8,8,4,2,6,3,8,4,13,5,3,10,9,6,8,4
NPY,0,0,0,0,0,0,0,0,0,0,0,5,0,0,0,0,0,0,0,0,0,0,0,557
NPY1R,0,0,0,0,0,0,0,0,0,0,0,0,0,0,0,0,0,0,0,0,0,0,0,0
NR1H3,1,4,3,3,2,1,3,7,2,1,1,0,8,1,0,2,1,1,2,3,8,6,1,0
NR4A1,4,4,17,5,4,7,5,0,6,1,3,16,1,1,2,1,1,16,0,0,3,1,11,9
NRF1,6,6,6,4,5,5,5,4,5,4,4,7,6,5,5,4,5,5,4,5,5,4,5,6
NRG1,2,0,0,0,0,1,0,0,2,1,0,3,0,2,0,0,4,0,1,0,0,0,0,0
NRG2,0,0,1,0,0,0,0,0,1,0,0,0,0,4,0,1,0,0,0,0,0,0,0,0
NRG3,0,0,0,0,0,0,0,0,0,0,0,0,4,0,0,0,0,0,0,0,0,0,0,0
NSMAF,15,9,9,7,6,11,8,14,12,6,12,3,5,9,29,11,9,8,8,13,10,7,8,12
NTF3,0,0,0,3,0,0,0,0,0,0,0,0,5,5,0,3,0,0,0,0,0,0,0,0
NTF4,0,2,0,0,0,0,0,0,0,4,0,0,0,0,0,0,0,0,0,0,4,2,0,0
NTRK1,0,0,0,0,0,0,0,0,0,0,0,0,0,0,0,0,0,0,0,0,0,0,0,0
NTRK2,0,0,0,0,0,0,0,0,0,0,0,0,0,0,0,0,0,0,0,0,0,0,0,0
NTRK3,0,0,0,0,0,0,0,0,0,0,0,0,0,0,0,0,0,0,0,0,0,0,0,0
NTSR1,0,0,1,0,79,0,0,4,3,0,0,14,0,0,13,15,0,0,3,56,0,0,0,0
NUMB,5,5,4,9,7,5,6,7,5,7,7,5,8,8,8,9,22,5,6,7,10,13,7,8
NUMBL,3,4,4,2,6,4,1,4,5,6,2,2,3,2,5,7,5,4,3,4,4,3,5,1
OPRD1,1,0,6,0,0,6,0,0,0,0,0,0,0,0,0,0,0,2,0,2,0,0,0,0
ORAI1,9,7,11,11,9,15,8,18,9,10,7,15,7,7,12,8,10,13,8,6,10,14,18,2
ORAI2,5,6,10,3,2,7,2,9,1,4,0,1,4,4,6,8,2,3,5,5,10,2,4,4
ORAI3,3,3,2,2,2,3,1,1,0,2,1,0,3,1,2,5,1,2,8,2,4,3,2,1
OSM,0,0,0,0,0,0,0,0,0,0,0,0,0,0,0,0,0,0,0,0,0,0,0,0
OSMR,17,0,7,13,18,23,0,23,19,34,28,20,7,4,0,11,11,0,37,0,0,7,13,3
OXT,0,0,0,0,0,0,0,0,0,0,0,0,0,0,0,0,0,0,0,0,0,0,0,0
OXTR,0,0,0,4,0,0,0,4,0,5,0,0,0,14,0,5,4,0,3,0,0,0,0,1
P2RY1,2,0,1,0,1,3,26,0,1,0,1,0,2,0,0,0,0,0,1,0,0,0,3,3
PAK1,10,9,11,9,10,7,13,6,5,7,8,5,15,70,12,8,9,5,13,9,17,13,10,9
PAK2,20,25,15,37,24,24,21,13,17,28,11,34,18,37,29,22,32,17,24,36,24,68,21,24
PAK4,6,6,9,13,7,8,3,5,4,21,8,6,20,30,5,4,8,5,4,5,17,12,7,25
PAK6,0,0,0,0,0,0,0,0,0,0,0,0,0,0,0,0,0,0,0,0,0,0,0,0
PARD3,9,10,6,7,12,7,9,8,9,14,13,7,8,15,18,9,20,7,8,8,13,5,4,4
PARD6A,1,1,0,3,3,0,3,1,0,1,1,3,2,2,3,0,1,0,4,6,4,9,0,4
PARD6B,0,2,0,4,10,0,2,1,0,5,1,4,6,6,2,0,1,0,0,4,8,15,0,1
PARD6G,3,2,2,1,5,3,2,1,1,1,0,1,0,1,2,0,4,7,0,0,0,0,3,1
PCK2,13,58,6,13,27,6,20,6,5,4,37,7,10,12,18,30,3,11,4,18,30,15,2,2
PDCD1,0,0,0,0,0,0,0,0,0,0,0,0,0,0,0,0,0,0,0,0,0,0,0,0
PDE10A,1,0,0,0,0,0,0,1,3,0,2,1,0,0,0,0,2,0,4,0,0,0,1,0
PDE1B,0,0,0,0,0,0,0,0,0,0,0,0,0,0,0,0,0,0,0,0,0,0,0,0
PDE1C,12,0,8,0,0,3,0,1,3,0,0,0,0,0,0,4,1,0,0,0,0,0,7,0
PDE3A,22,0,3,1,0,0,1,0,7,0,14,0,0,0,0,0,0,0,0,0,0,0,1,0
PDE3B,1,3,0,0,1,1,0,0,4,0,3,1,0,0,1,0,1,1,0,3,0,0,4,7
PDE4A,1,9,4,3,9,3,3,5,2,1,3,3,1,0,1,3,1,2,3,4,2,0,2,0
PDE4B,15,0,0,9,17,1,0,0,4,0,0,3,0,0,0,1,0,10,1,0,0,0,2,0
PDE4C,0,1,0,0,0,0,0,0,0,0,0,0,0,0,0,0,0,0,0,0,0,0,0,0
PDE4D,3,6,1,13,0,0,2,1,10,0,10,3,1,0,3,1,0,1,1,9,0,0,0,1
PDGFA,0,0,1,3,7,15,10,9,1,11,3,0,2,2,3,14,1,2,7,27,7,2,11,4
PDGFB,0,0,0,3,6,3,1,0,0,20,0,0,0,5,0,1,5,0,4,5,3,9,0,2
PDGFC,1,0,0,0,5,0,1,2,1,18,1,5,0,13,0,11,18,0,4,0,0,2,1,0
PDGFD,4,7,1,0,0,0,0,1,0,3,0,0,2,2,0,0,0,1,3,0,0,0,1,0
PDGFRA,0,15,0,0,0,0,0,0,0,0,0,0,3,0,0,8,0,0,3,0,0,0,0,0
PDHB,17,29,35,20,9,21,17,17,19,16,21,18,14,16,9,29,13,20,13,12,6,38,21,43
PDK1,4,3,1,0,1,4,2,3,1,2,1,2,0,0,4,4,1,3,2,3,1,0,4,3
PDPK1,3,3,4,2,6,6,5,6,3,4,3,3,5,3,5,3,4,3,3,7,8,10,2,4
PERP,38,0,15,51,51,30,49,24,43,186,63,11,59,57,26,10,36,26,83,74,122,23,57,19
PF4V1,0,0,0,0,0,0,0,0,1,0,0,0,0,0,0,0,1,0,0,0,0,0,0,0
PFKFB2,1,1,3,2,3,2,5,3,0,6,4,2,2,5,5,2,4,5,2,4,7,6,2,3
PFKFB3,31,12,33,6,9,25,9,9,9,6,10,23,0,5,13,58,26,23,7,10,9,92,22,5
PFKFB4,9,7,20,1,2,34,1,1,0,2,0,0,0,1,1,6,1,20,2,1,1,3,46,4
PFKL,19,17,9,6,10,19,16,14,19,16,20,11,22,17,10,26,25,23,27,8,21,27,16,20
PFKM,21,34,21,15,16,22,18,16,38,6,12,12,9,15,30,17,2,21,13,16,14,19,36,33
PFKP,48,13,38,37,31,51,24,54,79,48,75,71,32,4,22,64,110,121,53,22,35,23,30,11
PFN1,494,567,408,266,250,445,343,525,466,463,369,672,548,157,206,360,341,436,287,400,112,177,315,103
PFN2,76,74,60,56,48,92,20,22,77,66,44,38,33,94,20,93,99,51,82,23,11,26,56,33
PFN3,0,0,0,0,0,0,0,0,0,0,0,0,0,0,0,0,0,0,0,0,0,0,0,0
PFN4,0,0,1,0,0,0,0,0,0,2,1,0,0,0,0,2,0,0,0,0,2,1,0,0
PGAM5,21,27,22,21,21,16,37,12,36,16,18,32,22,12,23,8,15,13,9,30,16,22,16,27
PGF,1,3,0,0,0,1,0,0,0,0,0,0,0,0,2,0,0,0,0,0,0,0,4,0
PGR,0,0,0,0,0,0,0,0,0,0,0,0,0,0,0,0,0,0,0,0,0,60,0,0
PHKB,5,3,3,3,4,3,6,4,11,12,9,2,6,3,2,7,8,2,5,6,4,6,2,6
PHKG1,0,0,0,0,0,0,0,0,0,0,0,0,1,0,0,1,0,0,0,0,0,0,0,0
PHKG2,3,4,4,6,2,3,3,4,2,5,1,3,4,3,3,2,3,3,3,2,3,7,3,1
PHLPP1,3,2,2,0,2,2,6,1,0,4,1,1,1,0,2,1,2,3,1,1,2,1,3,4
PIAS1,3,3,4,5,4,3,6,2,2,4,3,2,3,5,5,4,4,4,4,4,4,3,2,5
PIAS2,1,2,1,1,2,2,2,1,0,1,1,1,1,1,3,1,2,1,1,1,1,1,1,2
PIAS3,6,16,12,11,13,8,3,12,6,9,9,18,6,8,6,9,11,4,11,5,11,27,10,4
PIAS4,6,13,6,3,5,6,5,6,5,4,5,10,4,5,7,5,8,5,4,6,6,7,7,4
PIK3AP1,0,0,0,1,3,0,5,0,0,0,0,0,18,3,4,0,0,0,0,1,4,0,0,2
PIK3C3,4,2,4,1,3,4,1,2,2,1,1,2,1,2,6,4,2,2,3,1,1,1,2,2
PIK3CA,2,4,3,12,5,4,2,1,1,3,1,2,2,4,5,5,3,3,4,4,6,5,3,1
PIK3CD,7,2,4,3,2,0,1,11,0,0,0,2,0,9,2,8,2,7,4,1,1,0,0,0
PIK3R1,5,2,3,1,2,5,3,1,2,1,2,1,4,3,2,10,11,4,2,3,1,6,3,6
PIK3R2,0,0,0,0,0,0,0,0,0,0,0,0,0,0,0,0,0,0,0,0,0,0,0,0
PIK3R3,0,4,2,6,0,1,1,1,1,5,0,1,1,5,0,2,1,3,0,0,2,5,2,4
PIK3R4,9,10,15,8,6,14,8,6,7,8,5,13,7,21,9,10,8,11,7,7,10,9,13,7
PIK3R5,0,0,0,0,0,0,0,0,0,0,0,0,0,0,0,0,0,0,0,0,0,0,0,0
PIM1,2,27,3,6,5,2,13,4,4,13,4,14,19,2,4,3,5,2,3,1,4,1,1,8
PIN1,5,10,11,9,5,11,5,6,9,9,6,7,8,6,6,9,10,13,8,7,3,9,10,4
PITX2,0,1,1,2,1,0,4,1,0,0,0,1,0,0,4,0,0,0,0,0,6,0,0,0
PKM,312,191,382,388,101,494,280,165,354,308,482,176,390,412,141,445,491,632,637,142,149,167,278,123
PKN1,35,25,27,40,41,28,23,68,19,17,27,7,12,16,29,36,32,18,26,62,32,13,17,32
PKN3,10,15,6,3,12,1,14,28,10,7,1,3,13,8,44,4,9,6,3,7,3,10,1,0
PLA2G12A,2,1,3,12,15,3,9,4,3,8,9,4,6,11,5,4,9,3,4,9,9,7,4,7
PLA2G2E,0,0,0,0,0,0,0,0,0,0,0,0,0,0,0,0,0,0,0,0,0,0,0,0
PLA2G4B,0,0,0,0,0,0,0,0,0,0,0,0,0,0,0,0,0,0,0,0,0,0,0,0
PLA2G4F,0,0,0,0,0,0,0,0,0,0,4,0,0,0,0,0,0,0,0,0,1,4,0,8
PLA2G6,3,2,1,0,2,2,2,0,0,1,1,0,1,0,1,1,1,3,1,1,2,1,3,3
PLAT,26,0,30,4,1,88,0,0,2,0,3,0,2,2,0,6,1,18,82,0,8,0,171,0
PLAU,0,4,0,30,48,0,2,62,5,28,37,37,81,39,16,85,60,0,99,11,15,0,0,0
PLCB1,0,0,1,0,2,1,0,0,2,0,1,0,2,1,0,2,0,0,0,2,0,2,3,2
PLCB2,0,0,0,0,0,0,2,0,0,0,0,0,0,0,0,0,0,0,0,0,0,0,0,1
PLCB3,11,16,10,14,22,13,19,17,14,10,6,10,10,14,19,28,18,21,8,6,25,16,8,32
PLCB4,1,0,0,1,2,4,7,2,4,1,0,10,0,12,0,7,18,2,1,0,1,7,6,16
PLCD1,1,1,1,0,2,1,13,1,0,5,0,0,1,1,1,2,0,1,4,1,2,1,1,1
PLCD3,3,3,5,11,16,4,26,7,16,12,20,5,0,13,5,5,42,6,6,26,42,14,3,1
PLCE1,1,0,1,0,0,1,6,1,0,5,0,0,0,4,0,0,4,0,2,0,4,2,0,0
PLCG1,9,13,15,4,5,19,6,9,6,13,2,12,16,11,19,11,16,23,4,14,12,11,19,9
PLCG2,0,0,0,1,3,0,0,1,0,1,0,1,1,0,2,0,2,0,0,0,4,0,0,0
PLD1,4,0,1,1,1,1,0,2,1,2,1,0,4,0,0,2,0,2,5,0,1,2,1,0
PLD2,5,5,5,3,7,5,7,8,3,8,3,8,7,2,7,5,4,5,5,2,5,6,4,1
PLIN2,15,8,96,7,2,15,0,62,3,29,0,2,1,5,10,12,1,12,23,14,7,6,13,3
PLIN4,0,0,0,0,0,0,0,5,0,4,0,0,0,0,0,0,0,0,0,0,0,1,0,0
PLIN5,0,0,0,0,2,0,0,0,0,0,0,0,0,0,0,0,0,0,0,0,0,2,0,0
PLK1,37,37,39,16,7,30,23,27,39,54,17,40,20,13,5,12,24,27,14,6,8,24,15,21
PLK2,34,2,31,64,17,53,24,11,22,49,123,22,6,122,0,31,88,13,293,13,12,75,27,3
PLK3,1,1,3,8,14,5,5,7,2,0,4,3,2,1,5,5,3,7,3,7,9,0,7,0
PLK4,10,12,8,12,7,8,11,6,7,14,6,8,7,14,7,6,11,7,6,3,7,6,3,9
PLTP,12,53,27,22,1,75,0,35,24,0,10,47,95,54,1,57,0,61,0,10,32,0,13,6
PMAIP1,27,1,11,21,60,7,14,20,6,19,12,10,10,6,11,25,24,7,62,21,15,1,9,1
POMC,0,0,0,0,0,0,0,0,0,0,0,0,0,0,0,0,0,0,0,0,0,0,0,0
PPARA,1,0,0,3,3,1,4,2,0,1,1,0,0,0,4,2,2,1,2,0,6,1,1,2
PPARD,10,8,4,4,11,6,6,5,2,5,9,5,4,5,6,15,7,31,7,5,11,7,4,6
PPARG,0,0,12,2,7,1,30,22,1,11,2,0,5,0,0,1,6,0,8,11,2,0,0,0
PPARGC1A,1,0,0,0,0,0,0,0,0,0,0,0,5,2,0,0,1,1,0,0,0,0,1,0
PPIF,64,33,54,52,15,43,68,157,132,21,118,30,78,33,32,13,16,64,22,47,24,34,32,40
PPM1A,3,3,2,6,7,3,5,2,3,3,5,6,3,7,7,3,7,3,4,5,7,6,4,7
PPM1B,4,9,5,10,6,5,7,7,3,6,7,11,8,5,5,7,12,5,8,4,5,5,5,13
PPM1D,3,8,5,3,8,5,5,1,2,3,2,3,4,4,5,2,3,2,2,4,3,4,5,3
PPP1CA,52,61,52,82,40,53,58,71,48,58,47,163,87,51,51,46,69,171,59,76,44,96,38,95
PPP1CB,29,29,29,48,44,22,22,22,29,44,36,29,29,95,27,37,58,28,19,36,43,19,24,53
PPP1CC,29,38,34,20,37,33,54,14,38,31,31,46,27,30,31,21,21,23,15,34,31,35,32,42
PPP1R12A,7,7,8,7,7,8,8,8,6,8,6,9,4,7,7,7,9,5,6,6,8,6,6,7
PPP1R12B,1,0,1,0,1,1,3,0,1,1,1,0,1,0,0,1,0,1,0,1,1,1,0,4
PPP1R12C,4,6,6,7,7,7,6,9,3,10,4,4,19,4,12,8,11,4,6,7,11,4,7,6
PPP1R1B,0,0,0,0,0,0,22,0,0,0,0,0,0,0,0,0,80,0,0,0,1,0,0,0
PPP1R3B,3,3,1,2,5,2,4,6,2,3,10,2,7,3,26,4,18,4,2,0,8,6,7,2
PPP1R3C,0,2,0,5,0,0,0,0,13,9,68,0,1,2,0,0,0,0,1,0,0,0,0,4
PPP1R3D,3,1,3,2,1,4,1,2,2,5,4,2,1,2,3,3,2,3,1,1,5,5,2,8
PPP1R3E,3,2,1,1,1,2,2,1,1,0,1,1,1,0,2,2,1,1,1,6,4,2,1,1
PPP2CA,33,33,31,42,31,34,37,23,35,39,41,32,31,30,28,20,36,34,30,26,38,26,30,29
PPP2CB,22,16,11,17,18,17,14,18,14,18,22,20,11,31,17,19,41,18,14,16,11,8,24,12
PPP2R1A,24,50,35,24,18,29,19,23,28,51,27,22,47,12,20,38,44,24,31,15,22,29,33,42
PPP2R2A,12,11,9,6,16,6,11,6,7,6,12,11,4,18,12,7,9,9,5,14,7,6,11,0
PPP2R2C,0,0,0,2,5,0,0,10,5,1,15,3,0,1,0,0,11,0,7,7,0,3,0,5
PPP2R2D,3,4,3,5,2,2,5,7,5,4,5,3,5,6,4,2,5,5,2,5,6,4,2,4
PPP2R3A,2,1,5,18,2,5,0,2,0,6,1,1,0,11,2,3,5,3,4,0,2,2,4,2
PPP2R3C,8,5,5,3,4,6,4,4,4,5,7,8,3,11,8,9,3,6,2,8,6,4,6,4
PPP2R5A,7,13,5,8,21,6,11,9,10,10,17,8,11,16,10,8,9,10,14,15,20,17,13,3
PPP2R5B,2,4,3,5,5,3,4,12,0,5,3,2,2,3,5,7,3,5,6,2,6,6,4,9
PPP2R5C,8,6,5,17,10,6,8,5,11,8,11,5,6,9,9,7,9,6,9,12,15,11,9,7
PPP2R5E,4,5,3,8,8,4,7,3,4,8,5,11,4,10,9,5,6,4,5,12,7,9,6,6
PPP3CA,8,0,5,3,50,3,27,5,4,23,6,2,10,7,4,11,10,5,13,7,10,13,3,40
PPP3CC,3,3,2,3,4,2,4,6,3,1,4,3,1,1,0,5,5,5,3,8,1,1,6,2
PPP3R1,17,18,15,23,22,16,12,20,17,30,16,23,15,19,26,14,14,14,12,24,24,8,18,24
PPP3R2,0,0,0,0,0,0,0,0,0,0,0,0,0,0,0,0,0,0,0,0,0,0,0,0
PPP4C,38,50,56,38,21,41,25,42,35,43,25,33,48,30,27,32,39,29,36,21,37,52,26,17
PRDM4,11,8,11,5,12,6,16,9,8,6,9,10,9,8,14,7,10,11,9,13,13,8,7,8
PREX1,6,1,18,1,1,13,0,4,0,0,0,1,0,3,0,0,11,9,4,2,0,70,10,6
PRICKLE1,0,0,0,1,0,0,1,0,1,1,0,0,2,7,0,3,2,0,2,0,1,0,1,0
PRICKLE4,1,1,1,3,4,1,1,0,0,2,4,1,4,0,1,1,1,1,2,1,9,5,0,2
PRKAA1,23,15,22,17,12,20,18,15,11,38,14,43,9,22,18,15,13,11,21,18,12,15,15,30
PRKAA2,0,0,0,6,2,0,1,4,4,0,2,1,0,3,0,0,4,0,3,5,0,1,2,1
PRKAB1,5,3,6,8,4,5,5,8,4,4,12,6,6,4,4,4,4,3,4,6,9,5,3,4
PRKAB2,8,8,7,7,9,7,5,7,8,9,8,9,12,5,6,10,5,7,9,21,6,7,8,3
PRKACA,11,13,13,18,12,9,5,13,5,14,3,6,5,5,10,11,9,9,5,8,11,10,14,8
PRKACB,10,2,4,11,38,3,7,6,5,6,4,3,13,3,0,10,4,6,13,5,0,2,9,18
PRKACG,0,0,0,0,0,0,0,0,0,0,0,0,0,0,0,0,0,0,0,0,0,0,0,0
PRKAG1,23,7,32,14,13,26,13,9,14,8,12,8,14,13,15,20,12,17,7,15,11,28,19,14
PRKAG2,2,1,2,6,4,2,5,2,5,11,2,4,1,11,14,0,4,1,7,2,4,1,0,4
PRKAG3,0,0,0,0,0,0,0,0,0,0,0,0,0,0,0,0,0,0,0,0,0,0,0,0
PRKCA,5,0,5,0,4,6,1,3,6,4,2,3,5,4,0,8,8,0,26,11,3,0,5,2
PRKCB,0,0,0,0,0,0,0,3,0,0,0,1,0,0,0,0,0,0,0,0,0,0,0,0
PRKCD,18,7,36,6,11,30,12,7,6,27,17,5,6,6,10,20,8,25,7,11,10,14,51,40
PRKCE,2,0,1,0,1,2,0,1,0,2,1,2,0,1,2,5,1,2,1,0,2,2,1,1
PRKCG,0,3,0,0,3,0,1,0,0,0,0,0,0,1,0,0,0,0,0,0,1,0,0,0
PRKCI,7,13,8,54,11,8,14,7,6,18,8,6,23,67,17,6,18,6,8,16,14,22,8,10
PRKCQ,0,0,1,3,0,0,2,1,0,0,4,0,0,2,2,0,0,0,0,0,2,0,0,0
PRKCZ,1,2,2,2,4,2,3,0,0,3,2,1,2,5,4,0,3,0,3,4,6,3,3,3
PRKD1,5,1,2,1,0,10,0,4,2,0,1,0,0,0,0,3,2,4,5,0,0,0,9,6
PRKD2,3,9,7,3,9,3,7,4,3,16,7,3,13,5,6,4,7,2,5,5,18,4,5,6
PRKG1,0,5,0,0,0,0,0,0,0,0,0,0,1,0,0,0,0,0,0,0,0,0,0,0
PRKG2,0,0,0,0,1,0,0,0,0,0,0,0,1,0,0,0,0,0,2,6,0,0,0,0
PRMT1,43,71,62,22,45,51,41,34,57,56,51,49,87,34,35,46,38,25,37,44,27,22,52,42
PRR5,0,2,0,1,2,1,2,1,1,1,1,0,1,1,3,0,2,1,0,2,1,1,2,2
PSEN1,4,4,3,8,6,3,7,4,5,4,8,6,6,10,8,6,11,4,7,7,11,11,4,5
PSEN2,7,5,6,5,4,6,3,6,7,4,4,5,1,3,7,6,10,23,10,5,6,10,8,8
PSENEN,8,8,13,9,7,10,6,5,9,27,11,10,17,19,7,12,11,5,7,6,12,11,15,7
PTAFR,0,0,0,2,0,0,0,0,0,1,2,0,0,1,0,0,0,0,0,0,1,0,0,0
PTCH1,0,9,3,0,1,2,1,1,0,1,0,1,1,0,2,0,0,1,0,1,14,0,1,3
PTCH2,0,1,0,0,1,0,0,0,0,0,0,0,0,0,0,0,0,0,0,0,0,0,0,0
PTCRA,0,0,0,0,0,0,0,0,0,0,0,0,0,0,0,0,0,6,0,0,0,0,0,0
PTEN,6,4,5,10,10,8,9,3,13,4,5,7,5,11,7,0,4,5,5,10,9,8,2,10
PTGER1,0,0,0,0,0,0,0,0,0,0,0,0,0,0,0,0,0,0,0,0,0,0,0,0
PTGER2,0,0,0,2,0,0,0,0,0,0,0,0,0,1,0,0,0,0,1,0,6,0,0,1
PTGS2,2,0,0,1,0,1,6,27,0,0,29,1,0,0,0,0,0,4,0,0,104,0,0,0
PTK2,11,13,9,8,16,8,9,30,7,21,7,10,5,15,19,8,10,7,8,9,13,10,7,11
PTK2B,0,0,0,3,2,0,4,1,6,4,8,0,1,3,0,1,0,0,2,2,7,3,0,9
PTPN1,21,15,36,23,18,63,10,39,14,37,16,45,13,28,39,27,23,44,15,20,26,27,71,13
PTPN11,39,43,51,55,61,55,50,25,42,36,54,64,21,44,42,31,49,34,39,43,31,45,36,47
PTPN2,5,6,4,10,8,3,7,2,3,8,5,14,9,14,6,3,7,4,4,13,4,3,4,4
PTPN5,0,0,0,0,0,0,0,0,0,0,0,0,0,0,0,0,0,0,0,0,0,0,0,0
PTPN6,0,0,0,6,5,0,5,0,1,4,5,4,7,5,0,0,1,0,5,7,9,2,0,5
PTPN7,0,0,0,0,0,0,0,0,0,0,0,0,0,0,11,0,0,0,0,0,0,0,0,0
PTPRF,24,11,23,37,43,41,20,38,13,47,25,35,13,31,27,24,48,12,16,19,72,48,17,30
PXN,30,7,66,32,32,53,16,24,14,53,32,49,7,25,59,26,22,26,38,23,55,29,59,8
PYCARD,3,0,0,9,0,1,0,0,0,7,0,2,2,1,0,5,0,1,9,0,6,1,0,0
PYDC1,0,0,0,0,0,0,0,0,0,0,0,0,0,0,0,0,0,0,0,0,0,0,0,0
PYGB,120,11,279,24,67,181,47,23,123,42,31,23,29,29,45,55,86,170,149,89,33,20,123,17
PYGL,39,31,21,32,68,44,12,12,41,29,16,66,1,4,28,12,60,0,10,42,0,7,51,1
PYGM,0,7,0,0,0,0,0,0,0,0,0,0,0,0,0,0,0,0,0,0,0,0,0,1
RAB10,37,32,40,46,55,35,40,36,75,50,104,42,33,43,42,59,70,36,34,37,55,31,40,48
RAB11B,20,33,27,15,24,23,21,39,15,17,12,20,18,14,25,22,27,20,25,23,20,20,13,17
RAB14,27,11,34,37,27,29,18,27,19,26,20,13,29,26,46,23,25,20,18,32,25,38,25,48
RAB2A,19,16,14,16,17,20,15,16,12,22,23,14,15,21,26,24,21,17,17,10,16,21,25,28
RAB5B,25,9,14,33,15,15,15,7,5,17,11,6,16,16,16,14,20,30,14,21,23,34,15,34
RAB5C,57,29,57,21,22,78,21,31,40,42,41,38,40,15,24,37,53,61,40,19,24,69,58,19
RAB8A,8,10,12,10,13,7,8,15,8,12,6,8,6,4,10,6,9,8,6,11,8,9,7,13
RAC1,116,62,85,59,67,66,121,167,70,139,126,150,59,70,72,105,56,66,169,101,94,111,95,62
RAC3,7,23,3,29,21,2,2,3,10,5,14,11,8,18,43,2,6,13,13,8,3,15,2,22
RAF1,14,17,19,23,10,22,15,29,9,19,9,16,8,14,10,16,19,14,8,11,6,29,12,23
RALA,18,14,17,70,15,14,31,16,11,26,16,12,9,18,17,25,12,12,22,26,20,20,14,19
RALB,26,14,15,24,21,26,23,27,14,36,21,20,20,19,15,44,41,22,23,24,26,19,29,13
RALBP1,18,18,14,27,21,14,19,11,14,26,17,24,23,33,19,12,36,15,24,15,14,13,11,43
RALGDS,3,6,6,1,7,3,11,6,3,7,3,4,4,11,25,4,4,5,3,8,13,6,6,18
RAP1A,10,7,15,15,8,10,10,6,6,18,8,16,12,7,5,13,14,13,16,5,4,5,19,9
RAP1B,10,12,9,5,6,8,10,12,8,8,8,20,9,7,14,6,10,7,7,4,5,7,14,4
RAP1GAP,0,0,0,2,2,0,1,2,1,4,4,1,4,2,1,0,5,1,10,2,6,0,1,19
RAPGEF1,6,13,6,3,10,6,11,18,10,18,7,10,10,18,35,10,15,17,9,8,15,12,5,13
RAPGEF2,4,3,3,0,6,2,5,1,8,5,1,1,4,6,3,3,6,2,4,4,5,1,3,2
RAPGEF3,0,0,0,0,0,0,0,0,0,0,1,0,0,13,0,0,12,0,0,0,1,2,0,0
RAPGEF4,0,0,0,0,0,0,0,0,0,0,0,0,1,0,0,0,0,0,0,5,0,0,2,0
RAPGEF5,2,0,0,0,2,0,4,0,0,0,1,0,0,1,1,0,0,0,1,0,1,1,1,1
RAPGEF6,0,0,1,0,0,1,1,0,0,0,0,1,0,0,0,0,0,0,0,1,1,0,0,1
RARA,9,6,7,2,6,8,2,5,3,6,2,2,3,2,6,5,3,5,4,6,12,29,8,1
RASA1,8,9,14,15,11,11,17,6,8,19,21,7,4,8,26,15,13,9,10,13,17,10,6,5
RASA2,5,3,6,8,6,3,4,1,2,4,3,8,3,7,8,5,6,4,5,5,6,4,7,2
RASA3,14,2,19,2,6,20,3,39,7,0,1,3,0,0,13,22,4,9,13,29,3,2,9,0
RASAL1,0,0,0,2,2,0,2,0,6,1,8,0,0,2,0,0,4,0,0,3,4,1,0,0
RASAL2,3,2,4,1,2,3,1,3,1,6,0,3,1,5,5,2,4,3,6,1,2,3,1,2
RASGRF1,0,0,0,0,0,0,0,0,0,0,0,0,0,0,0,1,0,0,0,0,1,0,0,2
RASGRF2,0,0,0,0,0,0,4,0,0,0,0,0,0,0,0,0,0,0,0,4,4,0,0,0
RASGRP1,0,0,0,2,0,0,1,0,0,0,1,0,0,0,1,0,0,0,0,0,5,0,0,0
RASGRP2,0,5,0,0,0,0,0,0,0,0,0,0,1,0,0,0,0,0,0,0,0,0,0,0
RASGRP3,0,0,0,0,0,0,0,0,0,0,0,0,0,0,0,1,0,0,0,0,1,0,0,0
RASGRP4,0,0,0,0,0,0,0,0,0,0,0,0,0,0,0,0,0,0,0,0,0,0,0,0
RASSF1,11,4,5,4,7,8,11,8,5,7,4,8,4,5,4,16,7,10,6,17,2,9,4,11
RASSF2,0,0,0,1,2,0,0,1,0,0,0,0,0,0,0,0,0,0,0,0,0,0,0,2
RASSF4,3,0,0,1,0,1,0,0,0,0,0,0,1,0,1,1,0,0,4,1,1,0,1,0
RASSF5,2,0,1,1,0,0,0,0,0,4,2,0,0,0,0,0,0,0,2,1,5,1,0,3
RBCK1,16,21,17,13,94,21,27,25,28,29,70,8,20,10,45,65,19,18,15,120,38,28,26,25
RBL2,6,8,9,7,12,8,10,7,5,21,7,5,5,6,12,11,13,5,15,17,20,10,5,8
RBPJ,8,11,22,5,19,11,8,10,5,4,6,8,6,8,51,22,7,6,8,10,23,4,7,10
RBPJL,0,0,0,0,0,0,0,0,0,0,0,0,0,0,0,0,0,0,0,0,0,0,0,0
RBX1,20,24,15,60,8,24,17,14,14,25,14,16,23,9,6,27,21,24,13,16,6,16,26,17
RCAN1,47,6,20,5,2,28,2,5,2,11,2,7,7,3,3,3,7,14,3,3,4,20,27,5
RCAN2,0,0,0,5,2,0,0,0,0,0,0,0,0,3,0,0,0,0,2,0,1,0,0,0
RCHY1,5,3,2,4,4,4,6,2,4,3,4,4,5,6,4,3,3,5,4,5,2,4,2,9
REL,0,0,0,1,1,0,1,1,0,0,1,8,0,0,0,1,1,0,0,1,1,0,0,0
RELA,12,10,14,16,13,11,10,20,8,12,8,16,9,13,18,13,17,21,15,16,18,19,10,31
RELB,5,4,3,2,5,2,1,15,0,3,3,18,3,4,11,9,5,1,5,3,8,0,3,2
RELN,0,0,0,0,0,0,0,0,0,0,0,0,0,1,0,0,0,0,0,0,0,0,0,0
RET,0,0,0,1,1,0,0,0,0,0,0,0,0,0,0,0,1,0,0,0,0,1,0,0
RFNG,4,3,3,12,12,5,5,2,3,5,6,4,6,11,14,6,5,10,9,9,11,12,8,5
RGL1,2,2,2,0,1,3,1,0,0,1,0,0,14,1,2,15,0,1,5,8,0,0,4,0
RGL2,15,13,8,8,10,11,10,3,4,13,11,6,9,12,11,16,10,12,10,3,14,48,8,28
RGMA,0,0,0,0,0,0,0,0,0,0,0,0,0,0,0,0,0,0,0,0,0,0,0,0
RGMB,2,1,1,0,5,1,1,2,0,0,1,1,0,1,70,2,0,1,3,3,5,1,1,3
RGS2,6,162,12,1,5,10,3,4,169,1,52,15,18,0,1,13,0,8,10,0,4,0,10,1
RHEB,34,27,36,54,23,36,40,52,37,45,24,53,57,33,37,32,26,38,51,33,29,15,42,35
RHOA,200,230,203,190,164,262,228,186,235,214,207,151,147,165,149,252,196,221,126,144,75,126,109,205
RHOQ,9,15,8,11,16,19,8,13,6,5,7,11,9,9,25,19,16,47,9,4,8,4,23,5
RICTOR,3,1,3,3,4,3,4,3,1,5,6,8,1,4,4,3,3,3,6,7,7,2,2,3
RIN1,3,5,4,1,5,5,3,8,3,2,3,3,0,0,7,10,0,8,4,4,3,0,5,0
RIPK1,17,9,8,7,11,10,11,6,4,6,4,15,9,7,15,8,15,13,9,8,12,11,5,4
RIPK2,11,10,5,12,14,4,6,7,8,14,8,4,3,8,31,8,15,5,7,10,8,8,5,21
RNASEL,1,1,2,0,1,2,0,3,2,1,3,0,0,2,1,2,1,1,2,0,1,3,1,0
RNF125,7,0,5,0,5,1,2,0,0,0,0,1,0,0,3,0,0,7,0,0,0,0,6,0
RNF152,0,0,0,0,0,0,0,0,0,0,0,0,0,1,0,3,0,1,0,0,0,2,0,0
RNF31,5,7,5,5,5,6,4,9,4,2,4,7,4,6,4,6,4,6,7,2,10,4,5,3
ROCK1,7,13,6,13,10,6,6,4,4,9,4,8,4,5,6,9,14,5,9,7,5,7,3,9
ROCK2,10,9,18,18,14,19,7,9,6,7,5,14,4,7,8,12,10,9,6,15,15,3,8,6
ROR1,4,0,1,1,0,1,0,0,0,2,0,1,0,1,0,5,1,2,7,0,1,0,5,1
ROR2,0,1,0,0,3,0,1,4,0,5,0,1,0,0,0,0,0,0,0,0,0,5,0,0
RPRM,0,0,0,0,0,0,0,0,0,0,0,0,0,0,0,0,0,0,0,0,0,0,0,2
RPS6,431,395,861,241,769,318,833,279,442,304,474,139,221,446,1019,352,167,255,212,833,329,287,410,773
RPS6KA1,8,8,18,12,6,8,16,6,8,14,10,7,8,6,7,2,17,9,7,8,17,8,8,4
RPS6KA2,0,0,2,3,3,4,0,4,0,0,7,0,0,3,3,11,1,5,14,1,1,0,1,1
RPS6KA4,12,10,12,14,13,16,13,28,12,27,13,16,16,14,18,14,23,33,19,18,22,18,13,43
RPS6KA5,0,0,0,0,2,1,1,0,0,0,0,0,0,0,0,0,0,2,0,0,2,0,0,0
RPS6KB1,9,8,7,8,15,6,7,4,6,6,7,9,11,8,5,4,5,4,9,9,7,8,5,9
RPS6KB2,6,6,8,10,4,4,8,4,5,6,8,17,12,6,7,5,5,17,9,8,6,17,6,27
RRAGA,37,29,76,25,26,46,27,32,28,49,22,14,24,43,35,53,35,30,43,27,30,38,58,35
RRAGC,2,1,3,6,1,2,2,9,1,3,1,1,4,3,5,4,3,7,5,2,4,3,3,3
RRAGD,3,1,2,10,8,4,8,10,0,0,2,0,1,3,0,0,2,13,0,3,1,0,5,4
RRAS,15,46,8,11,23,21,10,20,9,49,18,28,43,9,5,132,30,2,62,3,38,25,11,3
RRAS2,6,14,4,11,17,6,7,9,8,12,7,10,6,18,12,12,45,4,12,15,13,5,9,5
RRM2,47,60,71,50,28,50,42,74,98,74,56,117,55,49,18,20,38,48,34,11,8,38,39,40
RRM2B,6,6,9,8,29,12,6,3,4,7,7,10,4,6,46,6,6,4,7,5,5,11,12,17
RSPO1,0,0,0,0,0,0,0,0,0,0,0,0,0,0,0,0,0,0,0,0,0,0,0,0
RSPO2,0,2,0,0,0,0,0,0,0,1,0,0,0,0,0,0,0,0,0,0,0,0,0,0
RSPO3,0,0,0,4,0,0,0,19,7,0,52,0,0,0,0,0,0,0,0,0,0,0,0,0
RSPO4,0,0,0,12,0,0,0,0,0,2,0,4,0,0,0,0,0,0,0,0,0,0,0,0
RUVBL1,20,36,28,11,14,28,15,13,39,15,17,37,13,42,12,19,13,17,12,13,10,17,41,17
RXFP3,0,0,0,0,0,0,0,0,0,0,0,0,0,0,0,0,0,0,0,0,0,0,0,0
RXRA,3,6,2,1,5,2,4,14,7,10,9,1,3,5,7,1,7,3,5,3,12,13,2,10
RXRB,15,12,10,9,17,10,14,4,5,7,7,9,11,11,11,16,12,9,8,12,5,15,8,24
RXRG,3,0,18,0,0,10,0,0,0,0,0,0,0,0,0,0,0,17,0,0,0,0,19,0
RYK,7,11,12,9,13,12,6,6,4,10,4,13,5,46,14,13,13,8,10,12,12,8,13,9
RYR1,0,0,0,3,0,0,0,0,0,0,0,1,0,2,0,0,0,0,0,0,1,0,0,0
RYR2,0,0,1,0,0,0,0,0,0,0,0,0,0,0,0,0,0,0,0,1,0,0,1,0
S100A9,0,0,0,3,0,0,0,358,0,222,1754,0,0,0,0,0,0,0,0,0,1,9,0,0
S1PR1,1,1,0,1,0,0,0,0,0,3,2,0,0,2,0,0,0,0,0,0,0,0,0,0
S1PR2,1,7,6,1,2,6,1,1,0,2,0,0,1,2,4,2,1,2,1,1,1,0,7,0
S1PR3,0,0,0,1,0,2,0,16,0,2,0,0,0,2,0,3,0,0,16,0,0,1,0,0
S1PR4,0,0,1,0,0,0,0,0,0,0,0,0,0,0,0,0,0,0,0,0,0,0,0,0
S1PR5,1,6,2,1,1,2,0,1,1,5,0,1,0,1,0,0,0,0,0,0,0,4,0,0
SAV1,6,6,7,12,13,5,11,5,10,6,7,6,8,12,12,3,7,4,5,8,26,5,5,5
SCD,97,211,108,135,188,101,51,85,224,106,104,6,97,76,67,60,17,401,110,133,274,233,42,313
SCD5,4,6,1,6,8,3,10,3,2,35,0,2,1,36,11,3,8,2,8,3,5,0,2,1
SCP2,6,7,7,24,6,5,10,10,5,10,8,5,15,11,9,12,15,10,14,6,3,13,9,13
SCRIB,33,20,19,13,21,22,22,43,15,29,18,20,16,23,37,13,19,20,7,18,33,27,21,27
SEC13,16,20,22,29,10,26,12,50,17,21,13,14,17,13,10,28,26,21,17,11,7,19,18,14
SEH1L,6,9,6,11,8,4,7,4,6,4,5,16,9,13,15,3,7,5,4,14,3,3,4,5
SENP2,6,5,6,19,7,7,7,4,4,9,5,3,4,13,9,7,4,8,8,18,10,17,5,6
SERPINE1,0,0,0,7,28,2,0,418,2,0,2,3,9,0,446,133,44,4,55,23,7,0,6,0
SERPINF1,3,52,2,0,0,1,1,0,0,1,0,0,1,0,0,85,0,2,0,45,0,3,31,1
SESN1,1,2,2,1,3,3,6,1,1,0,2,2,2,1,2,2,2,1,1,2,1,1,8,7
SESN2,4,32,5,4,25,5,8,11,2,5,13,5,41,4,54,10,4,2,2,20,10,7,5,1
SESN3,2,0,1,2,2,3,3,0,4,0,1,0,0,2,0,0,0,1,5,5,15,0,11,41
SETD7,10,7,6,5,13,6,6,14,12,5,12,3,2,5,12,7,4,4,8,3,6,7,4,16
SFN,0,0,0,123,75,0,51,1,67,278,124,27,20,2,12,0,78,0,76,38,79,57,0,0
SFRP1,63,0,84,16,0,114,0,2,0,0,0,2,0,3,0,18,4,12,25,0,0,0,31,2
SFRP2,0,0,0,0,0,0,0,0,0,0,0,0,0,0,0,58,0,0,0,0,0,0,0,0
SFRP4,0,0,0,0,0,0,0,0,0,0,0,0,0,0,0,0,0,0,0,0,0,0,0,0
SFRP5,0,0,0,0,0,0,0,0,0,0,0,0,0,0,0,0,0,0,0,2,0,0,0,0
SGK1,18,0,14,7,0,33,0,7,2,0,0,21,5,0,0,6,1,63,1,0,3,0,72,0
SGK2,0,0,0,0,2,0,4,0,0,0,0,0,0,0,0,0,4,0,0,1,1,0,0,5
SGK3,1,0,0,2,2,0,0,0,0,0,0,0,0,0,1,0,0,1,0,0,0,4,3,0
SH2B1,7,8,8,7,6,7,8,6,6,7,4,3,10,4,7,7,6,7,4,7,12,9,4,3
SH2B2,0,2,1,1,2,1,1,2,1,2,2,0,0,0,6,0,0,1,0,2,5,0,2,0
SH2B3,29,10,59,1,7,26,8,14,14,1,0,7,5,1,78,43,7,39,4,9,5,1,65,2
SH2D2A,0,1,0,0,0,0,2,0,25,0,3,1,0,0,1,0,0,0,0,2,2,0,0,0
SHARPIN,15,8,9,14,11,11,8,44,6,24,12,9,17,11,20,12,15,15,12,8,23,24,10,14
SHC2,0,2,0,0,3,0,0,1,0,0,0,0,5,0,6,0,0,0,1,0,3,0,0,1
SHC4,5,0,2,0,0,4,0,0,0,0,1,0,0,0,0,0,0,8,0,0,0,0,1,0
SHH,0,0,0,0,0,0,2,1,1,0,0,2,5,0,0,0,0,0,12,0,0,0,0,9
SHISA5,22,51,24,15,18,25,13,35,23,36,20,19,15,26,21,56,15,27,26,11,33,26,14,27
SHOC2,9,5,11,13,16,8,9,11,8,10,10,6,6,14,10,10,13,9,7,9,10,25,5,7
SIAH1,1,2,1,1,4,1,2,1,1,4,1,1,2,1,3,1,1,1,1,5,5,1,1,1
SIK1,0,0,0,6,0,0,0,0,0,0,5,1,0,0,1,0,0,0,0,0,0,0,0,0
SIK2,9,7,4,2,4,3,4,4,4,4,3,4,3,5,4,7,6,3,3,11,21,7,3,5
SIN3A,6,13,9,7,7,5,7,6,5,5,10,10,6,5,8,6,8,7,9,5,11,8,4,11
SIPA1,12,15,7,6,10,13,1,24,3,3,2,6,6,4,8,5,9,13,13,5,10,6,10,5
SIPA1L1,5,5,1,10,5,2,6,1,1,4,4,3,5,8,11,2,3,1,7,4,10,4,3,4
SIVA1,10,14,8,20,6,11,13,7,19,14,13,13,24,12,7,8,12,17,10,8,12,16,14,8
SKAP1,0,0,0,1,6,0,0,0,0,0,0,0,0,0,0,0,0,0,10,36,8,5,0,0
SKP1,18,17,18,28,11,17,18,13,16,16,20,13,24,18,16,14,26,19,23,15,17,19,14,17
SKP2,26,26,22,15,7,17,28,19,24,27,10,18,8,16,7,7,11,13,7,10,6,13,14,16
SLC25A31,0,0,0,0,0,0,0,0,0,0,0,0,0,0,0,0,0,0,0,0,0,0,0,0
SLC25A4,11,14,13,7,3,10,9,6,6,5,7,2,11,8,6,4,11,15,3,6,4,5,6,6
SLC27A1,1,1,3,0,6,4,0,3,0,1,0,0,0,0,2,3,1,4,3,1,2,2,5,0
SLC27A4,10,14,14,4,10,15,8,18,18,24,12,10,16,14,43,7,22,17,7,12,9,14,15,21
SLC2A1,40,24,41,64,21,36,14,31,65,56,68,12,6,17,13,32,69,43,103,147,81,7,20,11
SLC2A4,0,1,0,0,0,0,0,0,0,0,0,0,0,0,0,0,0,0,0,0,0,0,0,0
SLC38A9,1,1,2,1,2,1,2,2,1,1,2,1,2,4,3,1,1,1,3,3,3,3,1,0
SLC3A2,135,61,69,94,78,50,49,60,78,110,172,27,101,91,58,55,132,81,62,76,99,46,37,14
SLC7A5,298,133,146,129,200,97,94,79,94,258,196,47,49,125,83,71,312,149,7,149,186,46,54,0
SLC8A1,0,3,0,0,0,0,0,0,0,1,0,1,0,0,0,0,1,0,0,0,0,0,0,0
SLC8A2,0,1,0,0,0,0,0,0,0,0,0,0,0,0,0,0,0,0,0,0,1,0,0,0
SLC8A3,0,0,0,0,0,0,0,0,0,0,0,0,0,0,0,0,0,0,0,0,0,0,0,0
SMAD1,1,3,1,1,3,1,3,6,2,3,2,0,0,4,3,2,3,1,2,3,4,1,1,1
SMAD2,2,2,2,4,4,1,2,1,3,3,7,3,1,2,2,2,3,2,2,1,1,1,1,2
SMAD3,9,2,13,11,10,13,12,12,3,12,11,26,8,10,1,7,15,13,51,14,10,1,7,1
SMAD4,5,6,3,3,8,3,5,1,3,3,3,3,1,3,6,4,6,3,4,0,3,3,2,8
SMAD5,10,10,10,11,18,10,13,6,9,5,10,7,10,8,13,7,10,12,6,5,12,7,8,10
SMAD6,0,3,3,3,0,3,5,1,2,5,1,1,3,15,0,0,14,2,1,4,39,0,1,1
SMAD7,4,3,3,1,1,2,9,2,0,4,1,1,3,14,1,6,19,3,3,2,16,2,4,5
SMAD9,3,1,0,0,0,0,0,0,0,0,0,0,0,2,4,0,3,0,0,0,1,0,2,7
SMO,11,13,7,4,4,12,5,11,5,4,0,2,10,6,0,0,11,6,1,0,0,5,1,4
SMPD2,4,3,3,2,3,2,10,8,3,2,5,5,6,4,6,4,8,4,5,3,3,3,7,6
SMURF1,9,11,8,9,10,10,9,15,6,11,11,12,16,8,14,6,6,10,10,9,12,3,7,3
SMURF2,8,3,8,13,59,12,6,5,1,8,3,20,3,36,109,12,11,4,10,9,21,5,6,4
SOCS1,0,0,0,0,1,0,0,3,0,1,0,0,1,0,0,11,0,0,0,0,1,0,0,0
SOCS2,2,15,2,2,3,2,4,0,1,0,0,10,0,0,1,1,0,3,0,1,0,0,5,0
SOCS3,2,17,6,3,14,8,2,13,16,4,2,5,2,12,2,5,3,1,18,3,2,0,4,0
SOCS4,7,6,6,7,13,7,7,3,8,6,5,15,5,19,13,6,8,8,7,14,6,6,7,5
SOCS5,6,6,10,5,9,8,4,7,3,4,3,10,3,4,4,15,5,4,12,4,7,2,6,5
SOCS6,8,6,7,7,16,5,8,5,3,10,2,7,3,1,6,7,8,8,10,3,6,2,5,3
SOCS7,3,5,8,2,14,6,7,3,3,4,6,9,3,4,5,2,9,5,5,7,9,7,4,11
SOD2,4,3,2,20,5,3,9,154,6,4,11,5,6,4,8,10,12,3,15,5,7,4,4,4
SORBS1,2,0,1,1,1,2,0,0,0,0,0,0,2,1,0,0,0,10,0,0,0,0,1,0
SORT1,10,2,4,42,8,9,15,0,0,11,7,3,19,24,10,7,15,52,1,10,4,20,7,7
SOS1,5,8,6,7,7,4,9,7,4,8,5,5,8,7,9,7,9,4,4,7,10,3,4,6
SOS2,4,2,3,3,6,4,3,2,2,5,3,5,3,7,8,5,7,5,7,7,9,7,3,4
SOST,0,0,0,0,0,0,0,0,0,0,0,0,0,0,0,0,0,0,0,0,0,0,0,0
SOX17,0,0,0,4,0,0,0,0,0,0,0,0,0,34,0,0,20,0,0,0,0,0,0,0
SOX9,0,5,0,5,60,0,31,10,4,12,0,2,15,5,0,5,0,0,25,67,55,8,0,10
SP1,15,17,19,17,27,14,20,10,11,12,19,15,10,19,20,13,24,12,10,24,34,23,9,13
SPHK1,9,4,3,7,0,9,4,9,1,2,2,12,1,1,36,9,4,15,6,0,1,1,10,0
SPHK2,3,4,5,1,1,5,1,1,2,5,2,1,6,1,1,5,2,2,1,2,2,2,3,8
SPOP,8,10,10,17,12,8,7,3,5,6,6,4,9,9,8,6,9,5,6,8,8,14,6,15
SPOPL,3,3,2,5,15,3,3,2,3,7,4,7,5,7,4,4,5,2,2,3,5,4,3,5
SRC,6,7,12,2,6,6,5,4,32,9,15,5,7,10,16,5,8,10,7,6,12,12,1,30
SREBF1,15,25,25,5,27,22,20,12,20,12,34,8,10,9,12,11,2,13,7,13,20,22,14,25
SRF,15,25,11,14,12,17,14,14,8,9,6,30,15,11,15,17,17,17,8,13,14,10,10,9
SRSF1,118,120,121,88,103,98,100,71,110,81,66,103,98,121,76,75,84,83,60,131,66,94,82,90
SSTR2,0,0,0,0,0,0,0,0,0,0,0,0,0,0,0,0,0,0,0,0,0,1,0,0
SSTR5,0,0,0,0,4,0,7,0,0,0,0,0,0,0,0,0,0,0,0,0,2,0,0,3
STAM2,3,2,3,6,7,4,4,2,3,4,3,5,3,2,5,6,5,4,4,4,5,4,5,4
STAT1,15,118,13,65,29,17,16,40,19,95,12,44,54,15,19,55,34,28,40,19,129,15,15,9
STAT2,6,12,7,21,13,7,9,6,2,23,8,6,8,9,18,22,8,14,14,8,31,13,9,10
STAT3,12,11,14,13,16,18,8,19,5,26,22,31,13,8,6,13,34,7,23,7,14,25,18,5
STAT5A,5,0,4,1,0,3,4,0,0,0,0,0,1,0,4,3,1,5,1,0,2,0,3,0
STAT5B,11,9,6,3,2,9,6,4,7,4,9,5,6,3,14,9,21,6,7,12,10,12,8,4
STAT6,17,19,15,2,13,26,33,9,26,10,27,11,12,2,27,20,26,21,16,11,37,21,24,16
STEAP3,10,3,2,7,13,6,13,31,17,2,8,13,15,1,15,19,5,1,15,8,14,6,10,5
STIM1,4,4,2,6,5,5,7,6,4,10,4,3,2,10,8,5,16,6,7,21,10,4,5,6
STIM2,6,5,8,3,10,5,7,5,3,4,3,4,3,4,3,2,6,3,5,3,6,2,7,8
STK11,2,6,4,0,9,6,7,5,3,4,2,4,4,4,7,5,10,4,4,4,9,6,6,7
STK3,3,2,2,3,5,2,1,1,1,7,1,1,2,4,2,2,3,1,1,1,4,1,2,3
STK4,8,8,13,7,11,10,7,4,9,12,7,25,5,10,29,12,7,10,4,18,14,8,7,5
STMN1,58,47,64,55,22,42,51,18,28,51,17,66,57,31,36,36,63,76,75,45,21,43,33,41
STRADB,10,8,4,12,7,9,9,9,10,5,6,4,7,4,11,15,12,15,9,7,8,2,17,3
SUFU,5,2,5,2,4,2,2,1,1,2,2,1,3,4,3,2,1,3,1,2,4,4,1,5
SUGT1,6,6,5,3,5,3,4,4,4,2,3,4,4,2,4,3,3,3,3,3,1,2,2,2
SYK,0,0,0,3,1,0,18,0,0,0,8,0,0,16,8,0,3,0,0,23,16,4,0,3
TAB1,6,8,7,6,5,7,6,5,5,5,4,3,6,4,5,7,8,6,5,9,5,7,6,9
TAB2,13,7,11,14,24,9,13,24,4,23,10,29,12,12,17,19,23,7,23,11,12,20,10,24
TACR1,0,0,0,0,0,0,0,0,0,0,0,0,0,2,0,0,0,0,0,0,0,0,0,0
TACR2,0,0,0,0,0,0,0,0,0,0,0,0,0,0,0,0,0,0,0,0,0,0,0,0
TACR3,0,0,0,0,0,0,0,0,0,0,0,0,0,0,0,0,0,0,0,0,0,0,0,0
TANK,5,4,3,5,16,5,4,8,7,8,8,5,5,6,7,10,6,4,5,7,5,3,6,3
TAOK1,5,7,9,5,10,9,5,5,5,8,7,10,3,15,13,8,14,7,5,7,13,9,7,15
TAOK2,7,9,9,9,9,9,7,10,8,11,4,7,9,3,9,8,9,7,8,7,11,14,7,5
TAOK3,4,0,3,5,2,3,4,7,2,9,4,1,3,2,3,6,2,5,5,1,5,5,6,2
TBC1D1,6,6,6,4,8,5,10,7,3,9,1,4,3,7,10,5,8,5,7,5,10,3,6,1
TBC1D4,50,8,19,1,12,8,10,3,6,1,6,6,0,1,10,5,0,3,9,1,7,2,5,7
TBC1D7,3,1,1,3,0,4,1,1,1,1,2,1,3,2,0,3,2,16,1,1,1,3,7,0
TBK1,9,10,12,12,11,9,15,7,12,11,10,16,5,6,9,7,8,9,8,8,8,13,13,10
TBKBP1,2,14,1,1,5,2,2,1,1,4,3,3,1,4,4,1,2,0,1,3,3,3,4,4
TBL1XR1,9,9,8,14,29,11,15,7,5,10,9,10,12,26,25,10,17,7,9,13,11,18,14,19
TBX3,12,0,16,0,1,8,11,2,2,0,0,2,0,0,2,28,0,2,0,1,27,2,4,47
TBXA2R,0,1,0,0,0,1,0,1,1,0,0,1,0,0,1,2,0,0,0,0,0,0,1,0
TCF3,6,26,8,9,24,13,22,11,15,8,8,23,7,20,19,14,25,17,9,34,16,11,13,10
TCF7,0,0,0,4,2,1,2,1,0,1,1,0,0,0,3,3,1,0,1,2,3,0,0,0
TCF7L1,2,4,0,1,3,1,1,1,0,17,0,2,17,4,0,1,4,0,0,0,1,11,1,0
TCF7L2,6,9,17,3,47,3,6,6,4,9,8,3,6,5,6,1,7,3,3,13,17,3,2,3
TCL1A,0,0,0,0,0,0,0,0,0,0,0,0,0,0,0,0,0,0,0,0,0,0,1,0
TCL1B,0,0,0,0,0,0,0,0,0,0,0,0,0,0,0,0,0,0,0,0,0,0,0,0
TEAD1,28,13,15,24,18,23,9,5,15,14,20,22,3,25,13,25,24,23,18,29,16,7,22,20
TEAD2,5,26,8,6,10,5,1,10,5,7,0,5,32,21,8,10,13,1,13,3,13,11,7,0
TEAD3,3,6,3,10,11,4,9,4,2,18,10,3,8,12,11,6,10,4,4,4,12,25,2,5
TEAD4,13,25,12,17,6,12,22,33,16,11,6,54,14,10,16,4,8,14,4,26,15,19,10,8
TEC,0,0,0,1,2,0,1,4,1,0,2,1,0,1,1,2,3,0,3,0,2,0,0,0
TEK,0,0,0,0,0,0,0,0,0,0,0,0,0,0,0,0,0,0,0,0,0,0,0,0
TELO2,11,15,10,4,6,15,12,16,14,12,8,9,17,7,15,7,13,12,7,5,19,20,12,10
TF,1,0,1,0,0,21,0,0,0,0,0,0,0,0,0,0,0,1,0,0,0,0,2,0
TFDP1,79,64,83,33,37,46,66,86,44,23,35,40,64,26,29,23,43,39,39,44,16,33,18,25
TFF1,0,0,0,2,0,0,3,0,0,0,277,0,2277,0,0,0,0,0,0,0,0,13,0,2
TFRC,71,42,46,65,33,133,40,61,84,90,48,71,59,55,11,41,51,57,77,31,26,245,44,67
TGFA,66,0,93,18,20,24,4,1,0,34,12,0,0,3,0,0,9,0,11,20,11,3,61,0
TGFB1,17,27,15,17,15,9,12,7,15,14,0,13,32,2,33,36,9,5,30,26,41,0,23,0
TGFB3,1,2,1,0,0,1,0,0,1,1,0,0,4,1,1,0,0,0,1,0,1,31,8,0
TGFBR1,8,8,5,4,10,11,6,7,8,7,3,17,5,9,15,17,5,12,8,5,9,12,7,3
TGIF1,4,10,4,12,23,5,9,5,3,6,9,16,9,8,9,6,10,4,7,7,5,1,10,3
TGIF2,7,15,12,1,5,5,7,8,4,6,5,10,8,18,13,11,5,7,2,16,9,9,2,2
TH,0,0,0,0,0,0,0,0,0,1,0,0,0,0,0,0,0,0,0,0,0,0,0,0
THBD,0,0,0,2,0,0,0,2,1,0,44,0,0,0,0,22,19,13,10,0,1,0,0,0
THBS1,96,3,139,45,0,142,20,2,0,61,1,31,30,17,0,152,198,23,193,0,48,29,25,85
THBS3,3,25,6,4,5,6,3,1,4,4,3,7,1,15,1,10,5,3,7,4,14,15,5,2
THBS4,0,0,0,4,0,0,0,0,0,0,0,0,0,2,0,0,1,0,0,0,0,0,0,0
THEM4,19,0,14,2,9,12,7,6,7,3,12,7,2,5,7,5,2,24,5,11,5,5,11,8
THPO,0,0,0,0,0,0,0,0,0,0,0,0,0,0,0,0,0,0,0,0,0,0,0,0
THRA,5,5,5,1,4,4,4,2,4,2,1,0,6,1,4,7,9,6,8,4,19,9,5,5
THRB,0,0,1,1,0,0,3,0,0,6,1,0,1,1,0,0,3,0,1,0,0,3,1,8
TIAM1,8,4,6,1,14,5,0,1,0,5,0,2,0,5,0,1,1,0,2,1,0,2,3,3
TICAM1,5,5,5,3,11,6,7,8,4,4,8,8,2,3,12,8,7,8,5,7,9,5,4,7
TIRAP,3,3,4,1,3,1,2,1,3,3,2,1,2,1,2,1,3,1,3,2,3,10,1,3
TLE1,6,1,7,2,6,12,5,14,0,10,4,7,25,23,5,5,35,7,8,0,9,9,8,1
TLE2,1,6,0,8,9,1,7,4,0,6,0,3,20,2,9,0,4,0,0,0,5,9,0,0
TLE3,2,3,4,2,4,3,7,2,4,4,5,3,2,4,5,2,1,5,3,9,7,6,2,17
TLE4,5,9,9,0,0,3,1,4,1,4,0,0,6,0,0,3,1,0,0,0,5,0,3,0
TLE6,0,1,0,0,2,0,0,0,0,0,1,1,1,0,0,0,0,0,1,0,0,1,1,0
TLN1,44,29,40,29,15,33,21,62,20,27,17,67,14,35,29,44,116,35,19,17,27,16,21,25
TLR2,0,0,0,0,0,0,1,0,0,0,0,0,0,0,0,2,1,0,6,0,0,0,0,0
TLR5,0,0,0,0,1,0,0,0,0,0,0,0,0,0,0,0,1,0,3,0,0,1,0,0
TLR9,0,0,0,0,0,0,0,0,0,0,0,0,0,0,0,0,0,0,0,0,0,0,0,0
TNF,0,0,0,1,0,0,0,0,0,0,0,0,0,0,0,0,2,0,0,0,0,0,0,0
TNFAIP3,2,0,1,0,1,2,1,51,8,2,1,11,0,4,1,6,2,22,6,1,3,0,4,0
TNFRSF10A,1,0,8,7,16,0,12,11,16,4,26,12,0,6,16,3,3,0,15,14,7,5,0,5
TNFRSF10B,34,39,26,22,85,34,29,28,26,8,62,29,14,29,63,29,18,19,35,60,20,11,52,5
TNFRSF11A,4,0,0,0,0,0,3,0,0,0,0,0,0,0,0,0,0,0,3,0,0,0,0,0
TNFRSF13C,0,0,0,0,1,0,0,0,0,0,0,0,0,0,0,0,0,1,0,1,0,0,0,0
TNFRSF1B,0,0,2,1,0,0,18,0,1,0,0,0,0,0,0,0,0,0,1,21,8,0,0,0
TNFSF14,0,0,0,0,0,0,0,0,0,0,0,0,0,0,0,0,0,0,0,0,0,0,0,0
TNNI3,0,0,0,3,7,0,0,1,0,2,0,2,6,4,1,0,0,0,0,0,3,5,0,0
TNXB,0,0,0,0,1,0,0,0,1,0,0,0,0,0,0,0,0,0,0,0,0,0,0,0
TOLLIP,5,3,4,2,4,5,5,5,2,3,5,3,3,6,11,5,8,8,6,9,9,5,5,17
TP53,24,21,15,1,25,16,16,11,11,3,16,13,14,20,7,2,1,6,1,31,27,20,5,18
TP53AIP1,0,0,0,0,0,0,0,0,0,0,0,0,0,0,0,0,0,0,0,0,0,0,0,0
TP53BP1,6,13,7,8,8,6,5,16,6,9,3,7,2,10,8,9,14,2,13,6,12,9,5,6
TP53BP2,14,16,14,9,9,8,9,25,7,9,7,14,13,16,13,6,16,13,9,7,9,6,8,6
TP53I3,4,15,17,13,4,12,6,2,9,31,15,6,14,8,4,15,7,6,6,6,7,195,18,2
TP73,1,0,1,1,2,0,3,1,0,1,0,1,1,0,2,0,0,1,1,0,2,3,0,1
TRADD,2,2,2,4,3,4,4,3,9,11,6,3,7,4,3,6,4,3,17,8,6,7,4,1
TRAF1,1,0,19,0,1,1,0,5,0,0,0,4,0,1,2,1,0,0,11,0,3,0,3,1
TRAF2,11,10,8,4,3,9,7,15,12,8,6,9,9,9,10,6,8,10,6,5,6,15,6,12
TRAF3,8,10,6,6,7,7,7,6,5,5,6,8,3,10,8,7,11,7,7,6,13,3,7,8
TRAF3IP2,5,0,4,1,2,4,5,4,3,2,3,0,1,3,3,3,2,7,6,2,2,4,11,2
TRAF4,15,13,17,13,12,18,14,11,15,30,40,21,25,38,8,4,13,19,7,13,30,23,24,30
TRAF5,5,6,3,1,3,2,6,1,2,0,3,0,0,2,6,3,3,5,3,24,6,2,3,0
TRAF6,2,2,2,1,3,1,2,2,1,2,1,2,0,3,5,2,5,1,2,7,4,3,2,1
TRIM25,16,27,21,17,53,12,22,14,19,28,27,11,8,25,40,18,33,17,21,41,45,28,7,16
TRIP10,11,11,11,12,20,11,14,15,15,19,20,20,14,13,20,12,20,9,13,5,24,11,14,2
TRIP6,32,27,28,44,23,40,16,57,54,24,48,0,37,11,58,18,18,34,25,0,17,6,67,0
TSC1,3,4,4,2,6,3,5,5,2,5,2,3,5,7,15,4,5,3,4,4,8,8,3,5
TSC2,10,7,12,3,4,11,4,7,5,6,6,4,5,10,8,7,9,5,8,6,12,10,5,4
TSHR,0,0,0,0,0,0,0,0,0,0,0,0,0,0,0,0,0,0,0,0,0,0,0,0
TSLP,0,0,0,0,0,0,0,0,0,0,0,0,0,0,1,0,0,0,0,0,0,0,0,0
TTI1,14,19,21,5,8,14,11,8,13,21,10,22,6,19,19,14,8,7,10,14,16,15,11,11
TXN,236,101,282,477,159,196,256,594,803,220,864,286,158,211,155,296,237,199,266,167,89,181,181,264
TXN2,46,39,40,36,27,58,40,32,38,40,36,20,36,14,36,36,22,54,24,28,10,41,46,32
TXNIP,15,3,12,71,0,46,24,315,15,18,167,3,28,6,99,2,62,13,25,352,238,33,15,20
TYK2,6,14,17,8,8,12,10,4,7,11,7,9,6,8,20,14,9,13,8,8,6,9,13,5
UBC,185,241,212,262,227,294,238,451,399,298,367,335,232,231,186,343,586,309,472,230,393,363,250,259
UCP1,0,0,0,1,0,0,0,0,0,0,0,0,0,0,0,0,0,0,0,0,0,0,0,0
ULK1,2,6,6,4,4,5,6,3,7,7,6,5,14,8,5,9,7,2,7,6,17,13,4,11
ULK2,3,2,0,2,2,0,1,1,1,3,2,2,0,2,3,1,4,1,2,2,1,4,0,2
USP25,5,5,2,3,9,3,5,4,4,10,2,3,4,28,7,4,15,2,8,10,10,3,2,8
USP7,16,25,24,10,22,19,32,22,29,18,21,23,17,15,24,14,23,14,10,30,22,24,25,21
VANGL1,5,4,4,8,6,4,6,4,8,7,5,13,4,7,3,4,10,7,12,3,4,3,3,7
VANGL2,5,12,2,4,0,2,2,4,0,7,1,0,16,11,0,0,0,4,0,1,6,0,0,0
VASP,17,25,20,9,22,23,15,10,9,46,21,27,54,10,24,19,23,11,13,24,38,16,19,4
VAV2,5,5,8,6,9,11,9,18,7,15,7,8,3,11,19,16,22,3,5,13,37,12,5,21
VAV3,0,2,0,0,0,1,0,1,0,8,0,1,0,20,0,0,6,0,0,0,0,27,1,0
VDAC1,156,155,124,100,72,186,121,127,233,108,201,105,148,81,74,78,222,194,75,99,100,52,177,106
VDAC2,56,84,39,95,58,48,69,116,108,71,123,62,58,100,50,36,70,81,30,91,40,70,61,39
VDAC3,37,41,28,44,20,21,48,35,55,17,59,32,47,77,35,24,52,39,25,30,25,60,45,34
VEGFA,6,6,3,3,14,7,4,10,2,6,7,3,19,3,8,21,8,6,17,21,19,2,6,2
VEGFB,32,21,15,37,11,29,18,51,8,22,4,6,36,24,36,34,20,55,29,16,31,22,20,46
VEGFC,4,1,2,1,0,1,0,11,1,4,9,0,0,1,2,30,2,0,4,0,0,0,3,0
VHL,11,27,15,15,31,13,14,25,9,11,11,10,4,16,20,15,19,7,11,29,9,19,7,32
VIPR2,0,0,0,1,0,0,0,0,0,0,0,0,0,0,0,0,0,0,0,0,0,0,0,0
WDR24,2,2,4,2,2,2,2,8,2,3,2,1,3,2,4,2,3,3,2,3,8,4,2,6
WDR59,4,8,4,2,7,2,6,3,5,10,4,5,6,3,7,4,5,3,8,13,7,6,4,3
WIF1,0,16,0,0,0,0,0,0,0,0,0,0,0,0,0,0,0,0,0,0,0,0,0,0
WNT1,0,0,0,0,0,0,0,0,0,0,0,0,0,0,0,0,0,0,0,0,0,0,0,0
WNT10A,0,0,0,5,0,0,0,0,0,0,0,0,0,12,0,6,9,0,0,1,23,0,0,0
WNT10B,2,3,1,1,2,1,2,3,8,0,1,1,2,1,0,0,0,0,0,0,0,1,4,1
WNT11,0,0,0,0,0,0,5,0,0,0,0,0,0,16,2,2,0,0,0,1,140,0,0,0
WNT16,0,0,0,0,23,0,1,0,0,0,0,0,0,0,0,0,0,0,0,0,0,0,0,0
WNT2,0,0,0,0,0,0,0,0,0,0,0,19,0,0,0,0,0,0,0,0,0,0,0,9
WNT2B,0,0,0,0,0,0,0,0,0,0,0,0,0,0,1,0,0,0,0,0,1,0,0,0
WNT3,0,1,1,4,1,0,3,2,1,1,3,1,2,1,1,0,3,0,3,3,2,0,0,1
WNT3A,0,0,0,1,1,0,0,0,0,0,0,0,0,0,0,0,0,0,0,0,0,0,0,0
WNT4,0,0,0,0,0,0,0,0,0,0,0,0,0,0,0,0,0,0,0,0,0,1,0,0
WNT5A,0,0,7,2,0,16,3,4,3,3,15,0,0,14,0,50,1,0,0,0,2,0,1,0
WNT6,0,0,0,0,1,0,0,0,0,1,0,0,0,0,0,4,0,0,0,3,0,0,0,0
WNT7A,0,0,0,3,0,0,0,0,0,2,0,0,0,0,0,0,34,0,0,0,0,0,0,0
WNT7B,0,0,0,4,3,0,3,0,0,16,6,0,0,3,0,4,29,0,5,2,4,3,0,1
WNT9A,0,0,1,4,1,0,0,4,0,8,0,1,0,1,0,19,10,0,1,0,3,6,0,0
WNT9B,0,0,0,0,0,0,0,0,0,0,0,0,0,0,0,0,0,0,0,0,0,0,0,0
WTIP,1,1,0,1,1,0,0,0,0,2,0,1,3,0,0,0,2,0,0,0,0,1,0,0
WWC1,1,2,0,16,7,1,15,12,5,21,6,5,3,15,6,0,19,2,0,6,15,14,1,17
WWTR1,38,6,79,8,11,77,1,8,9,6,5,7,5,15,7,26,29,21,21,1,0,5,94,1
YAP1,19,37,27,34,42,18,14,29,12,40,12,39,21,17,35,25,37,13,22,57,55,34,17,12
YWHAB,81,65,109,140,54,141,61,40,81,154,91,183,96,106,88,116,112,107,72,115,96,94,80,87
YWHAE,219,213,267,103,138,149,129,226,262,212,216,169,159,120,137,149,101,151,139,242,62,155,188,285
YWHAG,57,126,125,94,81,113,82,177,162,103,152,70,39,106,59,82,86,84,115,93,67,98,134,114
YWHAH,48,56,24,77,45,62,62,30,42,48,21,40,46,54,37,33,89,59,43,44,22,26,34,23
YWHAQ,176,146,167,193,102,162,99,230,178,183,171,203,136,264,119,292,141,126,194,141,81,78,97,112
YWHAZ,209,69,110,93,183,105,78,12,61,240,89,92,91,153,138,113,128,188,114,97,83,84,115,114
ZAP70,0,0,0,0,0,0,0,0,0,0,0,0,0,0,0,0,0,0,0,0,0,0,0,0
ZFYVE16,6,7,5,9,6,9,6,4,4,7,4,5,2,10,3,4,9,18,4,5,9,5,8,3
ZFYVE9,3,6,5,5,7,3,6,5,2,4,3,3,7,6,9,6,10,4,5,5,4,3,4,5
ZMAT3,2,2,3,6,7,10,4,1,1,3,2,5,1,2,15,3,2,2,2,2,1,2,12,0
ZNF274,2,1,3,2,2,3,0,7,2,7,2,6,1,4,0,5,6,3,4,4,7,7,4,5
ZNRF3,0,0,0,0,0,0,0,0,0,0,0,0,0,0,0,0,0,0,0,0,0,0,0,0
