Drug A,Drug B,Cell Line Name,Score,Pred Score
Fulvestrant,Sirolimus,PC-3,-0.5555555555555556,-3.900323152542114
Romidepsin,Cladribine,BT-549,1.8888888888888888,-3.906162977218628
Dasatinib,Tretinoin,PC-3,-0.2222222222222222,-0.1897057592868805
Vorinostat,Tretinoin,SF-268,-13.666666666666666,-7.032060146331787
Mitotane,Dasatinib,SF-539,1.6666666666666667,0.817621111869812
Fulvestrant,Everolimus,K-562,6.444444444444445,3.76953387260437
Fulvestrant,Nilotinib,RPMI-8226,-5.111111111111111,-5.759927749633789
Dasatinib,Paclitaxel,SF-268,-1.0,-1.6706677675247192
Vorinostat,Celecoxib,MDA-MB-231/ATCC,2.6666666666666665,-5.557906627655029
Mitotane,Tretinoin,SR,-4.111111111111111,-4.503542900085449
Nilotinib,Mitotane,A498,-2.2222222222222223,-8.476264953613281
Tretinoin,Celecoxib,SK-MEL-5,-0.3333333333333333,-2.079487562179565
Everolimus,Sirolimus,LOX IMVI,-4.888888888888889,-1.112671971321106
Docetaxel,Tretinoin,BT-549,25.11111111111111,20.55836296081543
Fulvestrant,Tretinoin,RPMI-8226,-10.88888888888889,-4.809484481811523
Everolimus,Tretinoin,HS 578T,2.555555555555556,-4.803925037384033
Fulvestrant,Cladribine,HOP-92,-0.4444444444444444,-0.3874905109405517
Vorinostat,Paclitaxel,BT-549,-19.55555555555556,-7.232893943786621
Everolimus,Romidepsin,T-47D,-0.8888888888888888,-4.298069000244141
Tretinoin,Celecoxib,MDA-MB-231/ATCC,-6.555555555555555,-6.404989719390869
Thalidomide,Mitotane,HOP-92,-4.222222222222222,-5.876632690429688
Mitotane,Sirolimus,SK-OV-3,-5.0,-7.553679466247559
Mitotane,Dasatinib,U251,-4.444444444444445,-4.084956645965576
Romidepsin,Cladribine,SW-620,-2.333333333333333,-4.687901020050049
Vorinostat,Sirolimus,NCI-H522,-3.888888888888889,-3.046687126159668
Fulvestrant,Nilotinib,PC-3,-2.111111111111111,-3.988789558410645
Dasatinib,Sirolimus,UACC-257,-6.111111111111111,-2.953145980834961
Romidepsin,Tretinoin,NCI-H460,2.2222222222222223,-1.6900217533111572
Fulvestrant,Nilotinib,NCI-H23,-8.88888888888889,-6.518125534057617
Everolimus,Celecoxib,HCT-116,1.8888888888888888,-3.287576913833618
Docetaxel,Tretinoin,MDA-MB-468,24.77777777777778,25.439828872680664
Everolimus,Romidepsin,A549/ATCC,0.3333333333333333,-2.85893177986145
Dasatinib,Tretinoin,SF-268,-2.2222222222222223,1.0717262029647827
Fulvestrant,Dasatinib,LOX IMVI,8.555555555555555,-2.7887113094329834
Sirolimus,Tretinoin,KM12,-2.7777777777777777,-2.1211652755737305
Dasatinib,Paclitaxel,U251,3.4444444444444446,-2.6855673789978027
Vorinostat,Cladribine,SNB-75,-2.555555555555556,-2.196362018585205
Fulvestrant,Romidepsin,MCF7,2.555555555555556,1.408826470375061
Paclitaxel,Celecoxib,UACC-62,28.88888888888889,12.870141983032228
Sirolimus,Cladribine,SF-295,-18.11111111111111,-7.188336372375488
Docetaxel,Nilotinib,K-562,-5.666666666666667,16.718475341796875
Vorinostat,Docetaxel,RPMI-8226,-1.0,-9.976033210754396
Thalidomide,Paclitaxel,SK-MEL-28,0.3333333333333333,-6.097202301025391
Fulvestrant,Cladribine,ACHN,0.3333333333333333,-7.0346999168396
Gefitinib,Lenalidomide,MDA-MB-231/ATCC,-1.3333333333333333,-7.151902198791504
Vorinostat,Paclitaxel,UACC-257,-4.888888888888889,-7.639810562133789
Mitotane,Docetaxel,T-47D,-7.555555555555555,-2.932720899581909
Romidepsin,Cladribine,RPMI-8226,-6.888888888888889,-0.8224051594734192
Everolimus,Cladribine,UACC-62,-4.0,-3.361363649368286
Dasatinib,Sirolimus,MCF7,1.6666666666666667,-0.1960095465183258
Thalidomide,Paclitaxel,HS 578T,8.666666666666666,-0.6990955471992493
Docetaxel,Paclitaxel,T-47D,1.7777777777777777,-9.58896827697754
Thalidomide,Sirolimus,MCF7,0.1111111111111111,-1.6870440244674685
Fulvestrant,Everolimus,OVCAR-3,13.88888888888889,7.195833206176758
Romidepsin,Celecoxib,OVCAR-3,-0.3333333333333333,-0.8379368782043457
Romidepsin,Docetaxel,HCT-116,8.444444444444445,-6.101845264434815
Tretinoin,Cladribine,SNB-75,-0.2222222222222222,-2.816656827926636
Thalidomide,Paclitaxel,HCT-15,-6.555555555555555,-6.40938138961792
Docetaxel,Tretinoin,SF-268,2.6666666666666665,19.284263610839844
Everolimus,Sirolimus,U251,-4.555555555555555,-2.994724750518799
Docetaxel,Fulvestrant,UO-31,-0.5555555555555556,3.8973469734191895
Dasatinib,Romidepsin,PC-3,-1.0,-1.2395083904266355
Sirolimus,Mitotane,IGROV1,14.666666666666666,2.539428949356079
Romidepsin,Nilotinib,BT-549,-2.4444444444444446,-6.606225490570068
Dasatinib,Nilotinib,SW-620,-1.0,-6.2106475830078125
Nilotinib,Mitotane,U251,-12.0,-6.045437812805176
Fulvestrant,Sirolimus,UACC-62,-0.5555555555555556,-3.460747241973877
Mitotane,Tretinoin,A498,-0.8888888888888888,0.4073600769042969
Romidepsin,Sirolimus,UACC-62,-6.888888888888889,-0.5536908507347107
Tretinoin,Celecoxib,MDA-MB-468,-4.555555555555555,-4.781967639923096
Gefitinib,Lenalidomide,OVCAR-8,0.1111111111111111,-5.432372093200684
Dasatinib,Nilotinib,MCF7,-5.333333333333333,-6.426272392272949
Everolimus,Vorinostat,NCI-H522,-6.777777777777778,-2.91942834854126
Paclitaxel,Celecoxib,BT-549,27.88888888888889,17.437740325927734
Vorinostat,Tretinoin,OVCAR-8,-7.888888888888889,-8.046310424804688
Fulvestrant,Cladribine,MDA-MB-231/ATCC,-0.2222222222222222,-1.3012657165527344
Docetaxel,Sirolimus,A498,6.222222222222222,0.442256212234497
Megestrol acetate,Gefitinib,MDA-MB-231/ATCC,-14.444444444444445,-3.4927515983581543
Romidepsin,Nilotinib,MDA-MB-468,-5.555555555555555,-7.253971099853516
Thalidomide,Cladribine,NCI-H23,-13.555555555555555,-5.169417381286621
Fulvestrant,Paclitaxel,SK-OV-3,-9.88888888888889,-7.808141231536865
Romidepsin,Tretinoin,UACC-62,-7.333333333333333,-0.4363835752010345
Fulvestrant,Cladribine,NCI-H460,0.0,-5.969448566436768
Dasatinib,Tretinoin,UACC-62,0.1111111111111111,-0.5525616407394409
Docetaxel,Sirolimus,SNB-75,-5.555555555555555,3.4881091117858887
Vorinostat,Nilotinib,MDA-MB-468,-8.666666666666666,-8.613147735595703
Sirolimus,Cladribine,MDA-MB-468,-4.666666666666667,-10.584126472473145
Dasatinib,Sirolimus,KM12,0.4444444444444444,-1.920470714569092
Fulvestrant,Tretinoin,PC-3,0.0,0.6479306221008301
Megestrol acetate,Lenalidomide,SW-620,-5.444444444444445,-5.699541091918945
Sirolimus,Nilotinib,U251,0.2222222222222222,-3.547078847885132
Dasatinib,Nilotinib,T-47D,-16.555555555555557,-6.380616188049316
Fulvestrant,Tretinoin,NCI-H522,5.222222222222222,-8.100828170776367
Everolimus,Romidepsin,KM12,-4.333333333333333,-4.718017578125
Mitotane,Dasatinib,NCI-H23,-2.555555555555556,-5.052740573883057
Sirolimus,Celecoxib,MDA-MB-231/ATCC,15.11111111111111,0.6392659544944763
Fulvestrant,Paclitaxel,NCI-H460,-0.6666666666666666,-1.5622221231460571
Gefitinib,Lenalidomide,SK-MEL-2,-0.4444444444444444,1.1084188222885132
Fulvestrant,Paclitaxel,SF-268,-4.333333333333333,-2.3380651473999023
Vorinostat,Docetaxel,LOX IMVI,-3.7777777777777777,-6.771893501281738
Romidepsin,Paclitaxel,LOX IMVI,-2.333333333333333,-4.75490140914917
Nilotinib,Mitotane,T-47D,2.555555555555556,-6.007091522216797
Fulvestrant,Everolimus,LOX IMVI,15.88888888888889,6.5095977783203125
Vorinostat,Nilotinib,NCI-H522,-21.88888888888889,-10.335925102233888
Paclitaxel,Celecoxib,NCI-H522,21.444444444444443,11.85361385345459
Romidepsin,Sirolimus,HCT-116,4.333333333333333,-1.265374779701233
Vorinostat,Cladribine,NCI-H522,-1.2222222222222223,-1.9246511459350584
Everolimus,Celecoxib,MCF7,1.2222222222222223,-4.65771484375
Mitotane,Celecoxib,A549/ATCC,-3.6666666666666665,2.5045974254608154
Sirolimus,Celecoxib,OVCAR-4,3.0,5.386349678039551
Fulvestrant,Tretinoin,KM12,-2.333333333333333,0.673734188079834
Thalidomide,Mitotane,OVCAR-4,-3.888888888888889,-6.110075950622559
Vorinostat,Tretinoin,RPMI-8226,14.444444444444445,-7.309221267700195
Fulvestrant,Sirolimus,SR,-4.666666666666667,-6.697432994842529
Mitotane,Sirolimus,LOX IMVI,-4.0,-4.534806728363037
Sirolimus,Celecoxib,A549/ATCC,3.0,2.9021029472351074
Fulvestrant,Celecoxib,SF-295,-6.555555555555555,-5.24492073059082
Paclitaxel,Nilotinib,NCI-H460,-4.333333333333333,7.33930778503418
Mitotane,Everolimus,SF-539,6.888888888888889,6.590025901794434
Everolimus,Tretinoin,OVCAR-3,0.4444444444444444,-7.838962078094482
Everolimus,Vorinostat,HCT-15,-3.6666666666666665,-3.206087350845337
Fulvestrant,Everolimus,MDA-MB-468,28.444444444444443,3.775039196014404
Dasatinib,Paclitaxel,A498,3.0,-1.7330015897750854
Dasatinib,Nilotinib,SK-MEL-28,-24.11111111111111,-7.531163215637207
Docetaxel,Celecoxib,SK-MEL-28,14.22222222222222,6.080140590667725
Mitotane,Docetaxel,SF-268,10.666666666666666,-6.7673540115356445
Dasatinib,Paclitaxel,IGROV1,3.4444444444444446,-3.1430797576904297
Fulvestrant,Everolimus,EKVX,-6.888888888888889,4.40847110748291
Tretinoin,Cladribine,MCF7,0.0,-3.116529941558838
Docetaxel,Fulvestrant,MDA-MB-468,9.11111111111111,16.423412322998047
Romidepsin,Tretinoin,OVCAR-4,-2.888888888888889,-1.0250815153121948
Thalidomide,Cladribine,OVCAR-4,-11.0,-7.850235462188721
Romidepsin,Celecoxib,DU-145,-4.111111111111111,-2.450111150741577
Everolimus,Vorinostat,OVCAR-4,-4.777777777777778,-0.4665850400924682
Everolimus,Paclitaxel,DU-145,22.11111111111111,-0.3410007059574127
Fulvestrant,Romidepsin,KM12,8.222222222222221,1.7568680047988892
Fulvestrant,Sirolimus,MCF7,-4.777777777777778,-0.7348718643188477
Sirolimus,Cladribine,KM12,-5.444444444444445,-6.967602729797363
Mitotane,Paclitaxel,SW-620,1.5555555555555556,0.2329396605491638
Megestrol acetate,Lenalidomide,HCT-15,-3.4444444444444446,-10.830528259277344
Fulvestrant,Tretinoin,MDA-MB-231/ATCC,-2.555555555555556,1.1745706796646118
Fulvestrant,Celecoxib,ACHN,-5.111111111111111,-6.164798736572266
Fulvestrant,Sirolimus,U251,-11.333333333333334,-3.057452917098999
Gefitinib,Lenalidomide,OVCAR-3,-5.777777777777778,-2.270764112472534
Tretinoin,Cladribine,LOX IMVI,-10.555555555555555,-3.07140588760376
Everolimus,Romidepsin,SF-539,-13.666666666666666,-3.716175556182861
Everolimus,Vorinostat,A498,-4.888888888888889,-3.2673659324646
Thalidomide,Sirolimus,MDA-MB-231/ATCC,1.2222222222222223,-2.642828941345215
Dasatinib,Nilotinib,SNB-75,-5.888888888888889,-6.000925540924072
Everolimus,Nilotinib,A549/ATCC,-2.555555555555556,-4.584725379943848
Dasatinib,Paclitaxel,MCF7,-9.333333333333334,-1.661086916923523
Everolimus,Tretinoin,SF-539,-9.22222222222222,-2.620367288589477
Romidepsin,Sirolimus,SF-268,-8.333333333333334,-1.31743586063385
Fulvestrant,Sirolimus,A498,-2.0,-2.063575029373169
Everolimus,Celecoxib,KM12,-5.333333333333333,-3.897940397262573
Vorinostat,Docetaxel,A549/ATCC,-0.2222222222222222,-11.036523818969728
Thalidomide,Docetaxel,MDA-MB-231/ATCC,0.4444444444444444,-2.653102159500122
Fulvestrant,Dasatinib,NCI-H460,-3.333333333333333,-0.2048511505126953
Romidepsin,Docetaxel,SF-539,1.5555555555555556,-3.5862669944763184
Megestrol acetate,Lenalidomide,OVCAR-3,-2.2222222222222223,-0.5513801574707031
Nilotinib,Mitotane,PC-3,-3.888888888888889,-5.0791521072387695
Docetaxel,Tretinoin,OVCAR-4,11.444444444444445,20.334518432617188
Paclitaxel,Tretinoin,HCT-116,12.666666666666666,21.26681137084961
Romidepsin,Sirolimus,SW-620,1.3333333333333333,-6.131191253662109
Mitotane,Paclitaxel,BT-549,-5.555555555555555,-2.54533314704895
Everolimus,Celecoxib,SW-620,-2.0,-2.157902956008911
Vorinostat,Romidepsin,OVCAR-3,-2.0,-3.417907476425171
Dasatinib,Vorinostat,SF-539,-5.222222222222222,-0.6332574486732483
Fulvestrant,Vorinostat,OVCAR-4,-0.5555555555555556,-3.132460355758667
Paclitaxel,Nilotinib,NCI-H522,9.333333333333334,3.3871500492095947
Everolimus,Paclitaxel,SNB-75,5.333333333333333,-3.439561367034912
Nilotinib,Cladribine,IGROV1,-6.0,-0.044971227645874
Romidepsin,Cladribine,UACC-62,-4.777777777777778,-0.3509963750839233
Thalidomide,Mitotane,HOP-62,-5.555555555555555,-6.887477397918701
Nilotinib,Celecoxib,DU-145,-7.333333333333333,-4.379608154296875
Paclitaxel,Cladribine,HS 578T,9.444444444444445,-1.2532753944396973
Tretinoin,Celecoxib,HOP-92,2.555555555555556,-6.664489269256592
Dasatinib,Tretinoin,OVCAR-3,-1.2222222222222223,0.916863977909088
Everolimus,Romidepsin,HCT-15,-1.1111111111111112,-2.321732997894287
Dasatinib,Nilotinib,SF-268,-10.0,-3.8021256923675537
Everolimus,Celecoxib,SNB-75,0.4444444444444444,-4.899652481079102
Fulvestrant,Celecoxib,UO-31,-4.444444444444445,-7.728761672973633
Vorinostat,Celecoxib,SF-268,-9.666666666666666,-6.406639575958252
Mitotane,Cladribine,SF-268,1.3333333333333333,-3.962932586669922
Fulvestrant,Sirolimus,UO-31,-0.8888888888888888,-3.600802183151245
Mitotane,Docetaxel,HOP-62,-1.7777777777777777,0.2948640584945678
Thalidomide,Docetaxel,SF-268,2.2222222222222223,-3.139287233352661
Nilotinib,Mitotane,UO-31,-2.2222222222222223,-4.218626976013184
Gefitinib,Lenalidomide,MDA-MB-468,0.5555555555555556,-3.2587735652923584
Cladribine,Celecoxib,HOP-92,-9.88888888888889,2.931684970855713
Docetaxel,Celecoxib,SK-MEL-5,4.444444444444445,13.484490394592283
Everolimus,Tretinoin,NCI-H460,-1.0,-0.731734573841095
Nilotinib,Celecoxib,MCF7,-2.888888888888889,-4.043761253356934
Nilotinib,Tretinoin,MDA-MB-231/ATCC,-6.0,-6.830570220947266
Dasatinib,Docetaxel,NCI-H522,-0.2222222222222222,-1.8597204685211184
Fulvestrant,Vorinostat,KM12,-5.222222222222222,-1.6129605770111084
Docetaxel,Cladribine,MDA-MB-231/ATCC,-3.0,1.5991171598434448
Dasatinib,Docetaxel,UACC-257,0.5555555555555556,-3.048482894897461
Vorinostat,Tretinoin,SW-620,-5.0,-5.60181188583374
Everolimus,Cladribine,SNB-75,-2.6666666666666665,-4.141275882720947
Mitotane,Paclitaxel,UACC-257,-10.444444444444445,0.3142389059066772
Dasatinib,Nilotinib,KM12,-0.7777777777777778,-3.890324592590332
Fulvestrant,Dasatinib,A549/ATCC,7.111111111111111,-2.5532546043396
Fulvestrant,Paclitaxel,UACC-62,-4.222222222222222,-5.134675025939941
Thalidomide,Docetaxel,K-562,2.111111111111111,-3.376518487930298
Fulvestrant,Paclitaxel,HS 578T,-0.1111111111111111,-3.147037506103516
Paclitaxel,Tretinoin,RPMI-8226,42.55555555555556,18.46835708618164
Fulvestrant,Nilotinib,CAKI-1,-8.11111111111111,-4.955729961395264
Vorinostat,Celecoxib,A549/ATCC,-3.6666666666666665,-6.310135841369629
Mitotane,Cladribine,MDA-MB-468,-4.777777777777778,-4.914304733276367
Thalidomide,Tretinoin,EKVX,1.7777777777777777,-6.53089714050293
Sirolimus,Tretinoin,A498,7.222222222222222,-0.8289487957954407
Megestrol acetate,Gefitinib,HOP-62,-2.111111111111111,-10.796856880187988
Everolimus,Paclitaxel,KM12,-9.0,2.1099910736083984
Paclitaxel,Cladribine,BT-549,1.3333333333333333,-2.3074934482574463
Everolimus,Dasatinib,PC-3,-1.4444444444444444,-3.338947296142578
Docetaxel,Fulvestrant,SF-539,32.44444444444444,10.492274284362791
Docetaxel,Fulvestrant,A498,10.0,7.499192237854004
Sirolimus,Mitotane,UACC-257,-5.666666666666667,3.568087339401245
Dasatinib,Vorinostat,HCT-116,4.111111111111111,0.0350327640771865
Mitotane,Celecoxib,SK-MEL-28,-9.0,-6.36663293838501
Docetaxel,Tretinoin,NCI-H522,21.22222222222222,14.939197540283203
Romidepsin,Tretinoin,OVCAR-8,-6.666666666666667,-0.0956876277923584
Everolimus,Paclitaxel,UACC-62,3.0,-0.3663736879825592
Mitotane,Celecoxib,IGROV1,-1.4444444444444444,-2.51389741897583
Fulvestrant,Romidepsin,HCT-116,-0.2222222222222222,1.171079397201538
Mitotane,Dasatinib,NCI-H460,-1.1111111111111112,-2.1218574047088623
Fulvestrant,Celecoxib,U251,-8.555555555555555,-7.86346435546875
Mitotane,Dasatinib,LOX IMVI,0.7777777777777778,-3.675836324691773
Everolimus,Celecoxib,UO-31,4.555555555555555,1.643765211105347
Vorinostat,Romidepsin,SF-539,4.222222222222222,-1.4486461877822876
Everolimus,Nilotinib,SK-MEL-28,-41.333333333333336,-9.219670295715332
Cladribine,Celecoxib,OVCAR-4,-4.888888888888889,-0.0666315555572509
Docetaxel,Sirolimus,RPMI-8226,4.555555555555555,-3.139796257019043
Fulvestrant,Romidepsin,OVCAR-4,2.2222222222222223,1.5410484075546265
Everolimus,Tretinoin,MDA-MB-231/ATCC,-1.5555555555555556,0.8453258275985718
Mitotane,Docetaxel,HCT-15,-0.4444444444444444,-2.760004758834839
Everolimus,Paclitaxel,OVCAR-3,-0.8888888888888888,-6.545394420623779
Docetaxel,Celecoxib,NCI-H460,10.0,17.109437942504883
Everolimus,Tretinoin,SK-MEL-28,-8.222222222222221,-4.902349472045898
Fulvestrant,Everolimus,T-47D,18.444444444444443,5.459729194641113
Nilotinib,Cladribine,HS 578T,-4.888888888888889,-0.0805633664131164
Vorinostat,Cladribine,OVCAR-4,0.1111111111111111,-3.7666287422180176
Nilotinib,Tretinoin,SF-268,-5.555555555555555,-5.664943218231201
Sirolimus,Cladribine,SW-620,-2.4444444444444446,-10.960721969604492
Vorinostat,Sirolimus,K-562,-5.222222222222222,-4.000728607177734
Paclitaxel,Nilotinib,OVCAR-3,29.666666666666668,12.916217803955078
Megestrol acetate,Gefitinib,UACC-257,0.0,-2.8898847103118896
Thalidomide,Sirolimus,NCI-H522,2.2222222222222223,-3.2584524154663086
Fulvestrant,Everolimus,HS 578T,20.88888888888889,7.503817081451416
Thalidomide,Docetaxel,UACC-62,-2.333333333333333,1.553156852722168
Paclitaxel,Cladribine,LOX IMVI,-4.111111111111111,-1.6478023529052734
Romidepsin,Nilotinib,OVCAR-4,-10.444444444444445,-9.474246978759766
Megestrol acetate,Lenalidomide,IGROV1,-10.77777777777778,-3.4679195880889893
Nilotinib,Celecoxib,SF-539,-4.666666666666667,-5.284803867340088
Vorinostat,Romidepsin,HCT-116,8.777777777777779,-1.3230334520339966
Cladribine,Celecoxib,HCT-15,-3.2222222222222223,-7.4499897956848145
Mitotane,Sirolimus,NCI-H522,-1.4444444444444444,-7.48084545135498
Fulvestrant,Paclitaxel,DU-145,-1.1111111111111112,-6.180001258850098
Fulvestrant,Romidepsin,UACC-62,6.888888888888889,3.9086875915527344
Mitotane,Celecoxib,CAKI-1,-5.444444444444445,-6.714419364929199
Everolimus,Tretinoin,PC-3,2.4444444444444446,-1.6674000024795532
Nilotinib,Cladribine,SF-295,-12.555555555555555,-2.7299611568450928
Paclitaxel,Celecoxib,KM12,17.444444444444443,27.002744674682617
Dasatinib,Tretinoin,OVCAR-4,0.1111111111111111,1.259001612663269
Mitotane,Docetaxel,OVCAR-8,9.666666666666666,0.8215007781982422
Romidepsin,Sirolimus,K-562,-3.0,-1.4439960718154907
Vorinostat,Tretinoin,UACC-257,3.0,-4.056308269500732
Romidepsin,Nilotinib,RPMI-8226,-0.1111111111111111,-2.890461206436157
Mitotane,Celecoxib,BT-549,-10.333333333333334,-5.5961737632751465
Mitotane,Sirolimus,PC-3,1.3333333333333333,-2.1689956188201904
Sirolimus,Cladribine,T-47D,-10.77777777777778,-11.350341796875
Thalidomide,Cladribine,SW-620,0.3333333333333333,-10.62465763092041
Docetaxel,Paclitaxel,A498,2.2222222222222223,-2.3835690021514893
Vorinostat,Tretinoin,DU-145,-4.777777777777778,-8.509459495544434
Gefitinib,Lenalidomide,SK-MEL-28,-2.4444444444444446,-7.100210666656494
Docetaxel,Cladribine,HS 578T,1.6666666666666667,-1.2532753944396973
Vorinostat,Tretinoin,A498,-2.7777777777777777,-7.983104705810547
Megestrol acetate,Gefitinib,DU-145,0.2222222222222222,-6.159804821014404
Nilotinib,Mitotane,KM12,-2.555555555555556,-2.355498552322388
Romidepsin,Nilotinib,SW-620,2.333333333333333,-8.819184303283691
Everolimus,Vorinostat,PC-3,1.6666666666666667,-3.7613813877105713
Everolimus,Celecoxib,LOX IMVI,-1.6666666666666667,-2.957819700241089
Dasatinib,Vorinostat,SW-620,-1.8888888888888888,-0.3465215861797333
Mitotane,Sirolimus,SF-539,-5.888888888888889,-6.046174049377441
Romidepsin,Docetaxel,OVCAR-8,-0.6666666666666666,-3.989945888519287
Thalidomide,Mitotane,HCT-15,-0.8888888888888888,-2.6339869499206543
Paclitaxel,Sirolimus,MDA-MB-468,1.5555555555555556,1.2417296171188354
Everolimus,Celecoxib,DU-145,-4.222222222222222,-4.4920525550842285
Docetaxel,Paclitaxel,OVCAR-4,1.7777777777777777,0.5884160995483398
Fulvestrant,Cladribine,SK-OV-3,-6.111111111111111,-5.484389305114746
Thalidomide,Sirolimus,SF-268,-2.4444444444444446,-1.5732046365737915
Fulvestrant,Vorinostat,SF-295,-0.7777777777777778,-1.229348063468933
Everolimus,Paclitaxel,HS 578T,8.0,-2.9745566844940186
Vorinostat,Romidepsin,IGROV1,1.3333333333333333,-2.58691954612732
Docetaxel,Tretinoin,SK-MEL-5,20.33333333333333,11.180940628051758
Fulvestrant,Nilotinib,HS 578T,1.3333333333333333,-0.9994003772735596
Sirolimus,Cladribine,HCT-116,-4.222222222222222,-9.296035766601562
Dasatinib,Cladribine,SNB-75,-8.777777777777779,-3.0574913024902344
Fulvestrant,Vorinostat,CAKI-1,-4.333333333333333,-7.536942481994629
Mitotane,Docetaxel,BT-549,-2.7777777777777777,-2.54533314704895
Mitotane,Docetaxel,DU-145,6.0,-2.5361480712890625
Fulvestrant,Vorinostat,K-562,0.1111111111111111,0.574435293674469
Nilotinib,Celecoxib,RPMI-8226,-2.888888888888889,-4.366101264953613
Dasatinib,Docetaxel,SW-620,-0.1111111111111111,-2.8658316135406494
Paclitaxel,Nilotinib,A549/ATCC,-2.7777777777777777,6.572606086730957
Everolimus,Nilotinib,HCT-116,-10.11111111111111,-6.441092491149902
Thalidomide,Cladribine,SK-OV-3,-10.0,-4.917433261871338
Fulvestrant,Nilotinib,A498,-2.555555555555556,-3.3044910430908203
Romidepsin,Tretinoin,IGROV1,3.4444444444444446,-1.5350767374038696
Paclitaxel,Sirolimus,LOX IMVI,3.4444444444444446,0.1330870389938354
Dasatinib,Docetaxel,A549/ATCC,-1.6666666666666667,-2.978245258331299
Dasatinib,Romidepsin,A549/ATCC,-1.6666666666666667,-1.4811111688613892
Fulvestrant,Nilotinib,OVCAR-3,1.5555555555555556,-1.7380027770996094
Fulvestrant,Celecoxib,MCF7,5.666666666666667,-2.458336114883423
Mitotane,Tretinoin,K-562,5.777777777777778,9.58419132232666
Everolimus,Tretinoin,RPMI-8226,6.666666666666667,-5.6821160316467285
Vorinostat,Romidepsin,MDA-MB-468,5.333333333333333,-2.074025869369507
Mitotane,Everolimus,RPMI-8226,7.222222222222222,-2.1113040447235107
Docetaxel,Cladribine,SF-268,-10.333333333333334,-4.992762565612793
Sirolimus,Tretinoin,NCI-H460,0.4444444444444444,1.983546018600464
Docetaxel,Celecoxib,OVCAR-8,8.666666666666666,13.993915557861328
Everolimus,Cladribine,LOX IMVI,-6.555555555555555,-3.390587091445923
Paclitaxel,Cladribine,DU-145,1.7777777777777777,-5.153840065002441
Fulvestrant,Celecoxib,UACC-257,-6.777777777777778,-9.004881858825684
Megestrol acetate,Gefitinib,RPMI-8226,7.111111111111111,1.3556073904037476
Fulvestrant,Paclitaxel,KM12,-1.6666666666666667,-5.422944068908691
Thalidomide,Tretinoin,UACC-257,-0.6666666666666666,-0.5953065752983093
Romidepsin,Cladribine,SK-MEL-5,8.777777777777779,-1.827120304107666
Fulvestrant,Vorinostat,U251,-0.6666666666666666,-0.1140424013137817
Mitotane,Cladribine,HCT-15,-7.777777777777778,-4.94294548034668
Dasatinib,Sirolimus,PC-3,5.888888888888889,0.0083156824111938
Mitotane,Nilotinib,UO-31,-4.111111111111111,-3.383002281188965
Cladribine,Celecoxib,SK-OV-3,-4.111111111111111,-5.188598155975342
Docetaxel,Cladribine,LOX IMVI,0.6666666666666666,-1.6478023529052734
Nilotinib,Celecoxib,U251,-7.0,-7.543761730194092
Dasatinib,Docetaxel,MDA-MB-468,-1.0,-1.933157444000244
Dasatinib,Celecoxib,SF-268,-0.6666666666666666,1.6827573776245115
Mitotane,Docetaxel,IGROV1,6.777777777777778,0.1935463547706604
Romidepsin,Paclitaxel,BT-549,0.5555555555555556,-2.8363311290740967
Fulvestrant,Dasatinib,PC-3,-1.3333333333333333,-3.4270946979522705
Dasatinib,Romidepsin,SF-268,-2.111111111111111,-1.2586681842803955
Nilotinib,Mitotane,DU-145,-8.11111111111111,-5.9352850914001465
Mitotane,Docetaxel,SK-MEL-5,3.4444444444444446,-1.908448815345764
Nilotinib,Celecoxib,KM12,-5.444444444444445,-3.9661686420440674
Fulvestrant,Nilotinib,K-562,-1.5555555555555556,-0.0512007474899292
Everolimus,Dasatinib,BT-549,-3.2222222222222223,-3.744859218597412
Nilotinib,Tretinoin,HS 578T,4.444444444444445,-5.674710273742676
Tretinoin,Cladribine,RPMI-8226,-1.3333333333333333,-5.430578708648682
Cladribine,Celecoxib,A498,-8.333333333333334,-0.1900873780250549
Everolimus,Tretinoin,LOX IMVI,-5.0,-2.370342493057251
Docetaxel,Sirolimus,BT-549,1.0,-0.3661368489265442
Vorinostat,Paclitaxel,OVCAR-3,0.8888888888888888,-14.36638069152832
Dasatinib,Paclitaxel,MDA-MB-231/ATCC,-8.444444444444445,-3.997091054916382
Thalidomide,Paclitaxel,DU-145,-5.222222222222222,-6.96781587600708
Megestrol acetate,Lenalidomide,EKVX,-4.888888888888889,-7.942902088165283
Paclitaxel,Nilotinib,SK-MEL-5,8.333333333333334,4.089632034301758
Fulvestrant,Dasatinib,IGROV1,7.333333333333333,-1.788119554519653
Vorinostat,Sirolimus,MDA-MB-231/ATCC,1.2222222222222223,-4.886524677276611
Sirolimus,Celecoxib,HOP-92,-8.88888888888889,4.598117351531982
Romidepsin,Cladribine,SK-MEL-28,4.333333333333333,-2.9115028381347656
Docetaxel,Cladribine,SW-620,-0.6666666666666666,0.0006186962127685
Everolimus,Romidepsin,RPMI-8226,3.111111111111111,-3.124615430831909
Docetaxel,Sirolimus,OVCAR-4,3.555555555555556,-1.4193987846374512
Everolimus,Romidepsin,SNB-75,-3.111111111111111,-3.3568568229675293
Romidepsin,Tretinoin,UO-31,-1.8888888888888888,0.821020245552063
Vorinostat,Sirolimus,OVCAR-4,1.6666666666666667,-7.233673095703125
Dasatinib,Nilotinib,UO-31,-7.666666666666667,-5.445279598236084
Fulvestrant,Paclitaxel,SK-MEL-5,-4.111111111111111,-5.114574432373047
Thalidomide,Sirolimus,SF-539,3.4444444444444446,-3.398284673690796
Thalidomide,Docetaxel,OVCAR-4,-9.333333333333334,-5.180793762207031
Romidepsin,Docetaxel,NCI-H460,1.5555555555555556,-4.768596649169922
Romidepsin,Tretinoin,SF-539,7.333333333333333,0.4157726764678955
Mitotane,Sirolimus,BT-549,-7.111111111111111,-4.840582370758057
Dasatinib,Sirolimus,T-47D,-0.2222222222222222,-2.503575563430786
Mitotane,Cladribine,SR,7.333333333333333,-7.617558002471924
Everolimus,Dasatinib,A549/ATCC,0.6666666666666666,-3.106621026992798
Cladribine,Celecoxib,UO-31,-2.0,-12.387747764587402
Docetaxel,Fulvestrant,RPMI-8226,-5.888888888888889,5.43966007232666
Everolimus,Vorinostat,A549/ATCC,-5.666666666666667,-3.779499530792236
Sirolimus,Tretinoin,SF-268,1.7777777777777777,-0.9980822801589966
Vorinostat,Paclitaxel,SNB-75,-14.666666666666666,-12.086419105529783
Thalidomide,Cladribine,KM12,-15.333333333333334,-4.037849426269531
Tretinoin,Celecoxib,SW-620,-7.777777777777778,-1.4254345893859863
Thalidomide,Mitotane,SK-MEL-5,3.6666666666666665,-4.050199031829834
Thalidomide,Docetaxel,SW-620,-6.444444444444445,-7.004879474639893
Dasatinib,Paclitaxel,SF-539,-1.3333333333333333,-1.4601044654846191
Mitotane,Dasatinib,SR,-11.333333333333334,-3.6151084899902335
Romidepsin,Nilotinib,UACC-62,-15.88888888888889,-7.728986740112305
Fulvestrant,Tretinoin,U251,0.3333333333333333,2.060709238052368
Romidepsin,Paclitaxel,PC-3,5.888888888888889,-1.3823105096817017
Sirolimus,Nilotinib,NCI-H460,-5.555555555555555,-2.4993817806243896
Fulvestrant,Paclitaxel,MCF7,-4.222222222222222,-2.542461633682251
Vorinostat,Celecoxib,BT-549,-1.3333333333333333,-6.896164894104004
Everolimus,Vorinostat,LOX IMVI,-3.2222222222222223,-3.097869873046875
Nilotinib,Tretinoin,ACHN,-0.1111111111111111,-6.807928085327148
Fulvestrant,Sirolimus,OVCAR-4,-6.666666666666667,-6.453370571136475
Everolimus,Dasatinib,SNB-75,-7.333333333333333,-3.359037160873413
Fulvestrant,Cladribine,HCT-116,-5.111111111111111,-3.3491663932800293
Paclitaxel,Nilotinib,SW-620,5.222222222222222,12.156487464904783
Dasatinib,Nilotinib,RPMI-8226,-7.444444444444445,-3.440528392791748
Paclitaxel,Tretinoin,SK-MEL-5,17.444444444444443,11.180940628051758
Dasatinib,Celecoxib,BT-549,-3.4444444444444446,1.6045597791671753
Sirolimus,Nilotinib,ACHN,-5.333333333333333,-1.8009012937545776
Dasatinib,Tretinoin,NCI-H522,3.6666666666666665,0.7529782056808472
Dasatinib,Romidepsin,HCT-116,-2.4444444444444446,-1.371226191520691
Vorinostat,Sirolimus,SK-MEL-28,-21.0,-5.110459804534912
Nilotinib,Tretinoin,K-562,-8.333333333333334,-5.260995864868164
Mitotane,Cladribine,OVCAR-4,-3.333333333333333,-1.3280409574508667
Fulvestrant,Dasatinib,A498,1.5555555555555556,-1.4335999488830566
Dasatinib,Paclitaxel,UACC-62,-3.0,-1.863890647888184
Everolimus,Cladribine,SK-MEL-28,-14.333333333333334,-4.75975227355957
Romidepsin,Sirolimus,OVCAR-8,-2.2222222222222223,0.2887458801269531
Docetaxel,Fulvestrant,SNB-75,5.0,16.885780334472656
Dasatinib,Docetaxel,MDA-MB-231/ATCC,0.4444444444444444,-3.997091054916382
Fulvestrant,Vorinostat,SF-539,-8.222222222222221,-1.7652405500411987
Everolimus,Romidepsin,MDA-MB-468,2.7777777777777777,-0.0788344144821167
Fulvestrant,Celecoxib,SR,-12.444444444444445,-11.064247131347656
Dasatinib,Docetaxel,T-47D,5.555555555555555,-3.938148021697998
Gefitinib,Lenalidomide,EKVX,-2.111111111111111,-4.417642116546631
Mitotane,Paclitaxel,NCI-H460,-1.6666666666666667,2.620523929595948
Vorinostat,Paclitaxel,SK-MEL-5,-9.88888888888889,-7.972068309783935
Fulvestrant,Cladribine,SF-539,-7.333333333333333,-5.320703506469727
Mitotane,Nilotinib,SF-539,-10.88888888888889,-6.44267463684082
Megestrol acetate,Lenalidomide,SK-MEL-28,-4.777777777777778,-14.92441463470459
Paclitaxel,Sirolimus,HCT-116,-5.111111111111111,5.002785682678223
Paclitaxel,Sirolimus,HS 578T,0.8888888888888888,0.129593014717102
Fulvestrant,Romidepsin,OVCAR-8,2.333333333333333,0.2259237766265869
Docetaxel,Sirolimus,KM12,1.3333333333333333,11.1656494140625
Mitotane,Paclitaxel,NCI-H522,-3.333333333333333,6.201309680938721
Vorinostat,Paclitaxel,OVCAR-8,5.555555555555555,-8.751825332641602
Fulvestrant,Sirolimus,HS 578T,-2.6666666666666665,-4.667300224304199
Sirolimus,Mitotane,MCF7,-4.555555555555555,3.479536533355713
Thalidomide,Sirolimus,SW-620,4.0,-8.503060340881348
Romidepsin,Docetaxel,LOX IMVI,-1.0,-4.75490140914917
Docetaxel,Paclitaxel,NCI-H460,1.3333333333333333,-2.3296027183532715
Everolimus,Celecoxib,SK-MEL-28,-21.0,-7.552347183227539
Fulvestrant,Dasatinib,MDA-MB-468,-1.6666666666666667,-3.010911703109741
Mitotane,Everolimus,ACHN,2.111111111111111,1.6979377269744873
Nilotinib,Tretinoin,SK-OV-3,-7.888888888888889,-9.831099510192873
Nilotinib,Cladribine,MDA-MB-468,-0.3333333333333333,-0.0870139896869659
Everolimus,Sirolimus,A498,2.0,2.936680555343628
Paclitaxel,Celecoxib,OVCAR-3,26.11111111111111,18.61038589477539
Mitotane,Sirolimus,T-47D,-0.1111111111111111,-1.326809644699097
Vorinostat,Docetaxel,K-562,-0.7777777777777778,-11.08535861968994
Tretinoin,Celecoxib,HCT-15,-11.0,-3.612391471862793
Fulvestrant,Romidepsin,SK-MEL-28,4.222222222222222,4.637692928314209
Nilotinib,Celecoxib,ACHN,-1.7777777777777777,-3.4589009284973145
Thalidomide,Cladribine,LOX IMVI,-9.0,-3.210758209228516
Romidepsin,Nilotinib,NCI-H460,-4.555555555555555,-7.19022798538208
Nilotinib,Celecoxib,PC-3,-5.0,-8.249518394470215
Mitotane,Cladribine,HOP-92,0.7777777777777778,-1.9569748640060425
Fulvestrant,Cladribine,MCF7,-3.333333333333333,-2.596691608428955
Romidepsin,Docetaxel,MDA-MB-468,-3.111111111111111,-5.467761516571045
Sirolimus,Celecoxib,ACHN,5.0,2.593273878097534
Fulvestrant,Sirolimus,IGROV1,-1.2222222222222223,-7.446541786193848
Mitotane,Celecoxib,HOP-62,-7.555555555555555,-11.879836082458496
Romidepsin,Cladribine,IGROV1,-3.4444444444444446,-1.9378961324691768
Megestrol acetate,Gefitinib,OVCAR-3,-7.555555555555555,-12.474465370178224
Thalidomide,Cladribine,OVCAR-3,-8.444444444444445,-7.506704330444336
Everolimus,Sirolimus,SF-268,-2.555555555555556,-2.876938819885254
Fulvestrant,Vorinostat,NCI-H522,-2.2222222222222223,-6.727512836456299
Dasatinib,Docetaxel,MCF7,-3.4444444444444446,-1.661086916923523
Paclitaxel,Sirolimus,SNB-75,4.888888888888889,3.4881091117858887
Tretinoin,Celecoxib,KM12,4.111111111111111,4.215110778808594
Dasatinib,Nilotinib,UACC-62,-11.22222222222222,-6.629406929016113
Fulvestrant,Nilotinib,LOX IMVI,-5.0,-7.745022773742676
Everolimus,Nilotinib,RPMI-8226,0.8888888888888888,-5.093232154846191
Thalidomide,Cladribine,HCT-15,-0.7777777777777778,-8.310519218444824
Mitotane,Paclitaxel,HOP-62,-5.444444444444445,0.2948640584945678
Thalidomide,Docetaxel,EKVX,-9.11111111111111,-4.694890975952148
Dasatinib,Docetaxel,OVCAR-3,-0.8888888888888888,-2.389777660369873
Fulvestrant,Sirolimus,EKVX,-2.0,-4.982792854309082
Everolimus,Cladribine,MDA-MB-231/ATCC,-2.6666666666666665,-1.6388975381851196
Docetaxel,Tretinoin,MDA-MB-231/ATCC,21.55555555555556,14.64949893951416
Vorinostat,Romidepsin,DU-145,11.77777777777778,-1.547811508178711
Docetaxel,Fulvestrant,OVCAR-8,14.88888888888889,14.336336135864258
Docetaxel,Cladribine,MDA-MB-468,-0.8888888888888888,-2.3252172470092773
Romidepsin,Celecoxib,NCI-H460,1.4444444444444444,-0.6392659544944763
Romidepsin,Celecoxib,NCI-H522,-2.7777777777777777,-0.1146239638328552
Romidepsin,Paclitaxel,SNB-75,-2.7777777777777777,-8.669147491455078
Sirolimus,Tretinoin,DU-145,-8.777777777777779,-1.484140396118164
Mitotane,Nilotinib,NCI-H522,-3.555555555555556,-3.262518882751465
Fulvestrant,Nilotinib,OVCAR-4,-9.444444444444445,-4.781681537628174
Mitotane,Dasatinib,UACC-62,2.0,-0.6199255585670471
Dasatinib,Nilotinib,A498,-7.0,-5.89289140701294
Fulvestrant,Vorinostat,OVCAR-3,0.1111111111111111,0.1480658650398254
Gefitinib,Lenalidomide,A498,-5.888888888888889,-2.4829699993133545
Mitotane,Tretinoin,HOP-62,-11.444444444444445,-5.177082538604736
Everolimus,Paclitaxel,HCT-15,-5.777777777777778,-4.667404651641846
Megestrol acetate,Lenalidomide,LOX IMVI,-0.4444444444444444,-12.80382251739502
Mitotane,Everolimus,HOP-62,-1.7777777777777777,-0.9579454660415648
Fulvestrant,Dasatinib,DU-145,-1.4444444444444444,-1.7455921173095703
Nilotinib,Tretinoin,DU-145,-4.333333333333333,-6.6381940841674805
Everolimus,Vorinostat,KM12,-8.555555555555555,-4.3576979637146
Dasatinib,Celecoxib,DU-145,-8.222222222222221,2.6413674354553223
Romidepsin,Tretinoin,K-562,0.4444444444444444,-3.3211140632629395
Fulvestrant,Celecoxib,NCI-H460,-4.555555555555555,-5.699211120605469
Fulvestrant,Sirolimus,KM12,-6.0,-1.7656846046447754
Vorinostat,Nilotinib,HS 578T,-1.0,-10.088496208190918
Thalidomide,Paclitaxel,U251,-4.333333333333333,0.5888933539390564
Nilotinib,Celecoxib,A549/ATCC,-4.111111111111111,-4.500917911529541
Docetaxel,Celecoxib,RPMI-8226,16.0,10.98640251159668
Mitotane,Tretinoin,OVCAR-4,-3.4444444444444446,2.421283483505249
Sirolimus,Tretinoin,UACC-257,-3.111111111111111,2.339240074157715
Docetaxel,Nilotinib,BT-549,10.77777777777778,10.864981651306152
Mitotane,Everolimus,OVCAR-8,8.222222222222221,3.4722235202789307
Fulvestrant,Sirolimus,LOX IMVI,0.3333333333333333,-6.351513862609863
Mitotane,Dasatinib,OVCAR-8,0.2222222222222222,-2.6586594581604004
Thalidomide,Tretinoin,K-562,-14.88888888888889,-1.299022912979126
Docetaxel,Fulvestrant,UACC-62,3.333333333333333,13.176920890808104
Sirolimus,Celecoxib,U251,1.0,1.839460372924805
Romidepsin,Paclitaxel,HCT-116,0.6666666666666666,-6.101845264434815
Mitotane,Nilotinib,MDA-MB-231/ATCC,-4.333333333333333,-3.9519898891448975
Dasatinib,Vorinostat,U251,0.3333333333333333,-1.6277244091033936
Megestrol acetate,Lenalidomide,T-47D,-4.444444444444445,-5.796332836151123
Docetaxel,Cladribine,IGROV1,0.2222222222222222,-1.1205519437789917
Romidepsin,Cladribine,HS 578T,5.222222222222222,0.0148179531097412
Cladribine,Celecoxib,MDA-MB-468,-2.7777777777777777,-2.502664566040039
Docetaxel,Paclitaxel,UO-31,-2.0,-0.2739778757095337
Paclitaxel,Celecoxib,K-562,28.444444444444443,20.36163711547852
Dasatinib,Tretinoin,KM12,-6.0,-2.2829744815826416
Romidepsin,Celecoxib,LOX IMVI,-6.666666666666667,-3.3444833755493164
Fulvestrant,Cladribine,T-47D,-3.888888888888889,-2.1549832820892334
Fulvestrant,Nilotinib,SK-OV-3,-10.11111111111111,-6.741438388824463
Mitotane,Docetaxel,UO-31,-4.777777777777778,-0.2874370217323303
Sirolimus,Nilotinib,MDA-MB-468,1.4444444444444444,-4.08964204788208
Everolimus,Celecoxib,OVCAR-3,-5.0,-4.130909442901611
Mitotane,Dasatinib,NCI-H522,0.1111111111111111,-1.9302220344543457
Tretinoin,Celecoxib,K-562,-6.444444444444445,-5.415933132171631
Sirolimus,Cladribine,UO-31,-2.333333333333333,-4.286635875701904
Fulvestrant,Cladribine,IGROV1,-1.6666666666666667,-1.2475558519363403
Fulvestrant,Tretinoin,SF-268,-4.111111111111111,-0.2067523002624511
Nilotinib,Cladribine,A549/ATCC,-10.0,-2.7452969551086426
Thalidomide,Paclitaxel,NCI-H522,2.7777777777777777,-3.1578245162963867
Mitotane,Sirolimus,MDA-MB-231/ATCC,-1.5555555555555556,-1.7046672105789185
Tretinoin,Cladribine,BT-549,-4.666666666666667,-2.957026243209839
Romidepsin,Tretinoin,RPMI-8226,-5.444444444444445,-0.3322403728961944
Docetaxel,Nilotinib,A549/ATCC,2.0,6.572606086730957
Paclitaxel,Nilotinib,OVCAR-4,-6.222222222222222,8.900413513183594
Mitotane,Cladribine,SF-295,-10.11111111111111,-1.4909502267837524
Fulvestrant,Romidepsin,OVCAR-3,9.555555555555555,1.4678475856781006
Everolimus,Tretinoin,KM12,-10.0,-5.18580961227417
Docetaxel,Cladribine,A549/ATCC,-6.444444444444445,-0.359816312789917
Fulvestrant,Dasatinib,SK-OV-3,0.8888888888888888,-2.3986480236053467
Dasatinib,Celecoxib,MCF7,-0.5555555555555556,1.531673789024353
Romidepsin,Cladribine,A498,-1.8888888888888888,-2.580409288406372
Dasatinib,Tretinoin,MDA-MB-231/ATCC,3.888888888888889,-0.8117493391036987
Romidepsin,Celecoxib,BT-549,3.333333333333333,-1.6727471351623535
Fulvestrant,Romidepsin,NCI-H522,17.0,-0.1844559907913208
Dasatinib,Vorinostat,A549/ATCC,-0.7777777777777778,0.1443760097026825
Thalidomide,Mitotane,OVCAR-8,-3.2222222222222223,-3.7077369689941406
Mitotane,Sirolimus,SNB-75,-4.777777777777778,-2.293761730194092
Everolimus,Nilotinib,PC-3,-3.2222222222222223,-8.76849365234375
Nilotinib,Cladribine,A498,-4.222222222222222,-2.6797964572906494
Vorinostat,Romidepsin,A498,-9.11111111111111,-2.114884376525879
Everolimus,Nilotinib,SNB-75,-6.333333333333333,-7.3201189041137695
