Gene_num,Gene_name,Att_deg
0,ABL1,0.12730168438515627
1,ABL2,0.08317614858984376
2,ACAA1,0.03884751766328125
3,ACACA,0.8853875842200782
4,ACACB,0.784882520796875
5,ACADL,0.07385379044296875
6,ACADM,0.053313001138281246
7,ACOX1,0.08447766292578125
8,ACOX2,0.09152343532265625
9,ACOX3,0.096467001684375
10,ACSBG1,0.06341772479765626
11,ACSBG2,0.0905043799109375
12,ACSL1,0.077036319725
13,ACSL3,0.06960092704453125
14,ACSL4,0.08406167465703124
15,ACSL5,0.0844465258625
16,ACSL6,0.068691117890625
17,ACTA2,0.18564683534374998
18,ACTB,0.19284206121441552
19,ACTG1,0.1931509373283299
20,ACVR1,0.650447187421875
21,ACVR1B,0.49697999986249997
22,ACVR1C,0.6056915186484375
23,ACVR2A,0.6764659129492188
24,ACVR2B,0.707740124296875
25,ADAM17,0.07453041218359374
26,ADCY1,0.8319468157959757
27,ADCY10,0.2592375430089422
28,ADCY2,0.7129434846453255
29,ADCY3,0.7749189638925293
30,ADCY4,0.9541748006969375
31,ADCY5,0.8530777217657763
32,ADCY6,0.8041617006456651
33,ADCY7,1.0354760312835858
34,ADCY8,1.1670389032916277
35,ADCY9,1.0686485831063754
36,ADCYAP1,0.47515485468359375
37,ADCYAP1R1,0.19942082003360118
38,ADGRB1,0.00969813983828125
39,ADIPOQ,1.3769195657671873
40,ADIPOR1,0.7246935984890626
41,ADIPOR2,0.7018687662648437
42,ADORA1,0.3320806160789844
43,ADORA2A,0.28261323581808706
44,ADORA2B,0.051956258113230624
45,ADORA3,0.27399666609140627
46,ADRA1A,0.2984018799859375
47,ADRA1B,0.1587673831421875
48,ADRA1D,0.1495184344515625
49,ADRA2A,0.0875746341453125
50,ADRA2B,0.09416151186093749
51,ADRA2C,0.08062920984765626
52,ADRB1,0.38696896880479514
53,ADRB2,0.39601815929705503
54,ADRB3,0.17870694342918947
55,AFDN,0.10579464099546876
56,AFP,0.01948284136640625
57,AGAP2,0.27393857512812503
58,AGER,0.3518475409796875
59,AGRP,0.251719313671875
60,AGT,0.4150488708129766
61,AGTR1,0.98880799155065
62,AIFM2,0.0146540915
63,AIM2,0.09009115802343749
64,AJUBA,0.2315409092265625
65,AKT1,6.084683040191308
66,AKT1S1,0.22046397335273438
67,AKT2,6.27470096694251
68,AKT3,8.519411421145037
69,ALDOA,0.0380510555817554
70,ALDOB,0.0678999869609375
71,ALDOC,0.038057656168612106
72,AMH,0.30052614418226564
73,AMHR2,0.3973313059375
74,AMOT,0.02912345523828125
75,ANAPC5,0.03358617105625
76,ANGPT1,1.2277501663018477
77,ANGPT2,1.1702574362810234
78,ANGPT4,1.2226556395689765
79,ANGPTL4,0.07345127187234375
80,AOX1,0.057407686785156245
81,APAF1,0.12016693989062499
82,APBB1IP,0.16176564498020313
83,APC,0.48599270616489065
84,APC2,0.3954544721228773
85,APH1A,0.11334173089140626
86,APH1B,0.16247518956484375
87,APLN,0.0624798755546875
88,APLNR,0.2777605428274172
89,APOA1,0.06909246138515625
90,APOA2,0.07302438742265625
91,APOA5,0.071111132596875
92,APOC3,0.0701118018703125
93,AQP7,0.07872987624296875
94,ARAF,0.9051546666067422
95,ARAP3,0.05724075186187501
96,AREG,0.6693907594611328
97,ARF1,0.20174615187296877
98,ARF6,0.12852562445500001
99,ARHGDIA,0.020270676975703124
100,ARHGDIB,0.03443222671640625
101,ARHGDIG,0.021327745649093753
102,ARHGEF12,0.22194434215129688
103,ARNT,0.7239430730796979
104,ARRB1,0.30724165913359375
105,ARRB2,0.25893263488046875
106,ASPH,0.44453966884375
107,ATF2,0.8866023694624219
108,ATF4,1.269035502060315
109,ATF6B,0.3043743448334375
110,ATG12,0.3526763097850336
111,ATG16L1,0.24573735409366954
112,ATG5,0.33403201258702186
113,ATM,0.09842631443984375
114,ATP1A1,0.06749911328519922
115,ATP1A2,0.06322029503680293
116,ATP1A3,0.06469358094629812
117,ATP1A4,0.13904551036937718
118,ATP1B1,0.06431617654810282
119,ATP1B2,0.06351775586535063
120,ATP1B3,0.08337334469975305
121,ATP1B4,0.15938436608703804
122,ATP2A1,0.256472014259375
123,ATP2A2,0.1488008589851797
124,ATP2A3,0.26029719897445314
125,ATP2B1,0.03561160185625
126,ATP2B2,0.04194550818359375
127,ATP2B3,0.051125495191406245
128,ATP2B4,0.0436874998328125
129,ATP6V1A,0.058239849084138595
130,ATP6V1B1,0.10859658433629844
131,ATP6V1B2,0.03866245597238516
132,ATP6V1C1,0.0644245122660125
133,ATP6V1C2,0.11515362236620547
134,ATP6V1D,0.042142770344597895
135,ATP6V1E1,0.03406316876429344
136,ATP6V1E2,0.08938851965515368
137,ATP6V1F,0.03206506963368484
138,ATP6V1G1,0.04614806168658438
139,ATP6V1G2,0.034888644807590935
140,ATP6V1G3,0.09685947490587789
141,ATP6V1H,0.03683501719331219
142,ATR,0.03071444241796875
143,ATXN1,0.045459272695312504
144,ATXN1L,0.04157963865703125
145,AVP,0.5469851624125
146,AVPR1A,0.3151961825239933
147,AVPR1B,0.3204960431811211
148,AVPR2,0.26670319183497637
149,AXIN1,0.6263878957150781
150,AXIN2,0.6803699987653125
151,AZI2,0.06141458848046875
152,BAD,0.5132023081242103
153,BAG4,0.1074046675859375
154,BAMBI,0.22883739973515624
155,BAX,0.5565974180978905
156,BBC3,0.06250112753984374
157,BCAR1,0.05700812090679688
158,BCL10,1.1372976712214844
159,BCL2,2.2203519905939846
160,BCL2A1,0.0306995852578125
161,BCL2L1,0.12895290582101562
162,BCL2L11,0.07378764488671874
163,BCL3,0.2119274060859375
164,BCL6,0.0467814813578125
165,BDKRB1,0.06140951249921875
166,BDKRB2,0.421111524134375
167,BDNF,1.0612775057945625
168,BECN1,0.2294726390672258
169,BECN2,0.5093814211308079
170,BEX3,0.017475273617698593
171,BID,0.16503506905427343
172,BIRC2,0.27017454266796875
173,BIRC3,0.31055009921875
174,BIRC5,0.11703133793828124
175,BLNK,0.2941671581640625
176,BMP2,0.29346231544440626
177,BMP4,0.5158230862106875
178,BMP5,0.32870506589085935
179,BMP6,0.343252507151875
180,BMP7,0.24822375109885939
181,BMP8A,0.3032108067330469
182,BMP8B,0.29313983094304685
183,BMPR1A,0.9871124693507813
184,BMPR1B,1.12206936195625
185,BMPR2,0.9939221370273438
186,BNIP3,0.03737326795234375
187,BOC,0.1119611825703125
188,BORCS8-MEF2B,0.157633075213125
189,BRAF,1.9086355727592579
190,BRAP,0.10147128338777343
191,BRCA1,0.03205083431132812
192,BRCC3,0.01376573857421875
193,BTC,0.0532749112109375
194,BTK,0.418816176765625
195,BTRC,0.14338182119196874
196,BUB1B-PAK6,0.37635084382398437
197,CAB39,0.2420751749190625
198,CAB39L,0.239284312559375
199,CACNA1C,0.23812863889453123
200,CACNA1D,0.15555245873125
201,CACNA1F,0.16948197275000002
202,CACNA1S,0.16614260586953125
203,CACNA2D1,0.0183458281796875
204,CACNA2D2,0.0205951241796875
205,CACNA2D3,0.01743732026171875
206,CACNA2D4,0.0188081782734375
207,CACNB1,0.01514969028125
208,CACNB2,0.017702434406250002
209,CACNB3,0.01450031074765625
210,CACNB4,0.0184331918984375
211,CACNG1,0.0191805949765625
212,CACNG2,0.01804352742578125
213,CACNG3,0.01627378075234375
214,CACNG4,0.0184616152421875
215,CACNG5,0.0193936195
216,CACNG6,0.027525048093749997
217,CACNG7,0.0144234041859375
218,CACNG8,0.0160815700609375
219,CACYBP,0.024738347172703123
220,CALM1,1.4623460618641544
221,CALM2,1.458295989291084
222,CALM3,1.4655455369262087
223,CALML3,4.319070826340458
224,CALML4,3.657781425003326
225,CALML5,4.276087654246155
226,CALML6,3.9183741488920076
227,CAMK1,0.23321326620661165
228,CAMK1D,0.29705004098719456
229,CAMK1G,0.29417981918617947
230,CAMK2A,0.8577108575944326
231,CAMK2B,0.8159480290466653
232,CAMK2D,1.872368772950014
233,CAMK2G,0.8839890220716432
234,CAMK4,1.010099266497401
235,CAMKK2,0.558953147841927
236,CAMP,0.042201277617187505
237,CARD10,0.44330191524218754
238,CARD11,1.3214912898242188
239,CARD14,0.45618950543750003
240,CARD16,0.027186522203125
241,CARD18,0.027546765328125
242,CARD6,0.028890556734375
243,CARD8,0.01543499952734375
244,CARD9,0.5470373929892969
245,CASP1,0.420654574653125
246,CASP10,0.517637592515625
247,CASP12,0.029259129351562503
248,CASP3,0.8757299398984375
249,CASP4,0.028031894156249997
250,CASP5,0.029337376070312497
251,CASP7,0.252698050515625
252,CASP8,1.1833587444140625
253,CASP9,0.6475586284117969
254,CASQ1,0.48382098992968753
255,CASQ2,0.5306490121953125
256,CASR,0.8177832093749999
257,CASTOR1,0.33316817888281247
258,CAT,0.0480708571765625
259,CBL,0.142242514875
260,CBLB,0.37221377583515625
261,CCKAR,0.06606592759765625
262,CCKBR,0.050679858506249995
263,CCL1,0.1633734433609375
264,CCL11,0.25350249196859376
265,CCL13,0.2095883177765625
266,CCL14,0.16254722642734376
267,CCL15,0.1655595424390625
268,CCL16,0.16353466160234376
269,CCL17,0.30234553626015626
270,CCL18,0.16438458929921873
271,CCL19,0.21065176712343753
272,CCL2,0.32281688007425
273,CCL20,0.2528406153675313
274,CCL21,0.21214691336015623
275,CCL22,0.22758913514453127
276,CCL23,0.1617699859109375
277,CCL24,0.17386802975234375
278,CCL25,0.165054602390625
279,CCL26,0.1970053890578125
280,CCL27,0.16205947313984376
281,CCL28,0.1605044153546875
282,CCL3,0.28963794341765625
283,CCL4,0.3249015932602344
284,CCL5,0.3181103272478907
285,CCL7,0.2573767813059375
286,CCL8,0.16260657575078125
287,CCN2,0.22567154680546875
288,CCNA1,0.022580749390625002
289,CCNA2,0.025571055335937502
290,CCNB1,0.16411619337439845
291,CCNB2,0.1743179382330078
292,CCNB3,0.06153548553046875
293,CCND1,1.2847234479607033
294,CCND2,0.5978151268421875
295,CCND3,0.3496354793117188
296,CCNE1,0.20276613661171877
297,CCNE2,0.21549386913515625
298,CCNG1,0.0138005070421875
299,CCNG2,0.0654861059375
300,CCR1,0.5125917233360155
301,CCR10,0.47951669470242186
302,CCR2,0.5213509764146875
303,CCR3,0.49893427945242186
304,CCR4,0.5137551773301563
305,CCR5,0.5052633311241406
306,CCR6,0.5064490987989844
307,CCR7,0.5162793678458594
308,CCR8,0.5087558385028125
309,CCR9,0.4981019498975391
310,CD14,0.1312504270109375
311,CD19,0.5419092224796875
312,CD209,0.0443111760078125
313,CD22,0.030537330609375003
314,CD247,0.07632880040156251
315,CD28,0.385664119765625
316,CD36,0.19344769524765626
317,CD38,0.3787545343359375
318,CD3E,0.02390649415234375
319,CD4,0.0465550374921875
320,CD40,0.11207253210546875
321,CD40LG,0.14595562058593747
322,CD72,0.036336261140625
323,CD79A,0.036554852734375004
324,CD79B,0.0363625042890625
325,CD80,0.04072916184375
326,CD82,0.0129939342828125
327,CD86,0.040183432578125
328,CD8A,0.0470416743515625
329,CD8B,0.047895813734375
330,CD8B2,0.048291606296875005
331,CDC25B,0.05459976860703125
332,CDC37,0.01070450376805331
333,CDC42,0.7930956158748386
334,CDH1,0.20702156874218752
335,CDK1,0.11683689642900781
336,CDK2,0.2678832755375
337,CDK4,0.3400568236414844
338,CDK6,0.2223986627609375
339,CDKN1A,0.6813710427551563
340,CDKN1B,0.43517436311671875
341,CDKN2A,0.01750422874609375
342,CDKN2B,0.4741863389664062
343,CDKN2D,0.03406506208359375
344,CDON,0.11907108022656251
345,CEBPB,0.4714535671440625
346,CER1,0.3122772190429688
347,CFLAR,0.246534504846875
348,CFTR,0.1652433823953125
349,CGA,0.5135535644921875
350,CHAD,0.27067564177265624
351,CHD8,0.00643824174609375
352,CHEK1,0.03272337046484375
353,CHEK2,0.0334459341796875
354,CHRD,0.27976440420078125
355,CHRM1,1.0247039478884492
356,CHRM2,1.4814543574034298
357,CHRM3,0.0641167934710577
358,CHRM5,0.028041551800305146
359,CHUK,2.6173997186379685
360,CIR1,0.05210020825625
361,CISH,0.18852217762578127
362,CLEC1B,0.043159589109375
363,CLEC4D,0.1410188104453125
364,CLEC4E,0.13958447009375
365,CLEC4M,0.0436978442734375
366,CLEC6A,0.110097242484375
367,CLEC7A,0.082392048796875
368,CLIP1,0.01102997159765625
369,CNR1,0.7926038550117187
370,CNTF,0.3167046885730235
371,CNTFR,0.303910688169
372,COL1A1,0.48311749185367187
373,COL1A2,0.45786983708343754
374,COL2A1,0.32250150943882816
375,COL3A1,0.0709225441640625
376,COL4A1,0.3700144649046094
377,COL4A2,0.40723485157851563
378,COL4A3,0.3793582480764063
379,COL4A4,0.3945750614230469
380,COL4A5,0.3333621810400781
381,COL4A6,0.38456020516453127
382,COL6A1,0.17445962728953124
383,COL6A2,0.25191004209664064
384,COL6A3,0.2978601525982031
385,COL6A5,0.28551695347343753
386,COL6A6,0.2825126547611719
387,COL9A1,0.27119065420140626
388,COL9A2,0.21499835892195313
389,COL9A3,0.21727916726351565
390,COMP,0.2895640761514062
391,COP1,0.014059388988281251
392,CPT1A,0.3781915768032578
393,CPT1B,0.3692874081467578
394,CPT1C,0.35281197560873434
395,CPT2,0.08106680634062499
396,CREB1,1.2016357185252813
397,CREB3,0.8384303404840469
398,CREB3L1,1.1992454653181328
399,CREB3L2,1.3418080879870469
400,CREB3L3,1.2559866361117968
401,CREB3L4,1.4398563354410312
402,CREB5,1.4199266806557969
403,CREBBP,2.01538538469767
404,CRK,0.49651826259415077
405,CRKL,0.5278604793892289
406,CRLF2,0.48566828498390624
407,CRTC2,0.7279721441500313
408,CSF1,1.0296474418854689
409,CSF1R,2.420667076158203
410,CSF2,0.6010539799299219
411,CSF2RA,0.46226117046250004
412,CSF2RB,0.45942573450039065
413,CSF3,0.6852835071261094
414,CSF3R,1.1621264119679688
415,CSH1,0.6246243484372891
416,CSH2,0.6450627529906796
417,CSN2,0.09818451204296876
418,CSNK1A1,0.1145614056890625
419,CSNK1A1L,0.15928257098046877
420,CSNK1D,0.12593825563592567
421,CSNK1E,0.23666340206808056
422,CSNK1G1,0.143905605484375
423,CSNK1G2,0.08156247715859374
424,CSNK1G3,0.11530079262109375
425,CSNK2A1,0.0294413500265625
426,CSNK2A2,0.028312647895
427,CSNK2A3,0.0448899515265625
428,CSNK2B,0.0147941871153125
429,CTBP1,0.10616123965987499
430,CTBP2,0.1589775771230469
431,CTF1,0.30786131751187495
432,CTLA4,0.0560201613125
433,CTNNA1,0.011782786345341474
434,CTNNA2,0.012559053069451341
435,CTNNA3,0.15626028797755695
436,CTNNB1,0.6446425019071798
437,CTNNBIP1,0.00799051922734375
438,CTNND1,0.02938404308125
439,CTNND2,0.07006674729062501
440,CTSB,0.008460450339984375
441,CTSD,0.11602050635781641
442,CUL1,0.22676869238995312
443,CUL3,0.1272693429140625
444,CX3CL1,0.13313349988359374
445,CX3CR1,0.49323235418171874
446,CXCL1,0.32943041839096876
447,CXCL10,0.4084989499998906
448,CXCL11,0.28059560576484377
449,CXCL12,0.20889034251171873
450,CXCL13,0.16576356253203123
451,CXCL14,0.11266623921344532
452,CXCL16,0.15705650636875002
453,CXCL2,0.32966236794765624
454,CXCL3,0.34792240677395314
455,CXCL5,0.2597752535879687
456,CXCL6,0.2714535782339844
457,CXCL8,1.1514766592959376
458,CXCL9,0.2942826551015625
459,CXCR1,0.752475678232933
460,CXCR2,0.7533300841486388
461,CXCR3,0.5411483076414062
462,CXCR4,0.5681317943740938
463,CXCR5,0.5116553101167969
464,CXCR6,0.5113308843130469
465,CXXC4,0.026262331022109373
466,CYBA,0.479211484453125
467,CYBB,1.2193901078397658
468,CYCS,0.09352791635781249
469,CYLD,0.0962772572265625
470,CYP17A1,0.03093240415625
471,CYP27A1,0.0559477696390625
472,CYP7A1,0.0764593674875
473,CYP8B1,0.07362877617109376
474,CYSLTR1,0.06208661798984375
475,CYSLTR2,0.061845357196093756
476,CYTH1,0.02922946335515625
477,CYTH2,0.018046057720390626
478,CYTH3,0.03169498876046875
479,CYTH4,0.04788365892945313
480,DAAM1,0.028365154237734377
481,DAAM2,0.01880960273140625
482,DAB2IP,0.1030012261828125
483,DAPP1,0.16196441868367187
484,DAXX,0.18406727608593748
485,DBI,0.029196092273348438
486,DCHS1,0.184174454109375
487,DCHS2,0.194137976
488,DCN,0.0718581509453125
489,DDB2,0.01497164457421875
490,DDIT3,0.05164769529609375
491,DDIT4,0.06564552628164844
492,DDX3X,0.0212920513828125
493,DEFB4A,0.10579538947346875
494,DEFB4B,0.10579539016867187
495,DEPDC5,0.25446280516953124
496,DEPTOR,0.014794395265625
497,DHH,0.22341827422656252
498,DHX33,0.11592311594921875
499,DHX58,0.0728148320703125
500,DIAPH1,0.025179905790414063
501,DISP1,0.1556199092734375
502,DKK1,0.0328719137421875
503,DKK2,0.044933789671875
504,DKK4,0.032401652828125
505,DLG1,0.15874537276628906
506,DLG2,0.1250685562264453
507,DLG3,0.07893635129220312
508,DLG4,0.04871820530041406
509,DLG5,0.07963902708163281
510,DLL1,0.0739206473359375
511,DLL3,0.08000323254296876
512,DLL4,0.07642016551953125
513,DNM1L,1.0737893477734375
514,DOCK2,0.09782977568960938
515,DOCK4,0.016010658334375
516,DRD1,0.2867210597754912
517,DRD2,1.1890997535999999
518,DRD5,0.28130713759431153
519,DTX1,0.0580172214765625
520,DTX2,0.087086399625
521,DTX3,0.04122638144898438
522,DTX3L,0.080410644921875
523,DTX4,0.06937081480859375
524,DUSP1,0.015091049861015624
525,DUSP10,0.10126261043273438
526,DUSP16,0.09402868663367187
527,DUSP2,0.08752869041820313
528,DUSP3,0.04912049810984376
529,DUSP4,0.10563392935953125
530,DUSP5,0.095675583759375
531,DUSP6,0.02166331701929687
532,DUSP7,0.07124112279867187
533,DUSP8,0.061234962627578125
534,DUSP9,0.3063989637458594
535,DVL1,0.7795157884402187
536,DVL2,1.0625337210881718
537,DVL3,0.9865259885640313
538,E2F4,0.11890113913671875
539,E2F5,0.1522250829765625
540,EBAG9,0.06780718308828125
541,ECSIT,0.08366921709765626
542,EDA,0.07268062610937501
543,EDA2R,0.07030358137500001
544,EDAR,0.10925780240625001
545,EDARADD,0.1019156487578125
546,EDN1,0.7484808256051563
547,EDN2,0.6133808771721094
548,EDN3,0.5975880541686719
549,EDNRA,0.35496635647929686
550,EDNRB,0.20802829825
551,EEF2,0.12555100542900774
552,EEF2K,0.5264461855969764
553,EFCAB7,0.1453418173828125
554,EFNA1,0.9639336905041445
555,EFNA2,1.2350597734730195
556,EFNA3,0.923011207715539
557,EFNA4,1.19189321975525
558,EFNA5,1.060785971509336
559,EGF,2.8275759834764216
560,EGFR,6.672193423881062
561,EGLN1,0.0460991478984375
562,EGLN2,0.06247983834609375
563,EGLN3,0.0377223662828125
564,EGR1,0.43597278705563436
565,EGR2,0.16905740113308593
566,EGR3,0.15226275625929686
567,EHHADH,0.07253736847890625
568,EI24,0.01168853636875
569,EIF4B,0.09923074703359375
570,EIF4E,0.5178632509421874
571,EIF4E1B,0.57321072200625
572,EIF4E2,0.4710432310632812
573,EIF4EBP1,1.3325905846773436
574,ELAVL1,0.24372027134375
575,ELF5,0.09570014223437501
576,ELK1,0.5771228772513282
577,ELK4,0.11619757311421876
578,ELMO1,0.06037826089567188
579,ELOB,0.015812072120687266
580,ELOC,0.02384716937816375
581,ENAH,0.06008208034583069
582,ENO1,0.038163719466353746
583,ENO2,0.03865411865054992
584,ENO3,0.067915981203125
585,ENO4,0.07436233303125
586,EP300,2.798017560746992
587,EPHA2,3.5387580555979685
588,EPO,0.7021405500857656
589,EPOR,1.1495060794015624
590,ERBB2,2.4432844463768437
591,ERBB3,1.9980685303325
592,ERBB4,3.4809817338557814
593,ERBIN,0.027058304734375
594,EREG,0.665251627799039
595,ESR1,1.014376013811332
596,ESR2,0.7982703330385125
597,ESRRB,0.12602915470312498
598,ETS1,0.054103953150781245
599,ETS2,0.03041113559640625
600,EVC,0.155878100359375
601,EVC2,0.1550249978828125
602,EVL,0.011947103418027563
603,EXOC2,0.1376114448203125
604,EXOC7,0.05293225080546875
605,F2,0.5920497913710938
606,F2R,1.5844763629777099
607,F2RL3,0.035002195174933776
608,F3,0.026022322796718754
609,FABP1,0.0690933791609375
610,FABP3,0.034834052216953126
611,FABP4,0.0696912679125
612,FADD,0.937978343140625
613,FADS2,0.03677735874820313
614,FARP2,0.03698950446171875
615,FAS,0.22198882766015626
616,FASLG,0.4220551962304687
617,FASN,0.019553696941484375
618,FAT4,0.20077198876562502
619,FBP1,0.037852579453125
620,FBP2,0.039060657703125
621,FBXO25,0.054175938867187495
622,FBXO32,0.04989679896328125
623,FBXW11,0.13701028427821876
624,FCER1A,0.26095836663671873
625,FCER1G,0.4737662948609375
626,FCGR2B,1.194634244453125
627,FFAR2,0.2125530761625
628,FGF1,1.055272332456371
629,FGF10,1.6259934793488595
630,FGF16,1.6492930998776485
631,FGF17,1.118876938136457
632,FGF18,1.5596872533685313
633,FGF19,1.5983528201314767
634,FGF2,1.614757250152586
635,FGF20,1.5745799796998985
636,FGF21,1.6810400494644804
637,FGF22,1.4311128949026406
638,FGF23,1.5074126763325626
639,FGF3,1.6074474716195781
640,FGF4,1.5828556520647616
641,FGF5,1.6177283548206876
642,FGF6,1.5349517046218986
643,FGF7,1.5535732716229922
644,FGF8,1.583114277967414
645,FGF9,1.4650601140328283
646,FGFR1,3.185821754311852
647,FGFR2,2.903172263850914
648,FGFR3,2.365058964615374
649,FGFR4,3.825414250965
650,FGR,0.16267165260859376
651,FHL1,0.035015402316328124
652,FLCN,0.07999395051484375
653,FLNA,0.00783465953828125
654,FLNB,0.01065426372578125
655,FLNC,0.013494003605468749
656,FLOT1,0.3277968749140625
657,FLOT2,0.9017957653124999
658,FLT1,3.1537608505295314
659,FLT3,2.1633658665909374
660,FLT3LG,0.8466361099251876
661,FLT4,3.267498573064844
662,FMOD,0.0888497267265625
663,FN1,0.22244446502210938
664,FNIP1,0.10323729595
665,FNIP2,0.10615553426015625
666,FOS,2.4708239462241877
667,FOSB,0.7121467234819532
668,FOSL1,0.8321309104734376
669,FOXO1,2.0458560480889982
670,FOXO3,1.6789757460494108
671,FOXO4,1.0226813434806992
672,FOXO6,1.2608844868956899
673,FPR1,0.03212708934666419
674,FRAT1,0.0332560920484375
675,FRAT2,0.03099242094140625
676,FRMD1,0.5901127539648438
677,FRMD6,0.5677559670445312
678,FRS2,0.10558538433984374
679,FSHB,0.47699302590625003
680,FSHR,0.29539649090890757
681,FST,0.12981123903125
682,FXYD1,0.04099561763538364
683,FXYD2,0.1483108334272336
684,FYB1,0.07222283456640624
685,FYN,0.46905739640625
686,FZD1,2.621500901388281
687,FZD10,2.770200581964844
688,FZD2,2.772527514716875
689,FZD3,2.461592201733594
690,FZD4,2.5927623665609376
691,FZD5,2.8263246426304685
692,FZD6,2.577761446989844
693,FZD7,2.6924516507502343
694,FZD8,2.5824484225132815
695,FZD9,2.568940803135547
696,G6PC1,0.8480815604351328
697,G6PC2,0.7839972604482421
698,G6PC3,0.5359036915097031
699,GAB1,0.5507046071648438
700,GAB2,0.7683951006406251
701,GABARAP,0.36742593179554295
702,GABARAPL1,0.3809370362722422
703,GABARAPL2,0.3786628437332813
704,GABBR1,0.20697869134557811
705,GABBR2,0.2624557231517969
706,GADD45A,0.17685235492656248
707,GADD45B,0.16251994875507814
708,GADD45G,0.16802584633315626
709,GALT,0.1649021413359375
710,GAPDH,0.03805003910815739
711,GAS1,0.12238831090625
712,GATA4,0.16418250317987498
713,GCG,0.6355695503828125
714,GCGR,0.37963533340076616
715,GCK,0.1081242310984375
716,GDF5,0.30150273979070313
717,GDF6,0.30567986648257817
718,GDF7,0.30115734871895317
719,GDNF,0.40858428318339063
720,GFAP,0.02756732496917974
721,GH1,0.6206182293343594
722,GH2,0.6324522358820313
723,GHR,1.3540390697781248
724,GHRL,0.5832636309991406
725,GHSR,0.2216729237734375
726,GIP,0.48432811228125006
727,GIPR,0.2538244708693455
728,GK,0.07338288157265625
729,GK2,0.07413748216796875
730,GLI1,0.4687671659023438
731,GLI2,0.5790241316351563
732,GLI3,0.5290474127703125
733,GLP1R,0.2694546984547684
734,GNA11,1.0545182998695313
735,GNA12,0.7948192735667969
736,GNA13,1.0458125795289062
737,GNA14,0.7411341866921874
738,GNA15,0.8881322299914063
739,GNAI1,3.810669683958997
740,GNAI2,2.125953013475357
741,GNAI3,4.919666761640683
742,GNAL,0.42042608536015624
743,GNAO1,0.9140312353702462
744,GNAQ,3.388718866399234
745,GNAS,1.6912935708937922
746,GNB1,0.9193153104016454
747,GNB2,0.9595838461699284
748,GNB3,1.692858108476134
749,GNB4,2.046691126108473
750,GNB5,1.4027254655003256
751,GNG10,1.5801401495805916
752,GNG11,1.4890856077390704
753,GNG12,1.9964605171688095
754,GNG13,1.804548587016185
755,GNG2,1.6010763032224413
756,GNG3,0.9092210711925027
757,GNG4,2.0065212416793243
758,GNG5,1.4445485351355103
759,GNG7,1.1927095206118632
760,GNG8,2.1832119665490772
761,GNGT1,2.139784531142984
762,GNGT2,2.1087493032635303
763,GNRH1,0.067441976703125
764,GNRH2,0.071727100125
765,GNRHR,0.29075729474775613
766,GPC4,0.11204773746093749
767,GPER1,0.005937424409298065
768,GPR119,0.27185472426151647
769,GPR161,0.04019238770078125
770,GPRC6A,0.811598310859375
771,GRAP2,0.06756467371875
772,GRB10,0.050790056277343745
773,GRB2,3.1305968156569093
774,GREM1,0.3542937463046875
775,GREM2,0.3477754272890625
776,GRIA1,0.02482116985078125
777,GRIA2,0.017849056240625
778,GRIA3,0.0214306542546875
779,GRIA4,0.0237360765703125
780,GRIN1,0.012229442064376265
781,GRIN2A,0.0249651260296875
782,GRIN2B,0.03004147896875
783,GRIN2C,0.02316726351015625
784,GRIN2D,0.04765644571171875
785,GRIN3A,0.0313383517625
786,GRIN3B,0.0290032095234375
787,GRK1,0.16341714416796876
788,GRK2,0.23709332572914063
789,GRK3,0.4241658282496875
790,GRK4,0.1531113706984375
791,GRK5,0.15931378220390624
792,GRK6,0.149737921603125
793,GRK7,0.16306837524765624
794,GRM1,0.7513577791253284
795,GRM2,0.2092504075719704
796,GRM3,0.1945143547364567
797,GRM4,0.240791377304581
798,GRM5,0.3038659357833826
799,GRM6,0.24380972533647635
800,GRM7,0.3243522542909599
801,GRM8,0.27976552395064835
802,GRPR,0.06753531720703125
803,GSDMD,0.08279392398515625
804,GSK3A,0.026367549984375
805,GSK3B,1.7987852925989063
806,GTF2I,0.029592621484374998
807,GTF2IRD1,0.02595917092578125
808,GTSE1,0.01635088430859375
809,GYS1,0.3740169815601563
810,GYS2,0.4743829868875
811,HAMP,0.07166504621015625
812,HBEGF,0.31064936133203125
813,HCAR1,0.213693941709375
814,HCAR2,0.20980301140859375
815,HCAR3,0.21801727531054688
816,HCK,0.2012910911075
817,HDAC1,0.3037643516844766
818,HDAC2,0.2723160598953906
819,HDAC3,0.08571739842417188
820,HDAC4,0.11774860428648437
821,HDAC5,0.07061510161796875
822,HES1,0.03441236435546875
823,HES5,0.0373071932109375
824,HEY1,0.032541738557031255
825,HEY2,0.03805164546328125
826,HEYL,0.03706043999609375
827,HGF,1.487403408313336
828,HHAT,1.0
829,HHATL,1.0
830,HHIP,0.18327659109375
831,HIF1A,0.8261816992334962
832,HJV,0.07029738576953125
833,HK1,0.04863838095183594
834,HK2,0.09938561756875
835,HK3,0.1018650582059375
836,HKDC1,0.10077549532765626
837,HMGCR,0.10710989441796875
838,HMGCS1,0.052498709934375
839,HMGCS2,0.0711937405328125
840,HMOX1,0.06482029081640625
841,HNF4A,0.42371167590625003
842,HOMER1,0.384478119359375
843,HOMER2,0.4598168900703125
844,HOMER3,0.3784135466546875
845,HRAS,3.0178227639436273
846,HRC,0.3191921111328125
847,HRH1,0.058144448803125
848,HRH2,0.026405379040900668
849,HSP90AA1,0.021874449167801006
850,HSP90AB1,0.021959912939971245
851,HSP90B1,0.013426377582401599
852,HSPA1A,0.019829471355165086
853,HSPA1B,0.021039283659438645
854,HSPA1L,0.0389707512765625
855,HSPA2,0.02457520724765625
856,HSPA6,0.04128036895265625
857,HSPA8,0.019038995037534447
858,HSPB1,0.22487583891509857
859,HTR1A,0.2165925061971875
860,HTR1B,0.2183903682625
861,HTR1D,0.20961146805976563
862,HTR1E,0.20415155782039063
863,HTR1F,0.24621586297812498
864,HTR2A,0.054377769526562494
865,HTR2B,0.06439147250234374
866,HTR2C,0.06704971531093751
867,HTR4,0.2885831904244178
868,HTR5A,0.028293173498674308
869,HTR6,0.2837182824073329
870,HTR7,0.4958451502213993
871,IBSP,0.2756570109375
872,ICAM1,0.09058634748382813
873,ICOS,0.5796940893125
874,ID1,0.23014882637921874
875,ID2,0.19195483736640626
876,ID3,0.1966880820203125
877,ID4,0.2025535935890625
878,IFI16,0.06230624243359375
879,IFIH1,0.280055003296875
880,IFNA1,0.8728249890570625
881,IFNA10,0.95042555501475
882,IFNA13,0.8372982074278906
883,IFNA14,0.7839714946489063
884,IFNA16,0.8179934358982032
885,IFNA17,0.8179776122794531
886,IFNA2,0.871497522603164
887,IFNA21,0.9925713236906875
888,IFNA4,0.818014722130703
889,IFNA5,0.8732799749
890,IFNA6,0.8707682741722187
891,IFNA7,0.8392116258956094
892,IFNA8,0.8438011095320626
893,IFNAR1,1.5777587307851562
894,IFNAR2,1.5998245875552344
895,IFNB1,1.0185829937209843
896,IFNE,0.4266036439302656
897,IFNG,0.8106579285899375
898,IFNGR1,0.5279928058728907
899,IFNGR2,0.4909872105145312
900,IFNK,0.4149515918391641
901,IFNL1,0.33936399405708595
902,IFNL2,0.33934073201409376
903,IFNL3,0.3389570281201797
904,IFNLR1,0.47961254923945307
905,IFNW1,0.4930803205409766
906,IGF1,1.6732728898509257
907,IGF1R,4.322201537962891
908,IGF2,0.8491980067127423
909,IGFBP3,0.03352157318359375
910,IHH,0.2393277460546875
911,IKBKB,2.962832066119219
912,IKBKE,0.4230568563789062
913,IKBKG,3.735442093902109
914,IL10,0.6804452065304765
915,IL10RA,0.45492110643335937
916,IL10RB,0.43742883141148436
917,IL11,0.3153254034855234
918,IL11RA,0.40781383004375
919,IL12A,0.6668808063278124
920,IL12B,0.7671960184788438
921,IL12RB1,0.4610323879507813
922,IL12RB2,0.479139533909375
923,IL13,0.41541341786760155
924,IL13RA1,0.44492565204296874
925,IL13RA2,0.48262330771515627
926,IL15,0.33046451543716404
927,IL15RA,0.4577159969582031
928,IL17A,0.035792982281249996
929,IL17B,0.01708490308984375
930,IL17C,0.04362886278125
931,IL17D,0.4145184612872891
932,IL17F,0.038158622703125
933,IL17RA,0.2355572729538281
934,IL17RB,0.07936497383125
935,IL17RC,0.10520675362125001
936,IL17RE,0.056164003075781246
937,IL18,0.05407947100257812
938,IL19,0.36297885421535936
939,IL1A,0.40466223687945313
940,IL1B,0.7621787615830469
941,IL1R1,0.5692091309835937
942,IL1RAP,0.45967075374218747
943,IL2,0.9645356359575312
944,IL20,0.31802282607146876
945,IL20RA,0.46419959751640627
946,IL20RB,0.4668162435519531
947,IL21,0.3147161980252656
948,IL21R,0.5108046063421875
949,IL22,0.3334210510282031
950,IL22RA1,0.4659348651179688
951,IL22RA2,0.4557261603721875
952,IL23A,0.39600635306507814
953,IL23R,0.456337985175
954,IL24,0.3181282908947969
955,IL25,0.03689615525
956,IL27RA,0.4457485509716406
957,IL2RA,1.2252188459976563
958,IL2RB,1.2906058501148436
959,IL2RG,1.2718476843179687
960,IL3,0.5977996402394297
961,IL3RA,1.2486400389109376
962,IL4,0.9325536861776094
963,IL4R,1.2046821619367187
964,IL5,0.6022588933205859
965,IL5RA,0.45679097566328125
966,IL6,1.2100773211425158
967,IL6R,1.4949251993216406
968,IL6ST,0.7934258671011718
969,IL7,0.620700954084625
970,IL7R,1.3136433565664063
971,IL9,0.32023860596456255
972,IL9R,0.4849039303332813
973,ILK,0.034722116265625
974,INHBA,0.5094366836445312
975,INHBB,0.5148333303242187
976,INHBC,0.5084144503476562
977,INHBE,0.5232601000468751
978,INPP5D,0.673208098515625
979,INPPL1,0.5214261459375
980,INS,2.0333561680602656
981,INSL3,0.030214515921874997
982,INSL5,0.0279723946328125
983,INSR,5.303019149200985
984,INVS,0.02542240851203125
985,IQCE,0.13300704709375
986,IRAG1,0.0629121034859375
987,IRAK1,0.5043132835070312
988,IRAK2,0.16859089903515623
989,IRAK3,0.1547248571015625
990,IRAK4,0.7078773427953124
991,IRF1,0.34991738467578126
992,IRF3,1.0332856055176407
993,IRF5,0.1979705100546875
994,IRF7,1.1405223999868095
995,IRF9,0.2749055726585156
996,IRS1,2.724561783195706
997,IRS2,1.5919024980742187
998,IRS4,2.36399088308125
999,ITCH,0.16985106227734376
1000,ITGA1,0.9178673082433925
1001,ITGA10,0.8117143693865898
1002,ITGA11,0.9388152800576182
1003,ITGA2,0.9332791720277024
1004,ITGA2B,0.9114492369993157
1005,ITGA3,0.7442802121861873
1006,ITGA4,0.9677339890776371
1007,ITGA5,0.8580539897330711
1008,ITGA6,0.8069998509861083
1009,ITGA7,0.5764730551161731
1010,ITGA8,0.8882938632815238
1011,ITGA9,1.0078132716332928
1012,ITGAL,0.09444747426953126
1013,ITGAM,0.1051661928359375
1014,ITGAV,1.5725322989982753
1015,ITGB1,0.8017815256006195
1016,ITGB2,0.10482535687734376
1017,ITGB3,1.6943930275360097
1018,ITGB4,0.6276545210145497
1019,ITGB5,0.7764622512865209
1020,ITGB6,1.1674144709924739
1021,ITGB7,0.8741959934947052
1022,ITGB8,0.8633745322299996
1023,ITK,0.3652195355625
1024,ITPR1,0.04731544153828125
1025,ITPR2,0.05910181176171875
1026,ITPR3,0.0729867473078125
1027,JAG1,0.3128640954859375
1028,JAG2,0.0597740079484375
1029,JAK1,1.0582960127447345
1030,JAK2,1.8928691582887345
1031,JAK3,1.2704502916996563
1032,JMJD7-PLA2G4B,0.37350980937351563
1033,JUN,3.250956632538578
1034,JUND,0.3342514616892031
1035,KAT2A,0.22071678155557029
1036,KAT2B,0.31494162711351564
1037,KCNJ12,0.0187763682421875
1038,KCNJ14,0.0173966451015625
1039,KCNJ18,0.0194780400625
1040,KCNJ2,0.0177348173359375
1041,KCNJ3,0.28638560945359376
1042,KCNJ4,0.008374067822656251
1043,KCNJ5,0.3684314501671875
1044,KCNJ6,0.3866959170770312
1045,KCNJ8,0.01967586003515625
1046,KCNJ9,0.18286299903429687
1047,KCNMA1,0.0773981789328125
1048,KCNMB1,0.08790683391796875
1049,KCNMB2,0.102389717328125
1050,KCNMB3,0.1070407903359375
1051,KCNMB4,0.0791442245390625
1052,KCNU1,0.0930909855546875
1053,KDR,3.9008355357274223
1054,KIDINS220,0.074187195375
1055,KIF3A,0.07406783734609375
1056,KIF7,0.07547942087500001
1057,KIT,3.3012935626575
1058,KITLG,1.3076257122507773
1059,KLF2,0.24377226886203124
1060,KLF4,0.115775853125
1061,KNG1,0.22924222163281252
1062,KRAS,5.6968140282898325
1063,KRIT1,0.0288476475671875
1064,KRT10,0.07154875959375001
1065,KRT12,0.07672393147265624
1066,KRT13,0.10149392932656251
1067,KRT14,0.07900814981250001
1068,KRT15,0.24806928631249997
1069,KRT16,0.07642606816796875
1070,KRT17,0.0674332240015625
1071,KRT18,0.07822691615624999
1072,KRT19,0.09362475390390626
1073,KRT20,0.07704037797265625
1074,KRT23,0.07650640285546875
1075,KRT24,0.07674615033984375
1076,KRT25,0.07985010966796875
1077,KRT26,0.0791371373046875
1078,KRT27,0.07760370273828125
1079,KRT28,0.07678257258203125
1080,KRT31,0.075389038390625
1081,KRT32,0.10182245281796876
1082,KRT33A,0.07684718107031249
1083,KRT33B,0.07656508850390625
1084,KRT34,0.08279515845703125
1085,KRT35,0.0961224820765625
1086,KRT36,0.10241350426406251
1087,KRT37,0.07739927920703124
1088,KRT38,0.0831612125625
1089,KRT39,0.07985762948828125
1090,KRT40,0.0769592414296875
1091,KRT9,0.07653476058203125
1092,KSR1,0.043878395597656245
1093,KSR2,0.02095081623828125
1094,LAMA1,0.2954540117047656
1095,LAMA2,0.2748692443125781
1096,LAMA3,0.339135964253125
1097,LAMA4,0.2612938403677344
1098,LAMA5,0.19410190977445313
1099,LAMB1,0.23774127270523437
1100,LAMB2,0.17348403998171874
1101,LAMB3,0.2748070773578125
1102,LAMB4,0.2962590981761719
1103,LAMC1,0.28222154299812496
1104,LAMC2,0.28425446594570314
1105,LAMC3,0.26911219015328125
1106,LAMTOR1,0.1763474629816172
1107,LAMTOR2,0.21373537286016406
1108,LAMTOR3,0.4167482244028906
1109,LAMTOR4,0.12306925955600148
1110,LAMTOR5,0.19824080022604687
1111,LAT,2.1692602381
1112,LATS1,0.3230417845585938
1113,LATS2,0.35295268415703124
1114,LCK,0.3190701764515625
1115,LCN2,0.09215307474176562
1116,LCP2,0.6290944081796874
1117,LDHA,0.04205440976749218
1118,LDHAL6A,0.08129228701562499
1119,LDHAL6B,0.0753506199453125
1120,LDHB,0.038146039006137965
1121,LDHC,0.069981405265625
1122,LEF1,0.904499392987625
1123,LEFTY1,0.122137225
1124,LEFTY2,0.1233549575546875
1125,LEP,1.3604351746423828
1126,LEPR,1.6279349629898439
1127,LFNG,0.06604641381953125
1128,LGR4,0.14233428984375002
1129,LGR5,0.1513582177421875
1130,LGR6,0.1472578462890625
1131,LHB,0.0317930751171875
1132,LHCGR,0.5080498589725325
1133,LIF,0.4206220008327344
1134,LIFR,0.8466566514203124
1135,LILRA1,0.0369901589375
1136,LILRA2,0.03777035003125
1137,LILRA4,0.039647665515625
1138,LILRA5,0.0424006631171875
1139,LILRA6,0.0419524161484375
1140,LILRB1,0.0355884059921875
1141,LILRB2,0.0396485607578125
1142,LILRB3,0.0414572306328125
1143,LILRB4,0.034476209460937504
1144,LILRB5,0.040758650203124996
1145,LIMD1,0.22818150780859375
1146,LIPE,2.506366296578398
1147,LLGL1,0.07193485116670312
1148,LLGL2,0.09389414576728125
1149,LPAR1,1.0075284421554258
1150,LPAR2,1.3411084545357945
1151,LPAR3,1.3939437172564573
1152,LPAR4,1.5570649304020234
1153,LPAR5,1.432057759580856
1154,LPAR6,1.3342084284584184
1155,LPIN1,0.0108536024953125
1156,LPIN2,0.012750735124999999
1157,LPIN3,0.01844432594921875
1158,LPL,0.09952919903125
1159,LRP2,0.13712983853125
1160,LRP5,1.4245570241273438
1161,LRP6,1.4891357947671875
1162,LSP1,0.42936389133248437
1163,LTA,0.116513332671875
1164,LTB,0.07048790040625
1165,LTB4R2,0.0619981786953125
1166,LTBP1,0.21230752228125
1167,LTBR,0.17895488010703126
1168,LY96,0.05203231546874999
1169,LYN,0.6146446916576562
1170,MAGED1,0.01976201097035156
1171,MAGI1,0.480846841403125
1172,MAGI2,0.5803042878898438
1173,MAGI3,0.06589613232578126
1174,MALT1,1.2141980952854687
1175,MAML1,0.16366464304375
1176,MAML2,0.2260972306640625
1177,MAML3,0.22790870853046877
1178,MAP2K1,3.8861553070757813
1179,MAP2K2,1.7648687092949844
1180,MAP2K3,1.0245510781433593
1181,MAP2K4,1.3640649546360937
1182,MAP2K5,0.6776398992968751
1183,MAP2K6,1.2760262425802344
1184,MAP2K7,1.5016276219157656
1185,MAP3K1,0.7843955994062421
1186,MAP3K11,0.04673579805065625
1187,MAP3K12,0.0106770916546875
1188,MAP3K13,0.011944281207812501
1189,MAP3K14,0.8407093745890625
1190,MAP3K2,0.276577025365625
1191,MAP3K20,0.0228957433125
1192,MAP3K3,0.3319149015702344
1193,MAP3K4,0.2873680604424297
1194,MAP3K5,0.5881816099649219
1195,MAP3K6,0.03241363578046875
1196,MAP3K7,1.6665275519938283
1197,MAP3K8,0.46259091917601564
1198,MAP4K1,0.06249610899859375
1199,MAP4K2,0.02084375823671875
1200,MAP4K3,0.014472473347656249
1201,MAP4K4,0.01232532555046875
1202,MAPK1,8.018401814357539
1203,MAPK10,1.8450338284761871
1204,MAPK11,1.6811402027309998
1205,MAPK12,2.062225132444
1206,MAPK13,2.7422173779357424
1207,MAPK14,2.538048521903445
1208,MAPK15,0.06759588870565625
1209,MAPK3,3.9166488781135316
1210,MAPK4,0.051858771924484376
1211,MAPK6,0.061073526139070314
1212,MAPK7,1.6452522513854686
1213,MAPK8,3.0755413344678777
1214,MAPK8IP1,0.04825926995970312
1215,MAPK8IP2,0.048960702894570315
1216,MAPK8IP3,0.031197744689921876
1217,MAPK9,2.3278182799063867
1218,MAPKAP1,0.02457689761875
1219,MAPKAPK2,0.6257453689125351
1220,MAPKAPK3,0.5875650653419415
1221,MAPKAPK5,0.08177472033846572
1222,MAPT,0.010307689785781251
1223,MATK,0.037168643731328124
1224,MAVS,0.47663825783046876
1225,MAX,0.04927423844453125
1226,MC2R,0.2641955616756778
1227,MCL1,0.1820057986273203
1228,MDM2,0.35619059094835936
1229,MDM4,0.02716730825390625
1230,ME1,0.062031770721875004
1231,ME3,0.057986161534375
1232,MECOM,0.07831984591171874
1233,MED1,0.24392178709128126
1234,MED12,0.21453137813031248
1235,MED12L,0.2826130681348672
1236,MED13,0.2837139736978359
1237,MED13L,0.23809041620295313
1238,MED14,0.23662318592572656
1239,MED16,0.18696543571328125
1240,MED17,0.23352924190052343
1241,MED24,0.1671383307650547
1242,MED27,0.21197927857015625
1243,MED30,0.23989866571191407
1244,MED4,0.19873959039095312
1245,MEF2A,0.13208404372160157
1246,MEF2B,0.14610132768259376
1247,MEF2C,0.17306840365559376
1248,MEF2D,0.11521733267571875
1249,MEFV,0.22834627278299208
1250,MEGF8,0.019581351070312503
1251,MET,3.487314911695078
1252,MFN1,0.02482891791171875
1253,MFN2,0.022606194840625
1254,MFNG,0.08021589476015625
1255,MGRN1,0.01977375666796875
1256,MIOS,0.2913493481640625
1257,MKNK1,0.5952239387355117
1258,MKNK2,0.512715117476
1259,MLKL,0.298949070328125
1260,MLST8,0.1650509987921875
1261,MLYCD,0.12507736453125
1262,MMP1,0.19404170743265625
1263,MMP13,0.09700752173816406
1264,MMP14,0.12937807481562502
1265,MMP2,0.3416263475554687
1266,MMP3,0.10396009348726562
1267,MMP7,0.0997706519296875
1268,MMP9,0.2883306977867656
1269,MOB1A,0.07632687221875001
1270,MOB1B,0.07313422065625
1271,MOSMO,0.021761583609375003
1272,MPL,0.460296861508125
1273,MRAS,0.6870547172894765
1274,MS4A2,0.31116541183984375
1275,MST1,0.3266786138883203
1276,MST1R,0.6895753651046874
1277,MTCP1,0.028554045778906252
1278,MTOR,2.576615432582031
1279,MUC5AC,0.09722893428843751
1280,MUC5B,0.09458777668445312
1281,MYB,0.1536655561015625
1282,MYC,0.7840392168804687
1283,MYD88,1.0984460609742186
1284,MYH6,0.12308624696460937
1285,MYH7,0.1146932729851797
1286,MYL2,0.09595523697265626
1287,MYL3,0.0949615801953125
1288,MYL4,0.09425201965234375
1289,MYL6,0.16931393659782518
1290,MYL6B,0.18465456974392525
1291,MYL9,0.6148764542271212
1292,MYLK,1.0105963316436173
1293,MYLK2,1.2075719036606796
1294,MYLK3,1.307374152374585
1295,MYLK4,1.2178361389495562
1296,NAIP,0.0522353528671875
1297,NAMPT,0.652456633671875
1298,NANOG,0.39839050602734377
1299,NANOGP8,0.3559622009453125
1300,NBL1,0.21672053156857812
1301,NCF1,0.04101211187968751
1302,NCK1,0.5503968261359375
1303,NCK2,0.4159084394265625
1304,NCOA1,0.7090032938678672
1305,NCOA2,0.8615238687172062
1306,NCOA3,0.8375093396003281
1307,NCOR1,0.06692916378153124
1308,NCOR2,0.053281360617187495
1309,NCSTN,0.12833563326640626
1310,NEK7,0.013750423812499999
1311,NEO1,0.061033688339843746
1312,NF1,0.14985779515146094
1313,NF2,0.4807035796075
1314,NFATC1,3.3473685364382813
1315,NFATC2,3.460532204312578
1316,NFATC3,3.1442970282333595
1317,NFATC4,1.1241207031455156
1318,NFKB1,5.611657359541508
1319,NFKB2,0.3570276096484375
1320,NFKBIA,1.3699982066174219
1321,NFKBIB,1.0241351511042187
1322,NFKBIE,0.7545596574207813
1323,NGF,1.5917129218069843
1324,NGFR,3.2588754483748126
1325,NKD1,0.1555556947265625
1326,NKD2,0.14066247755601563
1327,NLK,0.19032139233984374
1328,NLRC4,0.12592005646874999
1329,NLRP1,0.03713015028959375
1330,NLRP12,0.04105056913671875
1331,NLRP3,0.3995819132244641
1332,NLRP6,0.02015839811328125
1333,NLRP7,0.01996005721484375
1334,NLRX1,0.06941866824218751
1335,NOD1,0.079535598125
1336,NOD2,0.15733570602951563
1337,NODAL,0.5619807677929688
1338,NOG,0.3660724442734375
1339,NOS1,0.35479310307708095
1340,NOS2,0.5006453125342408
1341,NOS3,2.983311441715042
1342,NOTCH1,0.459441137542625
1343,NOTCH2,0.4946768884681485
1344,NOTCH3,0.6603315110747031
1345,NOTCH4,0.3992832448517031
1346,NOTUM,0.2898364069882812
1347,NOX1,0.09170679381984376
1348,NOX4,0.09960919129882811
1349,NPPA,1.65683701665625
1350,NPPB,0.14219641560882812
1351,NPPC,1.0
1352,NPR1,1.0333449355941153
1353,NPR2,1.41858300078125
1354,NPRL2,0.15193923948984375
1355,NPRL3,0.1403169440203125
1356,NPY,0.6707369479548437
1357,NPY1R,0.1964267193688281
1358,NR1H3,0.0742372609359375
1359,NR4A1,0.5950828094742188
1360,NRAS,6.052015079598172
1361,NRF1,0.02729492313671875
1362,NRG1,0.09900743178125
1363,NRG2,0.06320168570312501
1364,NRG3,0.1387209566796875
1365,NRG4,0.0378668007265625
1366,NSMAF,0.37840775091406254
1367,NTF3,0.9882969437583047
1368,NTF4,0.9513480382362891
1369,NTRK1,3.236944647510625
1370,NTRK2,1.6820377819029062
1371,NTRK3,0.7686949686343749
1372,NTSR1,0.0626654802578125
1373,NUMB,0.06430266107812499
1374,NUMBL,0.057914188695312493
1375,OLR1,0.06992848643828124
1376,OPRD1,0.29959633379140627
1377,OPRM1,0.3600884088640625
1378,ORAI1,0.6190576749421874
1379,ORAI2,0.41566336691406247
1380,ORAI3,0.464479635859375
1381,OSM,0.6093037934158828
1382,OSMR,1.1996859002679687
1383,OTUD5,0.04811657746484375
1384,OXT,0.6214498113980469
1385,OXTR,0.7612766674209221
1386,P2RY1,0.03621357228341528
1387,PAK1,0.9209816523335156
1388,PAK2,0.5684481160450781
1389,PAK3,0.23521729752265624
1390,PAK4,0.2701062671388281
1391,PAK5,0.3222146591203125
1392,PAK6,0.25586993762148436
1393,PALS1,0.13633294905078125
1394,PARD3,1.1539298189955467
1395,PARD6A,0.6325763488614062
1396,PARD6B,1.1465995123532813
1397,PARD6G,0.978456617081328
1398,PATJ,0.1239444411484375
1399,PCK1,0.7553187762101407
1400,PCK2,0.7658143325984688
1401,PDCD1,0.05468004490625
1402,PDE10A,0.07097057564929615
1403,PDE1A,0.14125853646238593
1404,PDE1B,0.11160718710995121
1405,PDE1C,0.15313634697005135
1406,PDE3A,0.06433771534399334
1407,PDE3B,1.5215960597890348
1408,PDE4A,0.04206794785748412
1409,PDE4B,0.05575167587097571
1410,PDE4C,0.060950713600619155
1411,PDE4D,0.12429698311501149
1412,PDGFA,1.5875513213712031
1413,PDGFB,1.8624155297913516
1414,PDGFC,1.7403212664406758
1415,PDGFD,1.7705036534592031
1416,PDGFRA,4.418223378474609
1417,PDGFRB,3.7383522735084376
1418,PDHA1,0.01464493131640625
1419,PDHA2,0.020659651023437503
1420,PDHB,0.01698099371875
1421,PDK1,0.12350079935937501
1422,PDPK1,1.5447365693646093
1423,PERP,0.015043474726562499
1424,PF4,0.1636797657796875
1425,PF4V1,0.16840618775234373
1426,PFKFB1,0.1884287104140625
1427,PFKFB2,0.316609317559375
1428,PFKFB3,0.14030939219218752
1429,PFKFB4,0.1354983293984375
1430,PFKL,0.05204950258320312
1431,PFKM,0.0569935420484375
1432,PFKP,0.05091941796914062
1433,PFN1,0.016918939348691
1434,PFN2,0.014550921340210809
1435,PFN3,0.10516984147269502
1436,PFN4,0.09050660992854462
1437,PGAM5,0.3975576760859375
1438,PGF,1.0647591584358125
1439,PGK1,0.04270152931228125
1440,PGK2,0.071047464765625
1441,PGR,0.07677126416015626
1442,PHKA1,0.8463160814347459
1443,PHKA2,0.7362498339116632
1444,PHKB,0.7093314263561741
1445,PHKG1,0.8777358893986825
1446,PHKG2,0.6182113611327247
1447,PHLPP1,0.02060282000234375
1448,PHLPP2,0.02855809604921875
1449,PIAS1,0.0490816100484375
1450,PIAS2,0.0494330838859375
1451,PIAS3,0.04500057052890625
1452,PIAS4,0.0434085634734375
1453,PIDD1,0.0131082594296875
1454,PIK3AP1,0.29597419222578125
1455,PIK3C3,0.08084261413671875
1456,PIK3CA,5.05411252835252
1457,PIK3CB,4.328829876506795
1458,PIK3CD,4.552006196356635
1459,PIK3CG,2.049054359305428
1460,PIK3R1,3.1892360046399384
1461,PIK3R2,3.295602605412933
1462,PIK3R3,4.400946448192425
1463,PIK3R4,0.0781219678296875
1464,PIK3R5,2.0574390632548805
1465,PIK3R6,2.000462097838446
1466,PIM1,0.2229384750015625
1467,PIN1,0.008121092439515625
1468,PITX2,0.063304249359375
1469,PKLR,0.0298033669028125
1470,PKM,0.01733813816905685
1471,PKN1,0.15129631139612493
1472,PKN2,0.32079027734509813
1473,PKN3,0.01384869783984375
1474,PLA1A,0.05709070040546875
1475,PLA2G10,0.06450131875703125
1476,PLA2G12A,0.054299333071093754
1477,PLA2G12B,0.05533616158984375
1478,PLA2G1B,0.057334478967968755
1479,PLA2G2A,0.05448116151171875
1480,PLA2G2C,0.05407257660234375
1481,PLA2G2D,0.05569957755625
1482,PLA2G2E,0.054776011452343745
1483,PLA2G2F,0.054327881453125004
1484,PLA2G3,0.06013667701484375
1485,PLA2G4A,0.5460110526328906
1486,PLA2G4B,0.4148430493175
1487,PLA2G4C,0.43943154989375
1488,PLA2G4D,0.4894441642632813
1489,PLA2G4E,0.5191876562309374
1490,PLA2G4F,0.48895603987890623
1491,PLA2G5,0.04648836455390625
1492,PLA2G6,0.0387094227328125
1493,PLAAT3,0.02255818576640625
1494,PLAT,0.16605964466406248
1495,PLAU,0.03152838319921875
1496,PLCB1,2.4276539511983297
1497,PLCB2,2.3960065970941047
1498,PLCB3,2.5993724742354436
1499,PLCB4,4.2590315548942685
1500,PLCD1,0.09365264958750001
1501,PLCD3,0.09351571546796875
1502,PLCD4,0.10259374055468751
1503,PLCE1,0.4484950083336172
1504,PLCG1,1.680869780584124
1505,PLCG2,2.2849294924659764
1506,PLCZ1,0.11046715868750001
1507,PLD1,0.8013899568125
1508,PLD2,0.6730491751145313
1509,PLIN1,0.16420291183359376
1510,PLIN2,0.061187480610156254
1511,PLIN4,0.0666896083671875
1512,PLIN5,0.06012355506453125
1513,PLK1,0.05698459755
1514,PLK2,0.044141149825
1515,PLK3,0.08186858961796875
1516,PLK4,0.060859659031250006
1517,PLN,0.9076837057737499
1518,PLTP,0.0406098241921875
1519,PMAIP1,0.016532780515624998
1520,POMC,0.6138798808476562
1521,PORCN,0.25630541605859375
1522,POU5F1,0.2995440035703125
1523,POU5F1B,0.30251336834375003
1524,PPARA,1.1907269653410624
1525,PPARD,0.28980825433485913
1526,PPARG,0.7296395322096094
1527,PPARGC1A,0.8111394697065704
1528,PPBP,0.1648760980078125
1529,PPIF,1.2898975365453125
1530,PPM1A,0.04088123693515625
1531,PPM1B,0.0265241322484375
1532,PPM1D,0.016306752359375
1533,PPP1CA,0.48326379812619985
1534,PPP1CB,0.544328665907841
1535,PPP1CC,0.5744077543845625
1536,PPP1R12A,0.3710163523720748
1537,PPP1R12B,0.2244817166826486
1538,PPP1R12C,0.09403958285511446
1539,PPP1R1B,0.020021644818387124
1540,PPP1R3A,0.531191166296652
1541,PPP1R3B,0.4763022040205156
1542,PPP1R3C,0.32896980400882925
1543,PPP1R3D,0.4570469778243568
1544,PPP1R3E,0.2812392287456805
1545,PPP1R3F,0.3082951601406843
1546,PPP2CA,0.262451258305
1547,PPP2CB,0.19878773569414063
1548,PPP2R1A,0.18410111875289062
1549,PPP2R1B,0.40637968136890623
1550,PPP2R2A,0.20713291945328127
1551,PPP2R2B,0.15898689090320312
1552,PPP2R2C,0.15422254116265627
1553,PPP2R2D,0.18596942028359376
1554,PPP2R3A,0.37021290103125004
1555,PPP2R3B,0.18415070334710937
1556,PPP2R3C,0.18847781318265625
1557,PPP2R5A,0.1937089817575781
1558,PPP2R5B,0.13875721827210938
1559,PPP2R5C,0.13986329045375
1560,PPP2R5D,0.14824899612070314
1561,PPP2R5E,0.19813556431804688
1562,PPP3CA,1.3535572365401507
1563,PPP3CB,1.8328951538609455
1564,PPP3CC,2.470453854523286
1565,PPP3R1,1.5561457808503594
1566,PPP3R2,2.85629310412655
1567,PPP4C,0.038459346374218745
1568,PPP4R3A,0.04823239537109375
1569,PPP4R3C,0.07070163834062501
1570,PPP5C,0.02281062451328125
1571,PRDM4,0.0236300305625
1572,PREX1,0.14561341640900155
1573,PRICKLE1,0.045950080076562504
1574,PRICKLE2,0.04577985051484375
1575,PRICKLE3,0.051812773621875
1576,PRICKLE4,0.05332110265625
1577,PRKAA1,1.8036901610631992
1578,PRKAA2,1.9325459351813632
1579,PRKAB1,1.2847075400239492
1580,PRKAB2,1.5202734147851258
1581,PRKACA,2.278880645677301
1582,PRKACB,2.4622978324954032
1583,PRKACG,4.404981593670318
1584,PRKAG1,1.1007394490557858
1585,PRKAG2,1.1909232867854156
1586,PRKAG3,1.610030522113764
1587,PRKAR1A,0.131826034296875
1588,PRKAR1B,0.0958128116479297
1589,PRKAR2A,0.253784592578125
1590,PRKAR2B,0.19562726523437501
1591,PRKCA,1.5441682604996485
1592,PRKCB,1.6089750562664686
1593,PRKCD,1.6377073474457031
1594,PRKCE,1.0340446509719126
1595,PRKCG,0.6377838726948906
1596,PRKCI,1.141822584701719
1597,PRKCQ,1.3441160671406251
1598,PRKCZ,0.8809574747119531
1599,PRKD1,0.15203115457578126
1600,PRKD2,0.13535354760390625
1601,PRKD3,0.14179717422968752
1602,PRKG1,0.7309231021803245
1603,PRKG2,0.6454530845613496
1604,PRL,0.6630018530298594
1605,PRLR,1.5632622147109374
1606,PRMT1,0.05940293581015625
1607,PRR5,0.02580574199609375
1608,PSEN1,0.17271796766015624
1609,PSEN2,0.14041176638359376
1610,PSENEN,0.10506694029765626
1611,PSTPIP1,0.055812774578125
1612,PTAFR,0.059795931949218756
1613,PTCH1,0.3059484729023437
1614,PTCH2,0.291899240765625
1615,PTCRA,0.037679540921875004
1616,PTEN,1.2664493949960938
1617,PTGER1,0.069695909809375
1618,PTGER2,0.2711550594323187
1619,PTGER3,0.2947653095889844
1620,PTGFR,0.32637969805635314
1621,PTGS2,0.6489426526942109
1622,PTK2,0.611641038261101
1623,PTK2B,0.11202853865828125
1624,PTPN1,0.1290031183125
1625,PTPN11,0.346440259489375
1626,PTPN2,0.052569144134374995
1627,PTPN5,0.0520259028953125
1628,PTPN6,0.7082254110015624
1629,PTPN7,0.10586820851953124
1630,PTPRC,0.07393336988359375
1631,PTPRF,0.17405433884921875
1632,PTPRR,0.08752877377109375
1633,PXN,0.08507751036757813
1634,PYCARD,0.4374326326884375
1635,PYDC1,0.0181223779140625
1636,PYDC2,0.020369443101562502
1637,PYGB,0.43409296363006106
1638,PYGL,0.6962156429755766
1639,PYGM,0.5790005243848129
1640,RAB10,0.04155072575703125
1641,RAB11B,0.03116868816890625
1642,RAB14,0.0425587708640625
1643,RAB2A,0.03902761659765625
1644,RAB5A,0.0136904325609375
1645,RAB5B,0.0131459156578125
1646,RAB5C,0.0115662343640625
1647,RAB8A,0.045583144661718755
1648,RAC1,1.4137241538887813
1649,RAC2,2.461537734817891
1650,RAC3,1.7753882665521874
1651,RAF1,4.789849857858535
1652,RAG1,0.05736190226015625
1653,RAG2,0.05957681000312501
1654,RALA,0.3681389222851562
1655,RALB,0.29547966201328124
1656,RALBP1,0.08266071009622265
1657,RALGDS,0.29999199230471874
1658,RAP1A,1.00185867354625
1659,RAP1B,0.9755455384545313
1660,RAP1GAP,0.0105077619603125
1661,RAPGEF1,0.32132425725312497
1662,RAPGEF2,0.14989787971593752
1663,RAPGEF3,0.19451625545648438
1664,RAPGEF4,0.22250157353984376
1665,RAPGEF5,0.11100602567395312
1666,RAPGEF6,0.1015465843375
1667,RARA,0.0693737572265625
1668,RASA1,0.16157816733937502
1669,RASA2,0.2713058039675469
1670,RASA3,0.0693041629385
1671,RASA4,0.045645446410664064
1672,RASA4B,0.05784780345399219
1673,RASAL1,0.05978467434427344
1674,RASAL2,0.06842065765651562
1675,RASAL3,0.07078826422218751
1676,RASGRF1,0.44705326539984364
1677,RASGRF2,0.5065817723525968
1678,RASGRP1,0.3964644026256875
1679,RASGRP2,0.23160312258782811
1680,RASGRP3,0.6474862474247656
1681,RASGRP4,0.19608545905035937
1682,RASSF1,0.17351549390760937
1683,RASSF2,0.038582826171875
1684,RASSF4,0.031640144359375
1685,RASSF5,0.21481395608279688
1686,RASSF6,0.0875872948515625
1687,RBCK1,0.02483953425390625
1688,RBL1,0.20670128100000001
1689,RBL2,0.060530173306250004
1690,RBPJ,0.457417526528625
1691,RBPJL,0.7091361593605078
1692,RBX1,0.1242647527650161
1693,RCAN1,0.17585144300253125
1694,RCAN2,0.05994378897593751
1695,RCHY1,0.0139628391484375
1696,REL,0.214594705109375
1697,RELA,4.667114286719984
1698,RELB,0.42771254670703124
1699,RELN,0.2876759184533594
1700,RET,0.6890827439789062
1701,RFNG,0.0536309604484375
1702,RGL1,0.08321572503559375
1703,RGL2,0.06646294625189063
1704,RGMA,0.0387357514796875
1705,RGMB,0.04373798923828125
1706,RGS14,0.07931088154218749
1707,RGS2,0.21656776411273437
1708,RHEB,0.731989638866875
1709,RHOA,1.0789495816529566
1710,RHOQ,0.22670858278125
1711,RICTOR,0.06540224482187501
1712,RIN1,0.13185119832614844
1713,RIPK1,0.9158801641500001
1714,RIPK2,0.5588920606226562
1715,RIPK3,0.6129777661171875
1716,RLN1,0.066773981234375
1717,RLN2,0.0645660928125
1718,RLN3,0.0282554975
1719,RNASEL,0.0906066504765625
1720,RNF125,0.083603968375
1721,RNF152,0.032271788525
1722,RNF31,0.0254847902296875
1723,RNF43,0.17560919559765625
1724,ROCK1,0.8848251814498438
1725,ROCK2,0.865155949980625
1726,ROR1,0.119139432875
1727,ROR2,0.12236950395703125
1728,RPRM,0.014552654214843749
1729,RPS6,0.3815285474892066
1730,RPS6KA1,0.30314635588878125
1731,RPS6KA2,0.2372551127791328
1732,RPS6KA3,0.31806375549164845
1733,RPS6KA4,0.6503417128346797
1734,RPS6KA5,0.9186177770000548
1735,RPS6KA6,0.364607475686125
1736,RPS6KB1,0.8979189957593519
1737,RPS6KB2,0.6430202791946986
1738,RPTOR,0.443868671790625
1739,RRAGA,0.14515779432220796
1740,RRAGB,0.24510562558854468
1741,RRAGC,0.1549663751026703
1742,RRAGD,0.1723844126449478
1743,RRAS,1.3038587076634904
1744,RRAS2,1.670934644957201
1745,RRM2,0.018603100265625
1746,RRM2B,0.01516855451171875
1747,RSPO1,0.148864388953125
1748,RSPO2,0.13096824980703126
1749,RSPO3,0.14783439978515625
1750,RSPO4,0.14424844728125
1751,RUVBL1,0.0928603545328125
1752,RXFP1,0.17802580993297515
1753,RXFP2,0.11830904559099578
1754,RXFP3,0.18585972263125
1755,RXFP4,0.13637248651015627
1756,RXRA,1.1926999807131604
1757,RXRB,1.1308663851716787
1758,RXRG,1.5792342216723156
1759,RYK,0.1079055910375
1760,RYR1,0.7446775761796876
1761,RYR2,0.6457283390179688
1762,RYR3,0.605918171921875
1763,S100A7,0.10436538295768749
1764,S100A7A,0.09394830166046875
1765,S100A8,0.07969589555336719
1766,S100A9,0.07656485020738282
1767,S1PR1,0.1075038386675
1768,S1PR2,0.188407157784375
1769,S1PR3,0.1684342288265625
1770,S1PR4,0.2864853832734375
1771,S1PR5,0.12769556970781248
1772,SAV1,0.4125882423007813
1773,SCD,0.05335392093640625
1774,SCD5,0.049872325598796875
1775,SCP2,0.04660769614921875
1776,SCRIB,0.05739531680482812
1777,SEC13,0.18965754498359375
1778,SEH1L,0.23183009915234376
1779,SELE,0.04072727104796875
1780,SENP2,0.019843372066718747
1781,SERPINB5,0.01593330914453125
1782,SERPINE1,0.5496742742472657
1783,SERPINF1,0.02389578521796875
1784,SESN1,0.012882277128906251
1785,SESN2,0.40942703223828125
1786,SESN3,0.014075020007812501
1787,SETD7,0.0535509560484375
1788,SFN,0.07422793974140625
1789,SFRP1,0.33776830419375004
1790,SFRP2,0.340446316734375
1791,SFRP4,0.35799061755234374
1792,SFRP5,0.3540924496625
1793,SGK1,0.07307823744453125
1794,SGK2,0.084558789946875
1795,SGK3,0.09134766441640625
1796,SH2B1,0.04607390249125
1797,SH2B2,0.17473373793742186
1798,SH2B3,0.07981554973851562
1799,SH2D2A,0.0891234107828125
1800,SHARPIN,0.0245528378578125
1801,SHC1,0.9688366539820624
1802,SHC2,0.7198663381883985
1803,SHC3,1.1375527478445155
1804,SHC4,1.2099928491824765
1805,SHH,0.2279538612890625
1806,SHISA5,0.00968463228515625
1807,SHOC2,0.06350701701455469
1808,SIAH1,0.0886757253234375
1809,SIK1,0.21718244836779688
1810,SIK2,0.0573092421390625
1811,SIKE1,0.0293137854765625
1812,SIN3A,0.11987692594414062
1813,SIPA1,0.02458651955625
1814,SIPA1L1,0.01342505124375
1815,SIPA1L2,0.01924232831640625
1816,SIVA1,0.03510890690703125
1817,SKAP1,0.0880513870234375
1818,SKP1,0.09458951657292422
1819,SKP2,0.032583048395312494
1820,SLC25A31,2.527798526785156
1821,SLC25A4,0.7432129770575
1822,SLC25A5,0.7180089955953906
1823,SLC25A6,0.5606571327546875
1824,SLC27A1,0.06627735780390626
1825,SLC27A4,0.06626932893437501
1826,SLC2A1,0.21987865025476563
1827,SLC2A2,0.0915377917578125
1828,SLC2A4,0.6228122455486719
1829,SLC38A9,0.09444296882083905
1830,SLC3A2,1.0
1831,SLC7A5,1.0
1832,SLC8A1,0.0447397013203125
1833,SLC8A2,0.023635272404687505
1834,SLC8A3,0.029206328308593748
1835,SLC9A1,0.12969087633898438
1836,SMAD1,0.7380999487778905
1837,SMAD2,2.012219458353086
1838,SMAD3,1.691902395868664
1839,SMAD4,1.1120222348715625
1840,SMAD5,0.6617777404512499
1841,SMAD6,0.17844318598437497
1842,SMAD7,0.23125937371718752
1843,SMAD9,0.7110062841639844
1844,SMO,0.4378534865851562
1845,SMPD2,0.239865560703125
1846,SMURF1,0.1155928473515625
1847,SMURF2,0.1193808124609375
1848,SNAI2,0.112360835734375
1849,SNW1,0.030696714834375003
1850,SOCS1,0.229195650884375
1851,SOCS2,0.21536185253203124
1852,SOCS3,0.3884197366984375
1853,SOCS4,0.21940483727265625
1854,SOCS5,0.1589178409328125
1855,SOCS6,0.1774766531375
1856,SOCS7,0.19761794936093752
1857,SOD2,0.06338251294296876
1858,SORBS1,1.2734001838210935
1859,SORT1,0.02093728480546875
1860,SOS1,3.516460242603734
1861,SOS2,3.029330658165945
1862,SOST,0.03149369072265625
1863,SOX17,0.1008922093671875
1864,SOX2,0.41471758678515624
1865,SOX9,0.03225035951484375
1866,SP1,0.4688658395625
1867,SPHK1,0.8979057666459063
1868,SPHK2,0.5870615850987031
1869,SPOP,0.1256365461328125
1870,SPOPL,0.15043581391796873
1871,SPP1,0.24600380571068564
1872,SRC,1.452738565805734
1873,SREBF1,0.36642537889176563
1874,SRF,0.15931044685603124
1875,SRSF1,0.0548432839078125
1876,SST,0.4860358725778906
1877,SSTR1,0.206077457534375
1878,SSTR2,0.20011754132765625
1879,SSTR5,0.21493971668148437
1880,STAM,0.0210505728984375
1881,STAM2,0.02198316279296875
1882,STAT1,1.5606073203894115
1883,STAT2,0.34307259818751
1884,STAT3,1.4961919015524747
1885,STAT4,0.2566707862253743
1886,STAT5A,1.0019140511927547
1887,STAT5B,0.955521127406459
1888,STAT6,0.1983477324719924
1889,STEAP3,0.015861712859375002
1890,STIM1,0.6476144647265625
1891,STIM2,0.8203979578906251
1892,STING1,0.08536188885546875
1893,STK11,0.7442471452169531
1894,STK3,0.8751370183906835
1895,STK4,0.13750773060781252
1896,STMN1,0.00951840530216446
1897,STRADA,0.230600116065625
1898,STRADB,0.2721892382613281
1899,SUCNR1,0.21569365666171875
1900,SUFU,0.1453536526953125
1901,SUGT1,0.03697434111770979
1902,SYK,1.5827510013445312
1903,SYNGAP1,0.048554761675632815
1904,TAB1,0.3954428407859375
1905,TAB2,0.4188174146601562
1906,TAB3,0.3332921762070312
1907,TACR1,0.06765417571484375
1908,TACR2,0.0616767874078125
1909,TACR3,0.06627860165546876
1910,TANK,0.14001085279296877
1911,TAOK1,0.03465418778515625
1912,TAOK2,0.030394712981250002
1913,TAOK3,0.02916027936796875
1914,TBC1D1,0.1504338728315625
1915,TBC1D4,0.23274793895390627
1916,TBC1D7,0.3124080656025547
1917,TBK1,0.586927358640625
1918,TBKBP1,0.05696803804296875
1919,TBL1X,0.03282575645
1920,TBL1XR1,0.029507683927773438
1921,TBL1Y,0.042883194160124996
1922,TBX3,0.20258648597421874
1923,TBXA2R,0.06481937237890625
1924,TCF3,0.1665353922578125
1925,TCF7,1.3072507733596874
1926,TCF7L1,0.7917386003345703
1927,TCF7L2,0.7243857319714375
1928,TCL1A,0.031433027473984375
1929,TCL1B,0.0320870492421875
1930,TEAD1,0.5269854193347656
1931,TEAD2,0.5547863300859375
1932,TEAD3,0.4904425672878906
1933,TEAD4,0.4945597973646094
1934,TEC,0.20116671126171876
1935,TEK,2.841800000243672
1936,TELO2,0.028269333218749998
1937,TF,0.041772953952390626
1938,TFAM,0.027908208828125
1939,TFDP1,0.1333078094453125
1940,TFF1,0.07683965388671875
1941,TFRC,0.06173435993359375
1942,TGFA,0.9933796195160196
1943,TGFB1,1.113182148315625
1944,TGFB2,1.1260613990414063
1945,TGFB3,1.1030595326671875
1946,TGFBR1,1.699609698203125
1947,TGFBR2,1.8727314807322655
1948,TGIF1,0.03541456862109375
1949,TGIF2,0.03970090171484375
1950,TH,0.09672589790625
1951,THBD,0.04489676050390626
1952,THBS1,0.42914939161273435
1953,THBS2,0.29439823549218747
1954,THBS3,0.2394182121265625
1955,THBS4,0.2364665391021875
1956,THEM4,0.024741022793906248
1957,THPO,0.3136091194066172
1958,THRA,0.35862294524614713
1959,THRB,0.6017226379399687
1960,TIAM1,0.43111740949992183
1961,TICAM1,0.2854777108320312
1962,TICAM2,0.1586355328359375
1963,TIMP1,0.054568101996171875
1964,TIRAP,0.22779026328164065
1965,TKFC,0.075140341875
1966,TLE1,0.22679353906171876
1967,TLE2,0.22939561683515625
1968,TLE3,0.25801567291796873
1969,TLE4,0.2534605386390625
1970,TLE6,0.3683034162539063
1971,TLE7,0.34018970591875
1972,TLN1,0.10350577676953124
1973,TLN2,0.19876385533984375
1974,TLR1,0.045584284734375
1975,TLR2,0.20066250669726565
1976,TLR3,0.04118257415625
1977,TLR4,0.4976318852534375
1978,TLR5,0.0308274377578125
1979,TLR6,0.045364469898437496
1980,TLR7,0.031611423804687504
1981,TLR8,0.031794468671875
1982,TLR9,0.030611796820312502
1983,TNC,0.3010736712627344
1984,TNF,1.4860568403864063
1985,TNFAIP3,0.1121342905546875
1986,TNFRSF10A,0.03848833515625
1987,TNFRSF10B,0.03638182773046875
1988,TNFRSF11A,0.14958512582421873
1989,TNFRSF13C,0.0455187605234375
1990,TNFRSF1A,1.281572113585156
1991,TNFRSF1B,0.3331615298671875
1992,TNFSF10,0.055478832141406254
1993,TNFSF11,0.15271213547265625
1994,TNFSF13B,0.05716679187890625
1995,TNFSF14,0.0266489006171875
1996,TNN,0.302633810860625
1997,TNNI3,0.02921193685859375
1998,TNR,0.2792302281185156
1999,TNXB,0.240179047509375
2000,TOLLIP,0.06411740383476562
2001,TP53,1.28338842352525
2002,TP53AIP1,0.035841744285937505
2003,TP53BP1,0.047737697085937496
2004,TP53BP2,0.030406359854375
2005,TP53I3,0.015478699375
2006,TP73,0.16871394140625
2007,TPTEP2-CSNK1E,0.656833637108148
2008,TRADD,0.8624426333914063
2009,TRAF1,0.02928212909765625
2010,TRAF2,1.3540137010382813
2011,TRAF3,0.5148684763898437
2012,TRAF3IP2,0.18468588055234375
2013,TRAF4,0.0093796072421875
2014,TRAF5,0.41266629208359373
2015,TRAF6,1.5563240184075782
2016,TRDN,0.7906089807421874
2017,TRHR,0.06277881068906249
2018,TRIP10,0.08289593253515626
2019,TRIP6,0.026470675967968753
2020,TRPC6,0.2223337488211875
2021,TSC1,1.469101986630961
2022,TSC2,0.9609868802915703
2023,TSHB,0.4956655980390625
2024,TSHR,0.26453239627499286
2025,TSLP,0.31920095401015625
2026,TTI1,0.03249789378359375
2027,TXN,0.06139429379140625
2028,TXN2,0.062052782447343746
2029,TXNIP,0.1382081563715625
2030,TYK2,0.34842732674409377
2031,UBC,0.023497823397673156
2032,UCP1,0.14879966064921873
2033,ULK1,0.050865173825
2034,ULK2,0.01385969253125
2035,USP25,0.037551943389062495
2036,USP7,0.0442755589390625
2037,VANGL1,0.0759284177109375
2038,VANGL2,0.07291122615234374
2039,VASP,0.09031322205539136
2040,VAV1,1.0608171456648359
2041,VAV2,0.8743080691261562
2042,VAV3,1.6352778256968126
2043,VCAM1,0.073533596990625
2044,VDAC1,0.73496927596125
2045,VDAC2,0.8292922141789062
2046,VDAC3,0.7174770477027343
2047,VEGFA,1.732097228169586
2048,VEGFB,1.0579340279029923
2049,VEGFC,2.1184295585396717
2050,VEGFD,2.165668169816094
2051,VHL,0.026259403926099843
2052,VIP,0.4600623270742188
2053,VIPR2,0.2705080593278749
2054,VTN,0.2903700004990625
2055,VWF,0.2254785927171875
2056,WAS,0.0200724080078125
2057,WDR24,0.263522285390625
2058,WDR59,0.22147087051328124
2059,WIF1,0.26156644579218746
2060,WNT1,1.2578538657195313
2061,WNT10A,1.2192238339476562
2062,WNT10B,1.058344607146875
2063,WNT11,1.2580279665437502
2064,WNT16,1.2272952205835939
2065,WNT2,1.2559958552554686
2066,WNT2B,1.2284773149328125
2067,WNT3,1.09568988365
2068,WNT3A,1.3218443316351562
2069,WNT4,1.2248893220783126
2070,WNT5A,1.2487331727992188
2071,WNT5B,1.2602158776914063
2072,WNT6,1.2420347025304688
2073,WNT7A,1.2004333934882814
2074,WNT7B,1.2113343522992188
2075,WNT8A,1.1986087360648439
2076,WNT8B,1.2180285325507811
2077,WNT9A,1.2744407005476561
2078,WNT9B,1.239250542475
2079,WTIP,0.20403403590625
2080,WWC1,0.5261248445539062
2081,WWTR1,0.8039975309574628
2082,XCL1,0.167587628184375
2083,XCL2,0.16350738793984376
2084,XCR1,0.5051365263196094
2085,XIAP,0.052688757449218755
2086,YAP1,0.9838572354358688
2087,YWHAB,0.05578299943415443
2088,YWHAE,0.1376720023289153
2089,YWHAG,0.09484394158135055
2090,YWHAH,0.052126180524203154
2091,YWHAQ,0.08194595655736486
2092,YWHAZ,0.061090742264033146
2093,ZAP70,1.3482254925146093
2094,ZFYVE16,0.032866053734375
2095,ZFYVE9,0.030977690775781247
2096,ZMAT3,0.0145571675
2097,ZNF274,0.048028028421874994
2098,ZNRF3,0.18255932345703124
