gene_name,p_value
ABL1,0.9790892880092326
ABL2,0.8506881860719427
ACAA1,0.08322221785421208
ACACA,0.9562944752596729
ACACB,0.7877332367668235
ACADL,0.5593659204126147
ACADM,0.3818547356934284
ACOX1,0.5434446009810536
ACOX2,0.5529705291894391
ACOX3,0.873159199750797
ACSBG1,0.5061794109560072
ACSBG2,0.3702899461287854
ACSL1,0.6732046879885242
ACSL3,0.9790892880092326
ACSL4,1.0
ACSL5,0.5820282295226769
ACSL6,0.33452908665053693
ACTA2,0.8995040509478887
ACTB,0.5593659204126147
ACTG1,0.8863155969806151
ACVR1,0.5184502553450132
ACVR1B,0.3949604230687942
ACVR1C,0.6942010329568615
ACVR2A,0.31121025372560696
ACVR2B,1.0
ADAM17,0.416486750762464
ADCY1,0.9221749651233507
ADCY10,1.0
ADCY2,1.0
ADCY3,0.7476976524753538
ADCY4,0.2517446478775356
ADCY5,0.7118799224040282
ADCY6,0.19407415179467513
ADCY7,0.2517446478775356
ADCY8,0.4471887989352409
ADCY9,0.12665039978743287
ADCYAP1,0.2517446478775356
ADCYAP1R1,0.736890915815285
ADGRB1,1.0
ADIPOQ,0.2497784600336319
ADIPOR1,0.3589465811574475
ADIPOR2,0.4500423158932323
ADORA1,0.9980988103176093
ADORA2A,0.7297150726441002
ADORA2B,0.5690257932249676
ADORA3,0.5755096629559334
ADRA1A,1.0
ADRA1B,0.6628000179921385
ADRA1D,1.0
ADRA2A,0.751311065726076
ADRA2B,0.8098169762807512
ADRA2C,0.1721466012073939
ADRB1,1.0
ADRB2,0.9524983083559881
ADRB3,0.42059799104119755
AFDN,1.0
AFP,0.7731036287569379
AGAP2,0.12905541113835117
AGER,0.6593460791171104
AGRP,0.5497857631008252
AGT,1.0
AGTR1,0.895733017965424
AIFM2,0.3896858327278331
AIM2,0.4557795475224644
AJUBA,0.6168028518275798
AKT1,0.018208779558697766
AKT1S1,1.0
AKT2,0.4056382818695973
AKT3,1.0
ALDOA,0.25770787766233316
ALDOB,0.835773431257255
ALDOC,0.25770787766233316
AMH,0.9051646956882915
AMHR2,1.0
AMOT,1.0
ANAPC5,0.9904942674707437
ANGPT1,0.19571549072604322
ANGPT2,0.46737850546823867
ANGPT4,0.5031357470143778
ANGPTL4,0.6628000179921385
AOX1,0.6524600089125
APAF1,0.7987551158485091
APBB1IP,0.4247343018102715
APC,0.8135131968506659
APC2,0.4443455997406166
APH1A,0.13579649039405106
APH1B,0.10775124398511514
APLN,1.0
APLNR,1.0
APOA1,0.7877332367668235
APOA2,1.0
APOA5,0.02230702145096118
APOC3,0.019912847727225437
AQP7,1.0
ARAF,1.0
ARAP3,0.0875509211711266
AREG,1.0
ARF1,0.9942964741299557
ARF6,0.077855002241987
ARHGDIA,0.47618352690240384
ARHGDIB,0.6387768435649753
ARHGDIG,1.0
ARHGEF12,0.18920952413858094
ARNT,0.015996260581434933
ARRB1,1.0
ARRB2,0.3078064134640133
ASPH,0.15487368853705424
ATF2,0.9790892880092326
ATF4,0.3589465811574475
ATF6B,0.7694585654328076
ATG12,1.0
ATG16L1,0.3741209340258883
ATG5,0.3976138285619145
ATM,0.5561637403987543
ATP1A1,0.9373252740961556
ATP1A2,0.8394968079341012
ATP1A3,0.7859000187818611
ATP1A4,0.8581659961562722
ATP1B1,1.0
ATP1B2,1.0
ATP1B3,0.828337788367049
ATP1B4,1.0
ATP2A1,0.10364247641727047
ATP2A2,1.0
ATP2A3,0.5434451776356353
ATP2B1,1.0
ATP2B2,0.4002779519228027
ATP2B3,1.0
ATP2B4,0.48806362090577005
ATP6V1A,0.9487032189700564
ATP6V1B1,1.0
ATP6V1B2,0.835773431257255
ATP6V1C1,0.35397566738257435
ATP6V1C2,0.9221749651233507
ATP6V1D,1.0
ATP6V1E1,1.0
ATP6V1E2,1.0
ATP6V1F,0.38706468001470773
ATP6V1G1,0.7476976524753538
ATP6V1G2,1.0
ATP6V1G3,0.21444558582041762
ATP6V1H,0.9562944752596729
ATR,0.5787646345391508
ATXN1,0.24202110315198888
ATXN1L,0.40429352229980486
AVP,0.5061794109560072
AVPR1A,1.0
AVPR1B,1.0
AVPR2,1.0
AXIN1,1.0
AXIN2,0.20921372792254866
AZI2,1.0
BAD,1.0
BAG4,0.6889287043802933
BAMBI,1.0
BAX,0.6051104604189474
BBC3,1.0
BCAR1,0.4002779519228027
BCL10,1.0
BCL2,0.7694585654328076
BCL2A1,1.0
BCL2L1,0.6218447391078068
BCL2L11,0.7895670382928575
BCL3,0.0641080104095917
BCL6,0.06479608794064286
BDKRB1,0.9146100405445943
BDKRB2,0.6871751603158041
BDNF,0.04162143122457551
BECN1,1.0
BECN2,1.0
BEX3,1.0
BID,1.0
BIRC2,0.9980988103176093
BIRC3,0.23070551782584958
BIRC5,0.25762310330003146
BLNK,1.0
BMP2,1.0
BMP4,0.3844543094411069
BMP5,1.0
BMP6,1.0
BMP7,1.0
BMP8A,0.48806362090577005
BMP8B,0.6218447391078068
BMPR1A,1.0
BMPR1B,0.416486750762464
BMPR2,1.0
BNIP3,0.6051104604189474
BOC,0.4056382818695973
BORCS8-MEF2B,1.0
BRAF,1.0
BRAP,0.4443455997406166
BRCA1,0.2031208245770727
BRCC3,1.0
BTC,0.41375870628898614
BTK,1.0
BTRC,0.8544254565351362
BUB1B-PAK6,1.0
CAB39,0.35397566738257435
CAB39L,1.0
CACNA1C,0.8394968079341012
CACNA1D,0.8172133078116455
CACNA1F,1.0
CACNA1S,1.0
CACNA2D1,1.0
CACNA2D2,0.7549299403019574
CACNA2D3,0.2401085362442883
CACNA2D4,0.6319807285196108
CACNB1,0.6766869815264505
CACNB2,0.09965921407057056
CACNB3,0.47618352690240384
CACNB4,0.9487032189700564
CACNG1,0.043074297398195155
CACNG2,0.48806299855569435
CACNG3,0.9108304335449982
CACNG4,1.0
CACNG5,0.3741209340258883
CACNG6,0.12905541113835117
CACNG7,0.5277532657303159
CACNG8,0.26173738586035733
CACYBP,0.5820282295226769
CALM1,1.0
CALM2,1.0
CALM3,0.8656565540016024
CALML3,0.29554031157127125
CALML4,0.6017879719871302
CALML5,0.17821338062621228
CALML6,0.025886597178389547
CAMK1,0.6558993884568947
CAMK1D,1.0
CAMK1G,0.8881980993944443
CAMK2A,0.5561637403987543
CAMK2B,0.05755346417856862
CAMK2D,0.8919643394259521
CAMK2G,0.9032773541488813
CAMK4,0.4443455997406166
CAMKK2,1.0
CAMP,0.9487032189700564
CARD10,0.2804076939064273
CARD11,0.9904942674707437
CARD14,0.1494186222439587
CARD16,1.0
CARD18,0.6628000179921385
CARD6,0.022307213093533663
CARD8,0.015380321417988936
CARD9,1.0
CASP1,1.0
CASP10,0.41375870628898614
CASP12,1.0
CASP3,0.524642832186091
CASP4,1.0
CASP5,1.0
CASP7,0.9108304335449982
CASP8,0.26786292794311495
CASP9,0.2846765757385875
CASQ1,0.6151268852691578
CASQ2,0.4002779519228027
CASR,0.1647820760487151
CASTOR1,1.0
CAT,0.344165064059352
CBL,0.01578005232290327
CBLB,0.6218447391078068
CCKAR,0.08322221785421208
CCKBR,0.5853003964384098
CCL1,0.9259601127032032
CCL11,1.0
CCL13,0.4358781761988516
CCL14,1.0
CCL15,1.0
CCL16,1.0
CCL17,0.45290547658781244
CCL18,0.8061255258641298
CCL19,1.0
CCL2,0.8995040509478887
CCL20,0.024039192496281517
CCL21,1.0
CCL22,0.8394968079341012
CCL23,0.3896858327278331
CCL24,0.25770787766233316
CCL25,1.0
CCL26,0.002742944108832653
CCL27,0.7189957201989776
CCL28,0.4910578103758373
CCL3,0.7154347306097097
CCL4,1.0
CCL5,0.5122956740974749
CCL7,1.0
CCL8,0.828337788367049
CCN2,1.0
CCNA1,0.2215672274275916
CCNA2,0.9070528431900867
CCNB1,0.6801762019143189
CCNB2,0.3818547356934284
CCNB3,1.0
CCND1,0.7118799224040282
CCND2,1.0
CCND3,0.3417397923821004
CCNE1,0.7404875043717178
CCNE2,0.5690257932249676
CCNG1,0.26173738586035733
CCNG2,0.9866922766824622
CCR1,0.11198793148412681
CCR10,0.49255891011917585
CCR2,1.0
CCR3,0.344165064059352
CCR4,1.0
CCR5,0.21621032856444955
CCR6,0.5529705291894391
CCR7,0.06549024755316492
CCR8,0.2868274204540028
CCR9,0.6421863589875758
CD14,0.0228720818682844
CD19,0.04021027098831199
CD209,1.0
CD22,0.46737850546823867
CD247,1.0
CD28,0.2825366693148801
CD36,0.38706468001470773
CD38,0.8469542667104454
CD3E,0.7767537038335269
CD4,0.49105843048730113
CD40,1.0
CD40LG,1.0
CD72,0.6732046879885242
CD79A,0.7083313654430826
CD79B,0.736890915815285
CD80,0.5340022117583216
CD82,0.7297150726441002
CD86,0.873159199750797
CD8A,0.7804087145446047
CD8B,1.0
CD8B2,1.0
CDC25B,0.42197457017910134
CDC37,0.25570934306520166
CDC42,0.4002779519228027
CDH1,0.5061794109560072
CDK1,0.9487032189700564
CDK2,1.0
CDK4,0.9904942674707437
CDK6,0.9524983083559881
CDKN1A,0.3976138285619145
CDKN1B,1.0
CDKN2A,1.0
CDKN2B,1.0
CDKN2D,0.42197457017910134
CDON,0.9335353525395846
CEBPB,0.8190646430825875
CER1,1.0
CFLAR,0.3490484753212293
CFTR,0.5466112014260416
CGA,0.04258531766377709
CHAD,0.6017879719871302
CHD8,0.46737850546823867
CHEK1,0.5593659204126147
CHEK2,0.5561637403987543
CHRD,0.736890915815285
CHRM1,0.47913860994130175
CHRM2,0.5722633657139671
CHRM3,0.37748575112889515
CHRM5,0.5277532657303159
CHUK,0.4471887989352409
CIR1,1.0
CISH,1.0
CLEC1B,1.0
CLEC4D,1.0
CLEC4E,1.0
CLEC4M,0.0627499504494612
CLEC6A,1.0
CLEC7A,0.7549299403019574
CLIP1,1.0
CNR1,0.40295210278503635
CNTF,0.828337788367049
CNTFR,1.0
COL1A1,0.828337788367049
COL1A2,0.46446368135035976
COL2A1,0.8769148484870471
COL3A1,0.8656565540016024
COL4A1,1.0
COL4A2,1.0
COL4A3,1.0
COL4A4,1.0
COL4A5,1.0
COL4A6,1.0
COL6A1,0.5031357470143778
COL6A2,1.0
COL6A3,0.6117799729176134
COL6A5,0.8394968079341012
COL6A6,0.10775124398511514
COL9A1,0.6801762019143189
COL9A2,0.02258811287802212
COL9A3,0.21094730746656287
COMP,0.3715646834633043
COP1,1.0
CPT1A,0.9032773541488813
CPT1B,0.41922537918397973
CPT1C,0.3157862461705493
CPT2,0.6490280029197848
CREB1,0.08070931830863588
CREB3,1.0
CREB3L1,0.4386902621934847
CREB3L2,0.015788579786125863
CREB3L3,0.05692980863554379
CREB3L4,0.25770787766233316
CREB5,0.32040620021924926
CREBBP,1.0
CRK,0.02718532088271543
CRKL,0.5918257067170106
CRLF2,1.0
CRTC2,0.9714881984502108
CSF1,0.10985344753670057
CSF1R,0.8976180997506417
CSF2,0.41922537918397973
CSF2RA,1.0
CSF2RB,0.3741209340258883
CSF3,0.6151268852691578
CSF3R,0.46737850546823867
CSH1,0.30667821628324743
CSH2,1.0
CSN2,1.0
CSNK1A1,0.8544254565351362
CSNK1A1L,0.861909722771364
CSNK1D,0.7118799224040282
CSNK1E,0.41375870628898614
CSNK1G1,0.7804087145446047
CSNK1G2,1.0
CSNK1G3,0.6732046879885242
CSNK2A1,0.6218447391078068
CSNK2A2,1.0
CSNK2A3,1.0
CSNK2B,1.0
CTBP1,0.5820282295226769
CTBP2,0.1339320092848958
CTF1,0.861909722771364
CTLA4,1.0
CTNNA1,1.0
CTNNA2,0.9904942674707437
CTNNA3,0.9108304335449982
CTNNB1,0.5122956740974749
CTNNBIP1,1.0
CTNND1,0.9183915793830312
CTNND2,0.10775124398511514
CTSB,1.0
CTSD,1.0
CUL1,0.19082182728544939
CUL3,1.0
CX3CL1,0.09965921407057056
CX3CR1,0.7476976524753538
CXCL1,0.15076844473113424
CXCL10,0.15487368853705424
CXCL11,1.0
CXCL12,0.32273266273292534
CXCL13,1.0
CXCL14,0.2057775757258029
CXCL16,1.0
CXCL2,0.5657969953694101
CXCL3,0.5951678062353475
CXCL5,0.4500423158932323
CXCL6,0.2074904916122673
CXCL8,1.0
CXCL9,1.0
CXCR1,0.5371406380584195
CXCR2,0.26786292794311495
CXCR3,1.0
CXCR4,0.1876098013720453
CXCR5,0.6051104604189474
CXCR6,0.8581659961562722
CXXC4,0.8995039079408843
CYBA,0.9259601127032032
CYBB,1.0
CYCS,0.4103839216554056
CYLD,0.5153681949056692
CYP17A1,0.8320537311474636
CYP27A1,0.008583360350394106
CYP7A1,1.0
CYP8B1,1.0
CYSLTR1,1.0
CYSLTR2,1.0
CYTH1,0.10879832943917843
CYTH2,0.9487032189700564
CYTH3,0.9828905880928935
CYTH4,1.0
DAAM1,0.7621837768491206
DAAM2,0.054491145127412856
DAB2IP,1.0
DAPP1,0.736890915815285
DAXX,0.47618352690240384
DBI,0.7804087145446047
DCHS1,1.0
DCHS2,0.3614449783975029
DCN,1.0
DDB2,0.8769148484870471
DDIT3,0.15906327598927483
DDIT4,0.23631541677707946
DDX3X,1.0
DEFB4A,1.0
DEFB4B,1.0
DEPDC5,0.26376838419234894
DEPTOR,0.7154347306097097
DHH,0.7225628209081943
DHX33,0.5657969953694101
DHX58,0.3502754817964562
DIAPH1,0.2233738197596421
DISP1,1.0
DKK1,1.0
DKK2,1.0
DKK4,0.13269969765556794
DLG1,0.1647820760487151
DLG2,0.4358781761988516
DLG3,1.0
DLG4,0.9108304335449982
DLG5,0.9032773541488813
DLL1,0.3417397923821004
DLL3,0.20153964028270865
DLL4,0.9050335792801372
DNM1L,0.7987551158485091
DOCK2,0.7083313654430826
DOCK4,0.0720176411449088
DRD1,0.8061255258641298
DRD2,0.08493242590299212
DRD5,0.047159581865987676
DTX1,0.895733017965424
DTX2,1.0
DTX3,0.15212754154644514
DTX3L,1.0
DTX4,0.15906327598927483
DUSP1,0.059640327041056124
DUSP10,0.6490280029197848
DUSP16,0.32273266273292534
DUSP2,0.24587833261426695
DUSP3,0.8061255258641298
DUSP4,0.3715639992368249
DUSP5,0.36396114905716115
DUSP6,0.4247343018102715
DUSP7,0.13517315423219753
DUSP8,1.0
DUSP9,1.0
DVL1,0.3614484128996954
DVL2,0.039748993432506374
DVL3,1.0
E2F4,0.18921079009309172
E2F5,0.5001017794853693
EBAG9,0.4275045515761392
ECSIT,0.7261355860472081
EDA,1.0
EDA2R,1.0
EDAR,0.4615590008934203
EDARADD,0.3564556630801542
EDN1,0.3180907278919629
EDN2,1.0
EDN3,0.18601883457969814
EDNRA,0.7118799224040282
EDNRB,0.32273266273292534
EEF2,0.5787646345391508
EEF2K,0.5061794109560072
EFCAB7,1.0
EFNA1,0.8172133078116455
EFNA2,1.0
EFNA3,0.4850786910667827
EFNA4,1.0
EFNA5,1.0
EGF,0.6977238945180402
EGFR,1.0
EGLN1,1.0
EGLN2,0.9828905880928935
EGLN3,0.9259601127032032
EGR1,0.5061794109560072
EGR2,0.04210104038273123
EGR3,0.3690192949337193
EHHADH,0.06905360369583792
EI24,0.7333000811681523
EIF4B,0.41375870628898614
EIF4E,0.3741209340258883
EIF4E1B,1.0
EIF4E2,1.0
EIF4EBP1,0.12666940637360927
ELAVL1,1.0
ELF5,0.7804087145446047
ELK1,1.0
ELK4,0.2658102277887764
ELMO1,0.24587833261426695
ELOB,1.0
ELOC,1.0
ENAH,1.0
ENO1,0.1647820760487151
ENO2,0.4029527756961644
ENO3,1.0
ENO4,0.32273266273292534
EP300,1.0
EPHA2,0.9524983083559881
EPO,0.22519092547401542
EPOR,0.08154001453348958
ERBB2,0.929746936940584
ERBB3,0.351506602246237
ERBB4,1.0
ERBIN,1.0
EREG,0.08933248953572591
ESR1,0.7767537038335269
ESR2,0.02751865518554475
ESRRB,0.25372160427655943
ETS1,0.010139637190551502
ETS2,0.6524600089125
EVC,0.018682119708159417
EVC2,0.884434381770755
EVL,0.21621032856444955
EXOC2,0.5031357470143778
EXOC7,0.5561637403987543
F2,0.7154347306097097
F2R,0.26376838419234894
F2RL3,0.47030344224237186
F3,0.9866922766824622
FABP1,0.10263498941725886
FABP3,0.27200094092448945
FABP4,0.2288567553827765
FADD,0.48806362090577005
FADS2,0.9487032189700564
FARP2,0.41375870628898614
FAS,0.9676885814334162
FASLG,0.6558993884568947
FASN,0.1876098013720453
FAT4,0.8995040509478887
FBP1,0.035795914128589894
FBP2,1.0
FBXO25,0.351506602246237
FBXO32,0.3157862461705493
FBXW11,0.4940630842734778
FCER1A,1.0
FCER1G,0.35397566738257435
FCGR2B,1.0
FFAR2,0.14674666869611536
FGF1,0.1339320092848958
FGF10,0.6151268852691578
FGF16,1.0
FGF17,0.588581083293209
FGF18,0.3949604230687942
FGF19,0.6353749467215747
FGF2,0.19082182728544939
FGF20,0.3976138285619145
FGF21,1.0
FGF22,0.47618352690240384
FGF23,0.08667094695418688
FGF3,0.8694064072587895
FGF4,0.873159199750797
FGF5,0.31121025372560696
FGF6,0.49707754616171773
FGF7,1.0
FGF8,1.0
FGF9,0.549786333980617
FGFR1,0.46737850546823867
FGFR2,0.006274884032071285
FGFR3,1.0
FGFR4,0.5092327329556139
FGR,0.3614484128996954
FHL1,1.0
FLCN,0.9980988103176093
FLNA,1.0
FLNB,0.9866922766824622
FLNC,0.15765732193905502
FLOT1,0.30667821628324743
FLOT2,1.0
FLT1,0.43587751966059973
FLT3,0.7404875043717178
FLT3LG,0.4850786910667827
FLT4,0.5690257932249676
FMOD,0.4056376101282583
FN1,0.062079892598000716
FNIP1,0.47030344224237186
FNIP2,1.0
FOS,0.8806731008534227
FOSB,0.7767537038335269
FOSL1,0.11971713457107437
FOXO1,0.7877332367668235
FOXO3,0.48806362090577005
FOXO4,1.0
FOXO6,1.0
FPR1,1.0
FRAT1,0.6628000179921385
FRAT2,1.0
FRMD1,0.46446368135035976
FRMD6,0.9714881984502108
FRS2,0.10985344753670057
FSHB,1.0
FSHR,1.0
FST,1.0
FXYD1,0.588581083293209
FXYD2,0.3766880346720888
FYB1,1.0
FYN,0.45290612301716493
FZD1,0.9562944752596729
FZD10,1.0
FZD2,1.0
FZD3,0.6387768435649753
FZD4,1.0
FZD5,0.8806698815350349
FZD6,0.5122956740974749
FZD7,1.0
FZD8,0.6387768435649753
FZD9,0.06342597715972163
G6PC1,1.0
G6PC2,0.5657969953694101
G6PC3,0.7950765800208118
GAB1,0.23820664633706212
GAB2,1.0
GABARAP,0.2761825047420463
GABARAPL1,1.0
GABARAPL2,0.7012532826632851
GABBR1,0.19736634029356537
GABBR2,1.0
GADD45A,1.0
GADD45B,1.0
GADD45G,0.8432237801687793
GALT,0.8135131968506659
GAPDH,0.2999618505120274
GAS1,1.0
GATA4,0.618481826370963
GCG,0.14807804124381255
GCGR,1.0
GCK,0.29554031157127125
GDF5,1.0
GDF6,1.0
GDF7,0.6117799729176134
GDNF,0.6524600089125
GFAP,0.027855509186024835
GH1,1.0
GH2,0.7012532826632851
GHR,0.24202110315198888
GHRL,0.1254893529178711
GHSR,1.0
GIP,1.0
GIPR,0.9221749651233507
GK,1.0
GK2,0.40833445187259054
GLI1,0.23820664633706212
GLI2,0.5918702375710694
GLI3,0.2825366693148801
GLP1R,0.929746936940584
GNA11,0.9524207406816246
GNA12,0.5031357470143778
GNA13,0.7333000811681523
GNA14,0.8995040509478887
GNA15,0.23443483052160863
GNAI1,0.03455501344386605
GNAI2,0.8209174965776396
GNAI3,0.5092327329556139
GNAL,0.7950765800208118
GNAO1,1.0
GNAQ,1.0
GNAS,0.6151268852691578
GNB1,1.0
GNB2,0.9828905880928935
GNB3,0.5984737357310427
GNB4,0.7987551158485091
GNB5,1.0
GNG10,0.7987551158485091
GNG11,1.0
GNG12,0.7297150726441002
GNG13,0.02175451384614317
GNG2,0.08322221785421208
GNG3,0.5001017794853693
GNG4,0.156260803394966
GNG5,0.06905360369583792
GNG7,0.25570934306520166
GNG8,1.0
GNGT1,0.7950765800208118
GNGT2,1.0
GNRH1,0.09771388828726835
GNRH2,0.2197711284408489
GNRHR,1.0
GPC4,1.0
GPER1,1.0
GPR119,1.0
GPR161,0.8881980993944443
GPRC6A,1.0
GRAP2,1.0
GRB10,0.8881979405013783
GRB2,0.9790892880092326
GREM1,0.8881980993944443
GREM2,1.0
GRIA1,0.2517446478775356
GRIA2,0.02685547699222919
GRIA3,1.0
GRIA4,0.8394968079341012
GRIN1,0.5277532657303159
GRIN2A,0.3180907278919629
GRIN2B,0.3923177523426771
GRIN2C,0.5690257932249676
GRIN2D,0.2868274204540028
GRIN3A,0.17821338062621228
GRIN3B,1.0
GRK1,0.018444120691972037
GRK2,1.0
GRK3,1.0
GRK4,1.0
GRK5,0.07430839549776865
GRK6,0.10985344753670057
GRK7,0.6801762019143189
GRM1,0.19082182728544939
GRM2,0.5340022117583216
GRM3,0.7012532826632851
GRM4,0.3741209340258883
GRM5,0.9524983083559881
GRM6,0.6977238945180402
GRM7,0.7083313654430826
GRM8,0.7083313654430826
GRPR,1.0
GSDMD,0.09965921407057056
GSK3A,0.7404875043717178
GSK3B,0.2413669774633752
GTF2I,0.5623478490235574
GTF2IRD1,0.5706379739521312
GTSE1,1.0
GYS1,0.08029612217389766
GYS2,1.0
HAMP,0.5561637403987543
HBEGF,0.33692145343203483
HCAR1,0.17975464585425183
HCAR2,1.0
HCAR3,1.0
HCK,0.5529705291894391
HDAC1,0.7549299403019574
HDAC2,0.744089774246399
HDAC3,1.0
HDAC4,0.6801762019143189
HDAC5,0.5984737357310427
HES1,0.8919643394259521
HES5,0.588581083293209
HEY1,0.09965921407057056
HEY2,1.0
HEYL,0.433076512683928
HGF,0.41922537918397973
HHAT,0.6871751603158041
HHATL,0.003621385206922013
HHIP,0.32507011451114853
HIF1A,0.9828905880928935
HJV,1.0
HK1,0.11198741842372452
HK2,0.6507426139036729
HK3,0.416486750762464
HKDC1,0.11091663575351253
HMGCR,0.884434381770755
HMGCS1,0.18601883457969814
HMGCS2,0.7404875043717178
HMOX1,0.10465780757187192
HNF4A,0.11746732555801861
HOMER1,1.0
HOMER2,0.20070051757023677
HOMER3,0.4940630842734778
HRAS,0.8486752971312406
HRC,0.006184680833457539
HRH1,0.12785808051893188
HRH2,0.835773431257255
HSP90AA1,1.0
HSP90AB1,0.4500423158932323
HSP90B1,1.0
HSPA1A,1.0
HSPA1B,1.0
HSPA1L,0.3274185541274004
HSPA2,0.19082182728544939
HSPA6,0.7333000811681523
HSPA8,0.6084411459306318
HSPB1,0.9904942674707437
HTR1A,0.5434451776356353
HTR1B,0.7877332367668235
HTR1D,0.09485292348467422
HTR1E,0.549786333980617
HTR1F,1.0
HTR2A,0.010859034256429938
HTR2B,1.0
HTR2C,1.0
HTR4,0.7621837768491206
HTR5A,0.4443455997406166
HTR6,0.6977234833915797
HTR7,0.25570866301124395
IBSP,0.26173738586035733
ICAM1,0.3949604230687942
ICOS,1.0
ID1,0.751311065726076
ID2,0.9828905880928935
ID3,0.36396114905716115
ID4,0.9942964741299557
IFI16,0.351506602246237
IFIH1,0.9032773541488813
IFNA1,1.0
IFNA10,1.0
IFNA13,0.46446368135035976
IFNA14,1.0
IFNA16,1.0
IFNA17,1.0
IFNA2,1.0
IFNA21,1.0
IFNA4,1.0
IFNA5,1.0
IFNA6,1.0
IFNA7,1.0
IFNA8,1.0
IFNAR1,0.895733017965424
IFNAR2,0.5984737357310427
IFNB1,1.0
IFNE,1.0
IFNG,0.25570934306520166
IFNGR1,0.21798550240354886
IFNGR2,0.8506881860719427
IFNK,1.0
IFNL1,1.0
IFNL2,1.0
IFNL3,1.0
IFNLR1,1.0
IFNW1,1.0
IGF1,0.7694585654328076
IGF1R,0.25570934306520166
IGF2,0.9942964741299557
IGFBP3,0.7083313654430826
IHH,0.7950754334897442
IKBKB,0.6067742673953698
IKBKE,0.21798484399481755
IKBKG,1.0
IL10,0.5657969953694101
IL10RA,0.09114314103774633
IL10RB,1.0
IL11,0.9752884627122086
IL11RA,1.0
IL12A,0.26786292794311495
IL12B,1.0
IL12RB1,0.4029527756961644
IL12RB2,0.5690257932249676
IL13,0.6387768435649753
IL13RA1,1.0
IL13RA2,1.0
IL15,0.9942964741299557
IL15RA,0.033351047177344356
IL17A,0.6387768435649753
IL17B,0.07126703313933189
IL17C,1.0
IL17D,0.2868274204540028
IL17F,1.0
IL17RA,0.04210104038273123
IL17RB,1.0
IL17RC,0.3564556630801542
IL17RE,0.3715646834633043
IL18,0.9904942674707437
IL19,0.6218447391078068
IL1A,1.0
IL1B,1.0
IL1R1,1.0
IL1RAP,0.8301928927900564
IL2,1.0
IL20,0.46446368135035976
IL20RA,0.828337788367049
IL20RB,1.0
IL21,0.4940630842734778
IL21R,1.0
IL22,0.6319807285196108
IL22RA1,1.0
IL22RA2,0.3490484753212293
IL23A,0.4850786910667827
IL23R,0.07430839549776865
IL24,0.1676989002879684
IL25,1.0
IL27RA,0.5466112014260416
IL2RA,0.1973669813504988
IL2RB,0.9904942674707437
IL2RG,1.0
IL3,0.9487032189700564
IL3RA,1.0
IL4,1.0
IL4R,1.0
IL5,1.0
IL5RA,0.13517315423219753
IL6,0.050996985104074626
IL6R,0.6353749467215747
IL6ST,0.48806362090577005
IL7,0.8656565540016024
IL7R,1.0
IL9,0.5215418148220496
IL9R,1.0
ILK,0.03049662419383035
INHBA,0.7621837768491206
INHBB,1.0
INHBC,0.6456034324461988
INHBE,0.07052284971136918
INPP5D,0.21444558582041762
INPPL1,0.07745500410842035
INS,0.03839201626840705
INSL3,1.0
INSL5,0.7297147011165672
INSR,0.2761825047420463
INVS,1.0
IQCE,0.17516039196989086
IRAG1,1.0
IRAK1,1.0
IRAK2,0.1370509485763845
IRAK3,0.9449092929597736
IRAK4,1.0
IRF1,0.047177452895134094
IRF3,0.736890915815285
IRF5,0.3690192949337193
IRF7,0.49707754616171773
IRF9,0.7189957201989776
IRS1,0.48806362090577005
IRS2,0.11971713457107437
IRS4,1.0
ITCH,0.6524600089125
ITGA1,0.5466112014260416
ITGA10,1.0
ITGA11,0.9221749651233507
ITGA2,0.21094730746656287
ITGA2B,0.0967526683795551
ITGA3,1.0
ITGA4,0.15487368853705424
ITGA5,0.7585542021467591
ITGA6,0.8394968079341012
ITGA7,0.416486750762464
ITGA8,0.7154347306097097
ITGA9,1.0
ITGAL,1.0
ITGAM,1.0
ITGAV,0.32507011451114853
ITGB1,0.8098172431442923
ITGB2,0.37926597290793773
ITGB3,0.6218447391078068
ITGB4,0.17065433237702832
ITGB5,1.0
ITGB6,1.0
ITGB7,1.0
ITGB8,0.049874788209849065
ITK,0.9449092929597736
ITPR1,0.8769148484870471
ITPR2,0.35397566738257435
ITPR3,0.11525083641727009
JAG1,0.7261359620753296
JAG2,0.6697293864767297
JAK1,0.9676885814334162
JAK2,1.0
JAK3,0.2197711284408489
JMJD7-PLA2G4B,0.884434381770755
JUN,0.6801762019143189
JUND,0.884434381770755
KAT2A,0.9487032189700564
KAT2B,0.7100715907901685
KCNJ12,0.8881980993944443
KCNJ14,0.4029527756961644
KCNJ18,1.0
KCNJ2,1.0
KCNJ3,0.30667821628324743
KCNJ4,0.12200055690408372
KCNJ5,0.060757533064147266
KCNJ6,0.2233738197596421
KCNJ8,0.4056382818695973
KCNJ9,1.0
KCNMA1,0.3664847798434252
KCNMB1,0.4358781761988516
KCNMB2,0.9600916337498887
KCNMB3,0.3614484128996954
KCNMB4,0.5529705291894391
KCNU1,0.3345297781213613
KDR,0.6977238945180402
KIDINS220,0.5593659204126147
KIF3A,0.4940630842734778
KIF7,0.8024381238987224
KIT,1.0
KITLG,0.09023416066115536
KLF2,0.028116936409521644
KLF4,0.5031351362126678
KNG1,1.0
KRAS,0.17214537395462248
KRIT1,0.13894993749498494
KRT10,1.0
KRT12,0.015788579786125863
KRT13,1.0
KRT14,0.9942964741299557
KRT15,0.49707754616171773
KRT16,0.6697293864767297
KRT17,0.9942964741299557
KRT18,0.25372160427655943
KRT19,0.01941231033862505
KRT20,0.4358781761988516
KRT23,0.41375870628898614
KRT24,0.47030344224237186
KRT25,1.0
KRT26,0.5787646345391508
KRT27,1.0
KRT28,0.26786292794311495
KRT31,0.46737850546823867
KRT32,0.04406650214152307
KRT33A,0.08237763487090101
KRT33B,1.0
KRT34,1.0
KRT35,1.0
KRT36,0.25570934306520166
KRT37,1.0
KRT38,0.35397566738257435
KRT39,1.0
KRT40,0.6732046879885242
KRT9,0.2804076939064273
KSR1,0.9638896978279231
KSR2,0.058162658413313695
LAMA1,1.0
LAMA2,0.13147618426403065
LAMA3,0.8098172431442923
LAMA4,0.3844543094411069
LAMA5,0.37926597290793773
LAMB1,0.21798484399481755
LAMB2,0.3949604230687942
LAMB3,0.4247343018102715
LAMB4,1.0
LAMC1,0.4471881489932854
LAMC2,0.3614484128996954
LAMC3,0.24587833261426695
LAMTOR1,0.23256487014175986
LAMTOR2,0.5215418148220496
LAMTOR3,0.5215418148220496
LAMTOR4,1.0
LAMTOR5,1.0
LAT,0.30667821628324743
LATS1,0.351506602246237
LATS2,0.006366269775070259
LCK,0.6942010329568615
LCN2,0.4443455997406166
LCP2,0.7621837768491206
LDHA,0.21798550240354886
LDHAL6A,0.29774594066245275
LDHAL6B,1.0
LDHB,0.5951678062353475
LDHC,0.04559094268068237
LEF1,0.6353749467215747
LEFTY1,0.9202824783841288
LEFTY2,1.0
LEP,0.4940630842734778
LEPR,0.03374831879472094
LFNG,0.9221749651233507
LGR4,0.8995040509478887
LGR5,0.9259601127032032
LGR6,0.8246256834261783
LHB,0.41104126657556883
LHCGR,0.06141576598731251
LIF,0.18286685917614043
LIFR,1.0
LILRA1,1.0
LILRA2,0.6977238945180402
LILRA4,0.29334565018462044
LILRA5,1.0
LILRA6,1.0
LILRB1,1.0
LILRB2,0.3715646834633043
LILRB3,1.0
LILRB4,0.8787935459013746
LILRB5,1.0
LIMD1,0.744089774246399
LIPE,0.16623567727646538
LLGL1,0.618481826370963
LLGL2,0.7261355860472081
LPAR1,1.0
LPAR2,0.2699264955144616
LPAR3,0.5092327329556139
LPAR4,1.0
LPAR5,0.17364861131986176
LPAR6,0.2814701273752699
LPIN1,0.5820282295226769
LPIN2,0.08070931830863588
LPIN3,0.1243178842365874
LPL,0.736890915815285
LRP2,1.0
LRP5,1.0
LRP6,0.7896359191962632
LSP1,0.3976138285619145
LTA,0.5184502553450132
LTB,1.0
LTB4R2,0.16623567727646538
LTBP1,0.3664847798434252
LTBR,0.12315496428739758
LY96,1.0
LYN,0.47618352690240384
MAGED1,1.0
MAGI1,0.9335353525395846
MAGI2,0.5625770214945697
MAGI3,0.30442867646726135
MALT1,0.7676376140177894
MAML1,0.45866449453427494
MAML2,0.7804087145446047
MAML3,0.32506319291117947
MAP2K1,0.9942964741299557
MAP2K2,0.051060510118349174
MAP2K3,0.5122956740974749
MAP2K4,0.9335353525395846
MAP2K5,0.38706468001470773
MAP2K6,0.736890915815285
MAP2K7,0.08154001453348958
MAP3K1,0.3490484753212293
MAP3K11,0.10263498941725886
MAP3K12,0.053895284707083796
MAP3K13,0.06141576598731251
MAP3K14,0.7621837768491206
MAP3K2,1.0
MAP3K20,1.0
MAP3K3,1.0
MAP3K4,1.0
MAP3K5,0.07745500410842035
MAP3K6,0.7950765800208118
MAP3K7,0.5355696829944012
MAP3K8,0.5091987972126635
MAP4K1,1.0
MAP4K2,0.13624940565613192
MAP4K3,0.8061255258641298
MAP4K4,0.2804076939064273
MAPK1,0.47030344224237186
MAPK10,0.5402883081739063
MAPK11,0.44718749904907773
MAPK12,0.41785407726174917
MAPK13,1.0
MAPK14,0.6051104604189474
MAPK15,0.8656565540016024
MAPK3,0.3923177523426771
MAPK4,0.7767537038335269
MAPK6,0.9942964659706199
MAPK7,0.3923177523426771
MAPK8,0.7950662605484992
MAPK8IP1,0.9202829330409827
MAPK8IP2,0.7987551158485091
MAPK8IP3,0.7513107217029921
MAPK9,0.47618352690240384
MAPKAP1,0.8024381238987224
MAPKAPK2,1.0
MAPKAPK3,0.9183915793830312
MAPKAPK5,0.7047891291814816
MAPT,1.0
MATK,0.7804087145446047
MAVS,0.7154347306097097
MAX,0.835773431257255
MC2R,1.0
MCL1,0.9070528431900867
MDM2,0.020167315016918375
MDM4,0.23070418366170986
ME1,0.7877332367668235
ME3,0.05631178588386548
MECOM,0.45866449453427494
MED1,0.7012532826632851
MED12,1.0
MED12L,0.41922537918397973
MED13,1.0
MED13L,1.0
MED14,1.0
MED16,0.5561631754307788
MED17,0.7065590525648036
MED24,0.48210367594299275
MED27,0.6456029601898535
MED30,0.8098172431442923
MED4,0.2215672274275916
MEF2A,0.41104126657556883
MEF2B,0.4940630842734778
MEF2C,0.8469542667104454
MEF2D,0.5466112014260416
MEFV,0.3949604230687942
MEGF8,0.6977238945180402
MET,0.02555862203533761
MFN1,0.7476976524753538
MFN2,0.2825366693148801
MFNG,0.2597172210680184
MGRN1,0.873159199750797
MIOS,0.8694064072587895
MKNK1,0.23070551782584958
MKNK2,1.0
MLKL,0.7804087145446047
MLST8,0.31349275497448137
MLYCD,0.6117799729176134
MMP1,1.0
MMP13,0.06905360369583792
MMP14,0.5434451776356353
MMP2,0.3690192949337193
MMP3,1.0
MMP7,0.895733017965424
MMP9,0.11306737203855911
MOB1A,0.588581083293209
MOB1B,0.8135131968506659
MOSMO,1.0
MPL,1.0
MRAS,0.8432237801687793
MS4A2,1.0
MST1,1.0
MST1R,0.4850786910667827
MTCP1,1.0
MTOR,0.13517315423219753
MUC5AC,1.0
MUC5B,0.12315496428739758
MYB,0.7987551158485091
MYC,0.828337788367049
MYD88,0.3417397923821004
MYH6,1.0
MYH7,0.4471887989352409
MYL2,0.008704371747856023
MYL3,1.0
MYL4,0.7658185896471094
MYL6,1.0
MYL6B,0.41375870628898614
MYL9,1.0
MYLK,0.49707754616171773
MYLK2,0.0228720818682844
MYLK3,1.0
MYLK4,0.3690192949337193
NAIP,1.0
NAMPT,0.5853003964384098
NANOG,1.0
NANOGP8,1.0
NBL1,0.4615590008934203
NCF1,1.0
NCK1,0.6732046879885242
NCK2,0.6117799729176134
NCOA1,1.0
NCOA2,1.0
NCOA3,0.7877332367668235
NCOR1,1.0
NCOR2,0.8750364949790876
NCSTN,0.32039235386370457
NEK7,0.3417397923821004
NEO1,1.0
NF1,0.4443455997406166
NF2,0.3896858327278331
NFATC1,0.014400068957212665
NFATC2,0.11635493441025978
NFATC3,0.7154347306097097
NFATC4,0.10364247641727047
NFKB1,0.7621837768491206
NFKB2,0.6732046879885242
NFKBIA,0.46446368135035976
NFKBIB,0.6524595444334156
NFKBIE,1.0
NGF,0.2889892102766769
NGFR,1.0
NKD1,0.2868267309950733
NKD2,0.16047869715055108
NLK,0.6456034324461988
NLRC4,1.0
NLRP1,0.0875509211711266
NLRP12,0.9411166161038826
NLRP3,0.42197457017910134
NLRP6,0.04067608055574591
NLRP7,0.03664413037369163
NLRX1,1.0
NOD1,0.71010446219456
NOD2,0.3818547356934284
NODAL,0.3564556630801542
NOG,0.929746936940584
NOS1,0.5625770214945697
NOS2,0.11635441200608188
NOS3,0.006184680833457539
NOTCH1,1.0
NOTCH2,1.0
NOTCH3,0.9714881984502108
NOTCH4,0.05214025015094838
NOTUM,1.0
NOX1,1.0
NOX4,0.5593659204126147
NPPA,0.884434381770755
NPPB,0.3180907278919629
NPPC,0.8172133078116455
NPR1,0.32040620021924926
NPR2,0.5820282295226769
NPRL2,0.13894993749498494
NPRL3,0.15765732193905502
NPY,0.09023416066115536
NPY1R,0.9146100405445943
NR1H3,0.6252155658662468
NR4A1,0.3664840942140687
NRAS,1.0
NRF1,0.1339320092848958
NRG1,0.9866922766824622
NRG2,0.48210367594299275
NRG3,0.8394968079341012
NRG4,0.7189957201989776
NSMAF,0.7621837768491206
NTF3,0.8656565540016024
NTF4,1.0
NTRK1,1.0
NTRK2,1.0
NTRK3,0.47763714047542194
NTSR1,0.5308730731929201
NUMB,0.6942010329568615
NUMBL,0.6662611417191255
OLR1,0.04162143122457551
OPRD1,0.3157862461705493
OPRM1,0.19244293920047983
ORAI1,0.043074297398195155
ORAI2,1.0
ORAI3,0.11306737203855911
OSM,0.9373252740961556
OSMR,0.8544254565351362
OTUD5,1.0
OXT,0.7476976524753538
OXTR,0.24202110315198888
P2RY1,0.1243178842365874
PAK1,0.751311065726076
PAK2,0.23631541677707946
PAK3,1.0
PAK4,0.9449092929597736
PAK5,1.0
PAK6,0.5722633657139671
PALS1,1.0
PARD3,0.07052284971136918
PARD6A,1.0
PARD6B,0.559363672556018
PARD6G,0.6285942485373732
PATJ,1.0
PCK1,0.05881782190024504
PCK2,0.0057509423621390715
PDCD1,0.10364247641727047
PDE10A,0.06479570481781043
PDE1A,1.0
PDE1B,0.04067608055574591
PDE1C,0.03537812316212952
PDE3A,0.05692980863554379
PDE3B,1.0
PDE4A,0.2074904916122673
PDE4B,0.2846765757385875
PDE4C,0.6017879719871302
PDE4D,0.2889892102766769
PDGFA,0.8881979405013783
PDGFB,0.9070528431900867
PDGFC,0.9980988103176093
PDGFD,0.8506881860719427
PDGFRA,0.4415127453392038
PDGFRB,0.2825366693148801
PDHA1,1.0
PDHA2,0.19407415179467513
PDHB,0.7767537038335269
PDK1,0.6319807285196108
PDPK1,0.45290612301716493
PERP,0.47030344224237186
PF4,0.19407415179467513
PF4V1,1.0
PFKFB1,1.0
PFKFB2,0.9524983083559881
PFKFB3,0.3690192949337193
PFKFB4,0.5184502553450132
PFKL,0.7118799224040282
PFKM,0.5434440243243016
PFKP,0.26786292794311495
PFN1,0.6284536938703053
PFN2,0.5122956740974749
PFN3,0.1243178842365874
PFN4,0.9165004547721181
PGAM5,0.9183904159488093
PGF,0.26275084728755305
PGK1,1.0
PGK2,0.49105843048730113
PGR,0.9904942674707437
PHKA1,1.0
PHKA2,1.0
PHKB,1.0
PHKG1,0.060757533064147266
PHKG2,0.3321476969416437
PHLPP1,0.5092327329556139
PHLPP2,0.5434451776356353
PIAS1,0.588581083293209
PIAS2,0.8806732702840152
PIAS3,0.929746936940584
PIAS4,0.3417397923821004
PIDD1,1.0
PIK3AP1,0.8919643394259521
PIK3C3,0.4415114387138589
PIK3CA,0.682096528095715
PIK3CB,1.0
PIK3CD,0.9904942674707437
PIK3CG,1.0
PIK3R1,0.16623567727646538
PIK3R2,0.20238261233446442
PIK3R3,0.6319807285196108
PIK3R4,0.2782896417787165
PIK3R5,0.4940630842734778
PIK3R6,0.07277471199802768
PIM1,0.41375870628898614
PIN1,0.23070551782584958
PITX2,0.8098172431442923
PKLR,0.3157862461705493
PKM,1.0
PKN1,0.02718532088271543
PKN2,0.19407415179467513
PKN3,0.34173910176198385
PLA1A,1.0
PLA2G10,1.0
PLA2G12A,0.46591855136827476
PLA2G12B,0.5625770214945697
PLA2G1B,0.08407380201950566
PLA2G2A,0.9487032189700564
PLA2G2C,0.6628000179921385
PLA2G2D,1.0
PLA2G2E,0.5402883081739063
PLA2G2F,0.6558993884568947
PLA2G3,0.2740862741544241
PLA2G4A,1.0
PLA2G4B,1.0
PLA2G4C,0.4386902621934847
PLA2G4D,0.013655970862292942
PLA2G4E,0.34660129372802506
PLA2G4F,0.40833445187259054
PLA2G5,0.03256849667688533
PLA2G6,0.9866922766824622
PLAAT3,1.0
PLAT,0.7118799224040282
PLAU,0.4500423158932323
PLCB1,0.39099976990542584
PLCB2,0.3976138285619145
PLCB3,1.0
PLCB4,1.0
PLCD1,0.8098172431442923
PLCD3,1.0
PLCD4,0.4247343018102715
PLCE1,0.9562944752596729
PLCG1,0.4850786910667827
PLCG2,0.9790892880092326
PLCZ1,1.0
PLD1,0.0021647148563793362
PLD2,1.0
PLIN1,1.0
PLIN2,0.9676885814334162
PLIN4,0.47030344224237186
PLIN5,0.9221749651233507
PLK1,0.7476976524753538
PLK2,0.1494186222439587
PLK3,0.7877332367668235
PLK4,0.835773431257255
PLN,1.0
PLTP,0.2057775757258029
PMAIP1,0.5481031672261505
POMC,0.10064339622966399
PORCN,1.0
POU5F1,0.34660129372802506
POU5F1B,0.5340022117583216
PPARA,1.0
PPARD,0.5690257932249676
PPARG,0.7804087145446047
PPARGC1A,0.6871751603158041
PPBP,1.0
PPIF,0.31349275497448137
PPM1A,1.0
PPM1B,0.13894993749498494
PPM1D,1.0
PPP1CA,0.9487032189700564
PPP1CB,1.0
PPP1CC,0.6218447391078068
PPP1R12A,0.7567072731149473
PPP1R12B,0.7047891291814816
PPP1R12C,0.4471887989352409
PPP1R1B,0.23631541677707946
PPP1R3A,1.0
PPP1R3B,0.2658102277887764
PPP1R3C,0.618481826370963
PPP1R3D,1.0
PPP1R3E,1.0
PPP1R3F,1.0
PPP2CA,0.9904942674707437
PPP2CB,0.13642316742645913
PPP2R1A,0.05755346417856862
PPP2R1B,0.8806732702840152
PPP2R2A,0.16917177532201866
PPP2R2B,0.16047869715055108
PPP2R2C,0.6117799729176134
PPP2R2D,0.3490484753212293
PPP2R3A,0.09023416066115536
PPP2R3B,1.0
PPP2R3C,0.40833445187259054
PPP2R5A,0.8995040509478887
PPP2R5B,0.6285942485373732
PPP2R5C,0.07745500410842035
PPP2R5D,0.7549299403019574
PPP2R5E,0.45866449453427494
PPP3CA,1.0
PPP3CB,0.5820282295226769
PPP3CC,0.2057775757258029
PPP3R1,1.0
PPP3R2,1.0
PPP4C,0.5092327329556139
PPP4R3A,1.0
PPP4R3C,1.0
PPP5C,0.3274185541274004
PRDM4,0.3896858327278331
PREX1,0.9411166161038826
PRICKLE1,0.5277532657303159
PRICKLE2,0.1619036168091723
PRICKLE3,1.0
PRICKLE4,1.0
PRKAA1,0.5225140691809756
PRKAA2,0.20407495712248924
PRKAB1,0.5402883081739063
PRKAB2,0.9070528431900867
PRKACA,0.31924639792835363
PRKACB,1.0
PRKACG,1.0
PRKAG1,0.06342597715972163
PRKAG2,0.8320537311474636
PRKAG3,0.5215418148220496
PRKAR1A,1.0
PRKAR1B,0.38706468001470773
PRKAR2A,0.6541783183657737
PRKAR2B,0.9942964741299557
PRKCA,0.30330733351648453
PRKCB,0.024637558409520578
PRKCD,0.4358781761988516
PRKCE,0.9600916337498887
PRKCG,0.1876098013720453
PRKCI,0.9942964741299557
PRKCQ,0.47913860994130175
PRKCZ,0.9828905880928935
PRKD1,0.3949604230687942
PRKD2,0.751311065726076
PRKD3,1.0
PRKG1,0.21444558582041762
PRKG2,0.6697293864767297
PRL,0.7694585654328076
PRLR,0.8209174965776396
PRMT1,0.618481826370963
PRR5,0.0010695177089867529
PSEN1,0.31121025372560696
PSEN2,0.2699264955144616
PSENEN,1.0
PSTPIP1,0.10775124398511514
PTAFR,0.6906847657685582
PTCH1,0.2761825047420463
PTCH2,1.0
PTCRA,0.9562944752596729
PTEN,1.0
PTGER1,0.8320537311474636
PTGER2,0.8469542667104454
PTGER3,0.7950765800208118
PTGFR,0.008000577164963255
PTGS2,0.15487368853705424
PTK2,0.7476976524753538
PTK2B,0.003203429097761012
PTPN1,0.6051104604189474
PTPN11,0.5657969953694101
PTPN2,0.6421863589875758
PTPN5,0.895733017965424
PTPN6,0.9676885814334162
PTPN7,0.8544254565351362
PTPRC,1.0
PTPRF,0.38706468001470773
PTPRR,0.5722633657139671
PXN,0.5215418148220496
PYCARD,0.9980988103176093
PYDC1,0.2197711284408489
PYDC2,1.0
PYGB,0.7118799224040282
PYGL,0.9638896978279231
PYGM,0.0487733712829994
RAB10,1.0
RAB11B,0.5625770214945697
RAB14,0.46737850546823867
RAB2A,0.5031357470143778
RAB5A,1.0
RAB5B,1.0
RAB5C,0.1147013669024879
RAB8A,0.0113121302499504
RAC1,0.4002779519228027
RAC2,0.1243178842365874
RAC3,1.0
RAF1,0.30667821628324743
RAG1,0.8394968079341012
RAG2,0.14807804124381255
RALA,0.8581659961562722
RALB,0.41375870628898614
RALBP1,0.3766880346720888
RALGDS,0.416486750762464
RAP1A,0.06549024755316492
RAP1B,0.48806362090577005
RAP1GAP,0.037509410059937874
RAPGEF1,0.9524983083559881
RAPGEF2,1.0
RAPGEF3,0.9146100405445943
RAPGEF4,0.736890915815285
RAPGEF5,0.5820260696380508
RAPGEF6,0.7950765800208118
RARA,0.21620967148507497
RASA1,0.2846765757385875
RASA2,0.6285942485373732
RASA3,0.26786292794311495
RASA4,1.0
RASA4B,1.0
RASAL1,0.5434451776356353
RASAL2,0.7333000811681523
RASAL3,0.2740862741544241
RASGRF1,0.09965921407057056
RASGRF2,0.8896210033205278
RASGRP1,0.6252155658662468
RASGRP2,0.7658185896471094
RASGRP3,0.6766869815264505
RASGRP4,1.0
RASSF1,0.4557801921418617
RASSF2,0.588581083293209
RASSF4,0.07988550766833073
RASSF5,0.23256487014175986
RASSF6,0.049321500200300336
RBCK1,0.032957783670437675
RBL1,0.9638896978279231
RBL2,0.14807804124381255
RBPJ,0.8135131968506659
RBPJL,0.18286685917614043
RBX1,0.5529705291894391
RCAN1,0.2233738197596421
RCAN2,0.6977238945180402
RCHY1,1.0
REL,0.4673714981042859
RELA,0.3180907278919629
RELB,0.5340022117583216
RELN,0.4443455997406166
RET,0.23070551782584958
RFNG,1.0
RGL1,0.2439443633205629
RGL2,0.3766880346720888
RGMA,0.8995040509478887
RGMB,0.18203255679755115
RGS14,0.9638896978279231
RGS2,0.9866535791770651
RHEB,0.8995040509478887
RHOA,1.0
RHOQ,1.0
RICTOR,0.41104126657556883
RIN1,0.025102224100026858
RIPK1,1.0
RIPK2,1.0
RIPK3,0.008704371747856023
RLN1,1.0
RLN2,1.0
RLN3,0.4386902621934847
RNASEL,1.0
RNF125,0.03537812316212952
RNF152,0.6836722835313567
RNF31,0.835773431257255
RNF43,0.24202110315198888
ROCK1,0.2846765757385875
ROCK2,1.0
ROR1,0.8544254565351362
ROR2,0.044569796400201124
RPRM,0.929746936940584
RPS6,0.5593659204126147
RPS6KA1,1.0
RPS6KA2,0.7333000811681523
RPS6KA3,1.0
RPS6KA4,0.6732046879885242
RPS6KA5,0.2699264955144616
RPS6KA6,1.0
RPS6KB1,1.0
RPS6KB2,0.7840685844449421
RPTOR,0.7154347306097097
RRAGA,0.929746936940584
RRAGB,1.0
RRAGC,0.18286685917614043
RRAGD,0.3589465811574475
RRAS,0.3741209340258883
RRAS2,0.3614484128996954
RRM2,1.0
RRM2B,0.588581083293209
RSPO1,0.416486750762464
RSPO2,0.04663173261865245
RSPO3,1.0
RSPO4,0.32507011451114853
RUVBL1,0.5308730731929201
RXFP1,0.2699264955144616
RXFP2,1.0
RXFP3,0.7154347306097097
RXFP4,0.2889892102766769
RXRA,1.0
RXRB,0.6628000179921385
RXRG,0.3949604230687942
RYK,1.0
RYR1,0.433076512683928
RYR2,1.0
RYR3,0.14151259576627345
S100A7,1.0
S100A7A,0.10163530867388958
S100A8,1.0
S100A9,0.14151259576627345
S1PR1,0.00986397151456302
S1PR2,0.7012532826632851
S1PR3,1.0
S1PR4,0.5215418148220496
S1PR5,0.1647820760487151
SAV1,0.020815751135503855
SCD,0.9866922766824622
SCD5,0.9638896978279231
SCP2,1.0
SCRIB,1.0
SEC13,0.835773431257255
SEH1L,0.10263498941725886
SELE,0.4056382818695973
SENP2,0.5001017794853693
SERPINB5,0.4615590008934203
SERPINE1,0.07353828400331414
SERPINF1,0.5092327329556139
SESN1,0.06010515634200747
SESN2,0.6017879719871302
SESN3,0.24587833261426695
SETD7,0.8863157585128942
SFN,0.9524983083559881
SFRP1,0.5984737357310427
SFRP2,0.9032773541488813
SFRP4,0.736890915815285
SFRP5,0.3715646834633043
SGK1,0.5031357470143778
SGK2,0.025570425069191483
SGK3,0.031050486801583028
SH2B1,0.5402883081739063
SH2B2,0.6906847657685582
SH2B3,0.7012532826632851
SH2D2A,0.13086716501569448
SHARPIN,1.0
SHC1,0.8995040509478887
SHC2,1.0
SHC3,1.0
SHC4,0.8769148484870471
SHH,0.8061255258641298
SHISA5,0.03621790568115067
SHOC2,0.26376770102296543
SIAH1,1.0
SIK1,0.48806362090577005
SIK2,0.2757149166663435
SIKE1,0.5215412190456172
SIN3A,0.1243178842365874
SIPA1,0.21094730746656287
SIPA1L1,1.0
SIPA1L2,0.3923177523426771
SIVA1,0.42473363924652285
SKAP1,0.02464187271746294
SKP1,0.9032773541488813
SKP2,1.0
SLC25A31,0.11971713457107437
SLC25A4,0.6151268852691578
SLC25A5,1.0
SLC25A6,1.0
SLC27A1,0.26173738586035733
SLC27A4,1.0
SLC2A1,0.8246256834261783
SLC2A2,0.08493242590299212
SLC2A4,0.46737850546823867
SLC38A9,1.0
SLC3A2,0.5529705291894391
SLC7A5,1.0
SLC8A1,0.9411166161038826
SLC8A2,1.0
SLC8A3,0.062079892598000716
SLC9A1,0.2597172210680184
SMAD1,0.3274185541274004
SMAD2,0.24587833261426695
SMAD3,0.7914025944248559
SMAD4,0.2761825047420463
SMAD5,0.22519092547401542
SMAD6,0.6836722835313567
SMAD7,0.7225628209081943
SMAD9,1.0
SMO,0.33692214465195225
SMPD2,1.0
SMURF1,0.9524983083559881
SMURF2,1.0
SNAI2,1.0
SNW1,0.3844543094411069
SOCS1,0.14411141587378049
SOCS2,0.8024381238987224
SOCS3,0.053895284707083796
SOCS4,1.0
SOCS5,0.07665835072235752
SOCS6,0.9638896978279231
SOCS7,0.6387768435649753
SOD2,1.0
SORBS1,0.5184502553450132
SORT1,0.8656565540016024
SOS1,0.6151268852691578
SOS2,0.2169522822096488
SOST,0.8694064072587895
SOX17,0.1428074685946973
SOX2,0.2782896417787165
SOX9,0.04356801403519821
SP1,0.01941231033862505
SPHK1,0.7513107217029921
SPHK2,0.8005957864801827
SPOP,0.9828905880928935
SPOPL,0.49707754616171773
SPP1,0.2911612613286271
SRC,0.433076512683928
SREBF1,0.344165064059352
SRF,0.5466112014260416
SRSF1,0.5593659204126147
SST,0.062079892598000716
SSTR1,0.3976138285619145
SSTR2,1.0
SSTR5,0.0032531536666336163
STAM,0.9562944752596729
STAM2,0.588581083293209
STAT1,0.6353749467215747
STAT2,0.20921372792254866
STAT3,0.20407495712248924
STAT4,0.9430127116423739
STAT5A,0.020167315016918375
STAT5B,0.2868274204540028
STAT6,0.828337788367049
STEAP3,0.19902864871825732
STIM1,0.5402883081739063
STIM2,0.5184167432973312
STING1,1.0
STK11,0.9202829330409827
STK3,1.0
STK4,1.0
STMN1,0.08070931830863588
STRADA,0.1633380661291729
STRADB,1.0
SUCNR1,1.0
SUFU,1.0
SUGT1,0.2699264955144616
SYK,0.835773431257255
SYNGAP1,1.0
TAB1,0.5122956740974749
TAB2,1.0
TAB3,1.0
TACR1,0.5277532657303159
TACR2,0.0057509423621390715
TACR3,0.26786292794311495
TANK,0.6421863589875758
TAOK1,1.0
TAOK2,1.0
TAOK3,0.42197457017910134
TBC1D1,1.0
TBC1D4,0.6151268852691578
TBC1D7,0.861909722771364
TBK1,0.3204055079204098
TBKBP1,0.048755299142851684
TBL1X,1.0
TBL1XR1,0.23443483052160863
TBL1Y,1.0
TBX3,0.7950765800208118
TBXA2R,0.7658185896471094
TCF3,0.9411166161038826
TCF7,0.38706468001470773
TCF7L1,1.0
TCF7L2,0.9752884627122086
TCL1A,0.5951678062353475
TCL1B,0.884434381770755
TEAD1,0.8061255258641298
TEAD2,0.29996254192752314
TEAD3,0.2334971856175061
TEAD4,0.8637663502389843
TEC,0.22246854903002478
TEK,1.0
TELO2,0.9411166161038826
TF,0.003621385206922013
TFAM,0.4615590008934203
TFDP1,1.0
TFF1,0.9600916337498887
TFRC,0.828337788367049
TGFA,0.5625770214945697
TGFB1,0.895733017965424
TGFB2,0.6801762019143189
TGFB3,0.9221749651233507
TGFBR1,1.0
TGFBR2,0.31349275497448137
TGIF1,0.34660129372802506
TGIF2,0.01589197152495497
TH,0.0379485308243798
THBD,0.2740862741544241
THBS1,0.2215672274275916
THBS2,1.0
THBS3,0.9468060291934262
THBS4,0.4002779519228027
THEM4,1.0
THPO,1.0
THRA,0.062079892598000716
THRB,0.29996254192752314
TIAM1,0.21645860157181052
TICAM1,0.21444558582041762
TICAM2,0.9449092929597736
TIMP1,1.0
TIRAP,0.71010446219456
TKFC,1.0
TLE1,1.0
TLE2,0.9562944752596729
TLE3,0.14674666869611536
TLE4,0.8995040509478887
TLE6,0.549786333980617
TLE7,1.0
TLN1,1.0
TLN2,0.5951678062353475
TLR1,1.0
TLR2,0.5722633657139671
TLR3,0.156260803394966
TLR4,1.0
TLR5,0.9070528431900867
TLR6,0.7585542021467591
TLR7,1.0
TLR8,1.0
TLR9,0.9904942674707437
TNC,1.0
TNF,0.9487032189700564
TNFAIP3,0.13642316742645913
TNFRSF10A,1.0
TNFRSF10B,0.9980988103176093
TNFRSF11A,0.8098172431442923
TNFRSF13C,1.0
TNFRSF1A,1.0
TNFRSF1B,0.055092490972357376
TNFSF10,1.0
TNFSF11,0.31121025372560696
TNFSF13B,1.0
TNFSF14,1.0
TNN,1.0
TNNI3,0.835773431257255
TNR,0.6456034324461988
TNXB,0.5277532657303159
TOLLIP,1.0
TP53,0.48806299855569435
TP53AIP1,0.47913860994130175
TP53BP1,0.9676885814334162
TP53BP2,0.544862445694136
TP53I3,0.6285942485373732
TP73,0.5466112014260416
TPTEP2-CSNK1E,1.0
TRADD,1.0
TRAF1,0.6051104604189474
TRAF2,0.6151268852691578
TRAF3,1.0
TRAF3IP2,0.12785808051893188
TRAF4,0.03883989960327222
TRAF5,1.0
TRAF6,0.8098172431442923
TRDN,1.0
TRHR,0.11415499463913331
TRIP10,0.4202174280794285
TRIP6,0.3429503676634471
TRPC6,0.14542447137638076
TSC1,1.0
TSC2,0.4615590008934203
TSHB,1.0
TSHR,0.8712822587450348
TSLP,1.0
TTI1,1.0
TXN,1.0
TXN2,1.0
TXNIP,0.6017879719871302
TYK2,0.6766869815264505
UBC,0.2740862741544241
UCP1,0.24782302649792098
ULK1,0.20070051757023677
ULK2,0.6051104604189474
USP25,1.0
USP7,1.0
VANGL1,0.64777821262607
VANGL2,0.35397566738257435
VASP,0.8957324247115335
VAV1,1.0
VAV2,1.0
VAV3,0.14151259576627345
VCAM1,0.7118799224040282
VDAC1,0.14674666869611536
VDAC2,0.4358781761988516
VDAC3,0.16047869715055108
VEGFA,0.6871751603158041
VEGFB,0.7297150726441002
VEGFC,1.0
VEGFD,1.0
VHL,0.09965921407057056
VIP,0.17821338062621228
VIPR2,1.0
VTN,0.37926597290793773
VWF,1.0
WAS,1.0
WDR24,0.6456034324461988
WDR59,0.29774594066245275
WIF1,0.0023251775368068584
WNT1,0.41104126657556883
WNT10A,1.0
WNT10B,0.744089774246399
WNT11,0.1428074685946973
WNT16,0.15765732193905502
WNT2,0.4557801921418617
WNT2B,0.050996985104074626
WNT3,0.8506881860719427
WNT3A,0.963446157005289
WNT4,0.603447670018117
WNT5A,0.7950765800208118
WNT5B,0.9070528431900867
WNT6,0.26991279075497676
WNT7A,0.3044279846396766
WNT7B,1.0
WNT8A,1.0
WNT8B,0.25570934306520166
WNT9A,0.6300636786702756
WNT9B,1.0
WTIP,1.0
WWC1,0.4344622358236452
WWTR1,0.6801762019143189
XCL1,1.0
XCL2,1.0
XCR1,1.0
XIAP,1.0
YAP1,0.7154347306097097
YWHAB,0.8432113817033519
YWHAE,1.0
YWHAG,0.2825366693148801
YWHAH,0.1494186222439587
YWHAQ,0.7694585654328076
YWHAZ,0.5061794109560072
ZAP70,0.6732046879885242
ZFYVE16,0.7950762933898488
ZFYVE9,0.8806732702840152
ZMAT3,0.7189957201989776
ZNF274,1.0
ZNRF3,0.8506873416879621
