node_name,LOX IMVI,SK-MEL-2,SK-MEL-28,SK-MEL-5,UACC-257,UACC-62,gap1,A549/ATCC,EKVX,HOP-62,HOP-92,NCI-H23,NCI-H460,NCI-H522,gap2,DU-145,PC-3,gap3,A498,ACHN,CAKI-1,UO-31,gap4,IGROV1,OVCAR-3,OVCAR-4,OVCAR-8,SK-OV-3,gap5,K-562,RPMI-8226,SR,gap6,HCT-116,HCT-15,KM12,SW-620,gap7,BT-549,HS 578T,MCF7,MDA-MB-231/ATCC,MDA-MB-468,T-47D,gap8,SF-268,SF-295,SF-539,SNB-75,U251,gap9
BCL10,21.479494885569355,22.790653473524067,23.7714075244858,22.3418373684539,20.559977074807296,22.122997972828248,,22.70728375555664,21.98834278809128,22.23543347690107,22.37011088020765,20.968349277409896,21.89514358145408,25.865404260912744,,21.85493169349445,21.4149585649063,,24.38082871478016,20.528904629844504,22.678116052838146,22.14894383570516,,23.40618385936349,20.333009670953047,23.02399499905881,21.19762664949063,22.483735582665062,,22.194955954174446,23.835255778959144,19.896417664678165,,22.584067302371317,23.066587027339203,23.1193879106576,21.16883219431178,,20.577151970049385,20.890123299782548,23.32981738735087,21.469259530053417,22.66616201729697,22.826405605046613,,20.401620344177488,23.491143104861173,22.971124218063096,20.88449340070785,20.71280437157758,
BCL2,19.47452063552925,20.31120891280069,18.76607736132124,20.70354180682733,20.35359945106277,21.08845456882298,,18.52734447963987,21.9338976098602,20.78264490643273,15.935058870611442,20.364865962036063,21.301059764058063,20.79774185286958,,22.627586987321543,18.43331625512495,,22.837543237110165,19.717417800354067,23.322130775608468,19.81571933813221,,19.06301318451385,23.96670501371176,24.420802946404184,22.57282951577732,20.6803020675398,,23.913772380371817,20.166726187688084,21.17598484785709,,23.140763068684628,22.24732967815411,25.16244026739861,27.331251235369464,,21.740526315088285,25.313876854050417,19.19051590407417,17.577735083742247,23.458064227186902,22.42981815905166,,21.333921654124257,18.59206966433865,26.31629440659371,24.02685680702136,24.63188459868971,
BDNF,11.417069617062392,19.46938561976863,18.297200490555092,14.65816283720041,13.118865992606288,12.56920056528049,,19.98258903755201,12.13194930910513,20.570653056476303,20.618434130113048,22.138457705434508,14.99561885504057,11.844947749319337,,19.97908108362508,21.7221151702299,,19.821872204108523,20.52185774875074,16.101685330637608,17.587274104535258,,18.92753796342901,21.196542970278195,18.45211663363942,19.101704354270232,21.363743647593974,,13.260181451159353,15.071514870908,15.094640425838367,,9.91786882501249,17.424146224060497,12.023327217531744,21.484863810614637,,19.51583912551316,12.099974976451572,11.60654897698862,20.504692251034093,23.834707806334976,17.679239212235387,,10.169906474079138,21.205449022331862,17.371702971648414,15.771974054530396,19.98148804853695,
BIRC2,4.064132456781252,4.133722791011253,4.020714892069148,3.785846087526504,3.832196249717188,3.931188995317566,,5.219417421489941,26.043790289831943,4.892739778520799,3.753135627623073,5.1817466952033335,3.6327632900638296,4.143613533855058,,3.199320191524436,4.103196557726706,,4.046581094385249,3.8758603150828224,3.472085965661353,3.7283589668937607,,5.232982595966067,3.606730620396231,5.302102366061506,4.216122363271688,8.019332963608573,,4.294645554998465,4.08536512074679,3.754592764913696,,4.671402085438088,3.856217380823068,5.5541655172113416,3.86194633186568,,3.709717284217964,7.394591910727809,4.167600672689,6.135448133128787,3.748833505603373,5.212074612143533,,25.453761570698884,12.376652267193249,4.3048961419761165,6.256213064635358,4.674528618675366,
CAMK2D,25.198118417888725,24.05426452392826,24.620722986762665,24.909757172012554,25.7182156052717,20.70446090647085,,24.32301819808461,20.590029691813804,25.60148298707107,21.0175756264808,25.538574863387726,24.297105566326383,24.27896805964395,,21.06125151846146,22.39730676806392,,21.427090556260342,20.52679734595359,21.89914582144201,19.531959973619077,,20.672012428588623,20.654749604431792,19.06916837204732,21.58636975380403,20.951245935609126,,26.715823297487805,26.431139484361413,19.683108228644453,,21.68213646480766,23.79243727085709,21.966499696080604,25.3275507203182,,19.844830430020497,20.03841466593629,19.53571579092752,24.951895194675373,26.13433430522949,23.0669179426083,,20.96355337062704,24.35416266547941,20.892426456139034,20.76044897347692,20.568468939533453,
CAMK2G,24.24817423376463,24.51015835883673,24.994833926838563,24.662647956330943,25.67510637278156,22.962223251255114,,25.00455454506775,20.87252633580625,23.50819895708632,20.16390872246133,24.042656006501545,24.963973780734,21.20001998234599,,20.462619019129487,18.638947797171024,,20.87219125701732,20.861193133626788,21.022580797851795,20.4306717368937,,21.871467114224995,18.63302971806727,18.01892860410278,18.992630492730537,19.77900211759292,,23.79837296563387,24.371429811614718,21.053171953565244,,23.73075777279287,24.418392121575007,22.330823648049837,25.12474542369705,,21.215778533077817,21.045373478587283,17.09033059543588,24.41655936259164,22.751855243448297,19.156134399646973,,21.375709541609343,24.321395140514397,20.89926819621164,21.80369495312171,21.634639482943,
CAMK4,19.57882151516559,21.12463249339374,20.524648667793,21.002508437630905,21.840901902164447,17.86694348524874,,22.324042213496718,19.06033711627097,22.2511254874152,17.258317483894267,22.26484908057001,22.228641503113984,19.624417150512443,,18.808201778650066,18.968674320072243,,18.58077208064129,17.07588810955518,19.42596462009466,17.710543403386577,,18.86388630802293,16.270594798832214,16.53713233174224,19.02113859512957,18.894332358828304,,22.13835668158657,21.37648153349111,17.952752124152976,,21.212422758810103,23.499369868788868,20.428777142182472,22.19009778241764,,16.658477489300413,16.732038956488353,15.43345126846794,23.11917287123473,23.117239900797145,18.284654252623067,,18.978100197842338,22.103303872105805,18.209919712686236,18.2768939393526,19.082601746746693,
CHRM1,17.39703424598278,20.06583239978492,20.639838359404564,18.88586196551908,18.186763644830403,22.028441713653752,,17.623650206564335,17.622100094343192,18.233873056939192,17.28732245090836,19.21651174726333,18.620063031101623,19.50799219168596,,17.60535060895165,18.07809673260338,,19.374930413797824,18.254440811508125,17.73845170911486,19.28624857174637,,17.569867368387417,21.43377555626049,23.104074174392327,17.41054198174667,18.570930123986503,,17.91570513098295,17.953116115453344,18.016229548945848,,18.204399577776325,16.664220294467853,17.341821310832046,17.412459855009143,,18.7023405861898,17.269918796345692,21.36005250286375,17.518470766101327,17.229039610037344,21.152492384640148,,17.622624696281626,20.971671906579857,18.765244702802345,17.962763398131464,20.579295830184645,
COL1A1,3.638410046820724,3.080117220166102,2.8872951548782044,2.785720804040423,2.98095479418306,2.7969758462751044,,4.180506479660043,3.821301212123727,6.134067941692801,1.8231567698948543,3.9357424270264616,2.5801246138061327,2.9223509648190853,,4.393252106949235,3.753958697867341,,3.868671450004978,3.40144546459066,4.426430233227818,3.595549517090153,,2.230676137964483,3.575663654795018,4.008669295471271,2.8355655277467533,3.4458272435259776,,2.923137469296128,2.149831828526501,3.1988986742126024,,3.825081669809295,2.676680145581778,3.571724097683082,3.3389623809393254,,2.8088879908777717,27.61920744837153,2.9205645091508323,2.7846155851535213,3.223531264365634,2.650073560695768,,26.506580180967585,3.337993895320176,27.395984469032538,1.888468768719984,1.527087679724501,
COL1A2,5.7380828258647005,4.360877401277418,4.38118997224003,3.961113710638776,3.848972142301955,3.9280479451856216,,6.210279740570334,6.168225474224784,4.680391710525202,5.82572619237378,5.619037940809906,4.070158734290529,4.096368166453941,,6.105651694487491,5.791381868170076,,5.896045337439983,5.058709211225155,6.545113050946153,6.417300543325925,,3.192560109350222,5.363729573992897,5.701137559785525,3.5373939357932174,6.648747433112661,,4.0827449862156655,3.0617498880113376,4.3836719417186965,,5.934640479129836,3.898254579106148,5.217247206681479,4.570922960864806,,7.40174621287632,1.087640463177442,4.252818542031051,3.80570555088892,4.83863615245929,4.22828162424076,,1.4858968320812866,4.586756433474966,1.0792205137109272,36.45896291087643,4.871957223816415,
CXCL14,0.7146341785636517,0.8336102309995758,0.7991699570492877,0.7632064997139468,0.7984901051292635,0.915722149859808,,0.8105092469274889,0.8291820771876823,0.7478618264519015,0.7106440144440233,0.8214425924869369,0.7562460313451551,0.7286637049312917,,0.8207117985747827,0.7936996806228838,,0.7174741990172386,0.6415751984472035,0.6970247994731066,0.8186130547606832,,0.9720500049189984,0.7816319335597537,0.7533282222211047,0.7908864390800311,0.8302061033432305,,0.7353046062328907,4.470184933107585,0.7161092559887798,,0.8565138224446401,0.7970976349019107,0.774479139070467,0.8141406895342403,,0.671371516589031,0.7843781489308989,0.7157868316388017,0.6928246322638274,0.750866260806728,0.7624636640850174,,0.7822200505720037,0.7667781565731772,0.7106283615006366,0.7781257447194257,22.832162747075937,
EFNA4,13.665754999487705,22.06517160279417,18.71931748809948,17.575866478395422,14.306456485000092,14.76258785729555,,25.129502863582204,13.275395378300196,25.2494583710052,24.00274217882468,25.02335047984545,17.63985170273283,11.295617723236433,,21.102217403557795,24.113686156251323,,24.507293362710165,25.31620504369881,19.1330046446272,21.477590343950627,,21.886376920994024,24.38604909943857,19.776894288312963,23.74288406357076,26.176681398551995,,14.221824384827828,16.730764192448433,16.23952576523031,,11.1290155673572,19.05550246378187,13.15180418919794,26.4281901813826,,23.19494382913809,14.165841310733336,12.316216493957471,26.11427628315238,24.87083172160976,19.056040150656525,,12.012188667330664,25.887950527526787,20.15686143873742,17.98504535102839,25.048335895291974,
FOXO1,21.74301728683981,24.46460574838136,22.801633515723346,21.492959291600258,21.97647079878275,21.5794069031302,,21.987831898663888,21.38143073915793,23.98374890223695,21.52132198056199,23.72487228131135,22.115777575004834,21.30418912221252,,22.889617882622805,25.332625785386632,,22.402813322798263,22.980497604478053,22.20712763436177,21.7235463520559,,20.50377268902463,22.249148084028104,22.36271060470324,23.390529673154116,21.52206792223433,,23.87342618665928,23.11203774748919,23.415265835092992,,21.174535134414125,21.12117876417466,20.328460983732302,23.65131285801253,,22.943425018907643,22.66342660649069,23.073273591720994,24.01386375614188,21.83289200723889,23.98344353887877,,22.77048646558736,22.21266366118773,22.73335674711025,25.33018086243676,20.836394398125837,
GNG10,22.63053797195878,21.76758639148092,22.446287785161378,21.727476041305145,21.243212755898032,25.342548770821367,,23.27740189117543,23.24017823944109,21.04476762543623,21.401441642700497,21.59996972471988,23.063658050784078,20.103490179796975,,20.718695928883463,20.817337363690637,,20.741827381770246,22.36813799061437,18.380009312583336,22.24989628476936,,23.51300093130875,23.484537285256195,20.697094929757533,20.4888704677555,20.52244366808484,,21.59548299878614,26.08259389800239,20.4305957959055,,21.520469022148912,20.94487431081253,23.36012055861992,22.516708236470727,,20.04516338890418,22.730715288972537,24.10613753549727,20.09801616895753,21.28413840869238,19.45389200871713,,20.38625046538431,19.94726338347907,21.28174016455026,20.487804918029116,22.244288524584128,
GSK3B,23.73242194244146,25.36241966853601,25.83974046262494,27.350454614650907,20.371861992067423,21.108610582308,,21.61483805042968,23.55363169153185,24.73578387117465,23.88764002941732,21.94612450859325,23.092896046447304,23.7129328396954,,21.593141965620912,25.728205270640927,,22.36107609263914,18.368843139063475,18.36530794874122,24.54837803329168,,25.951664920130103,27.1956778353324,20.49673577244548,23.71992398543844,20.883122597537223,,22.49436906500459,24.52997804614324,18.357837640506023,,24.682143626109863,22.28076909780997,22.24491839291613,26.90035897657078,,18.321872845968446,19.590056605111524,24.70375322486904,26.117076995921423,20.971605127012268,27.309060528705224,,25.14239986257686,24.04615834533353,20.65877881625636,22.098122736617125,24.315186454475512,
HIF1A,10.384986023062972,9.628903282392178,8.602481830570259,10.071645624257927,9.635902986467954,8.99476015606017,,10.248484800828011,8.905449871757664,9.112302428179976,9.143276104059318,9.536780969079514,10.281059791530302,10.058976786762598,,11.62787361334536,9.253104551252973,,9.278333062517513,20.36331308928084,15.288614763239451,14.592605536917244,,11.416017613741046,9.278077563155858,10.700877027266868,9.627172900926675,21.895080930958965,,11.967330742415628,11.442385577621508,17.674995551363978,,9.80204975611094,10.713867977605435,10.2284850695968,10.315259016817,,9.632985090232,17.895412767635193,9.709036740450562,9.050282854551408,9.721996889790889,10.681702175960918,,9.285318785984169,9.751971213675382,9.342025057545696,10.338956473714616,22.49640415135059,
IFNAR1,23.898341387744622,21.909245735947657,21.542725661729083,23.8425080049149,23.431415652367825,24.144705873436976,,27.1537551442609,24.25513778257784,24.02752019306415,24.54833222634941,22.58362487599288,24.23707017906584,22.525068966667536,,21.58655108370502,23.01953426783919,,25.823896700609453,20.539281064869265,20.732821928442664,24.858932455091157,,24.0058537291069,25.64899525034668,25.209832970054624,24.223771120823898,25.449711573526017,,23.62309794516129,24.401360971308417,24.28451172291196,,23.936492956788356,23.931919632396227,25.25525405941241,24.257567156183413,,27.116631014079758,23.358005700339984,23.387133290998054,23.68696232300229,22.202075005485963,25.835191548178017,,23.465106525171223,23.484877515032576,20.63389141261262,20.51949974824704,23.58180943982487,
IL6ST,2.892364366947496,3.750332252850921,3.361442884580038,3.838509469931535,3.5112948844848346,4.139586427837606,,5.20569992630772,4.099408926078383,4.3807667368813545,3.5989358439032064,6.4027919529539,3.5453793997246814,3.2191043051083703,,3.704165723332735,4.091932256939495,,4.918081290492473,4.0654786930124445,2.770402561752232,4.428006018202812,,3.432585003788605,3.247683637714477,4.34620489873926,3.605850798873637,4.240781464123934,,3.2127790553595337,3.253745731003812,3.1420363861536957,,3.0842273091245804,3.643756305933924,3.377346752866068,2.860267838212517,,4.743648417603056,8.88155466246263,4.629022273417717,11.94468671721344,3.3249297251811503,5.54422536660949,,3.646210711230673,23.98906220752916,8.910930962640377,4.684236672168547,6.457989568688219,
IRF3,21.13010125646724,20.160860963319465,20.64922533753021,17.970504668215636,22.05196918315696,22.848593838198077,,18.99987587185758,21.133301247532795,21.33858067614476,20.953853551120627,20.00658589478146,20.49665021671434,23.15548425306037,,19.831942661812363,20.60231367529246,,21.026883205937875,19.457848465567444,21.12919086653632,21.580145051081853,,23.359290576368014,18.453163162821166,23.64226973590743,18.811306029082527,20.712422659948427,,22.9987210611334,24.50507334216743,15.17193864076686,,23.98431100548152,25.17259473831368,26.61730243501963,23.40351493703904,,22.569090706347527,18.57815615450219,24.730278667123777,21.63050690570885,22.04513475047556,21.108635526322296,,18.90783781534854,23.264036805037083,14.513763822213384,17.655033165177684,19.209887560463645,
JAK3,15.539521149045406,13.052697733023,13.67643909706968,16.256134881635393,14.636998554913855,14.009483292582413,,15.73712796442913,13.546216349110432,13.8328504632202,13.009862021805269,13.379576283599343,16.216223323144547,15.07015181148415,,17.060586057698,13.370651588340229,,14.38860811272027,22.54427642541716,17.467619932414696,12.328114537048355,,13.727091110132276,17.73787941692471,14.807797267060216,13.742262436975524,14.844258825378173,,14.766495398538826,15.901877860343465,17.025813563022325,,13.030098761722998,14.379395839240091,17.0660735178793,14.507941733758145,,14.903172216157506,21.060183420208244,14.42604101635298,14.779291101724969,18.284812757085223,13.860361338735077,,12.818809519485276,14.464816838134375,22.1207029530239,21.16414934092809,15.887602319705724,
LEP,20.973862786218195,21.604537355596225,20.9148169276905,22.66757054894737,20.974253814469996,21.63876042605739,,20.86156580229786,23.88964196684892,22.071097200183573,22.81889192014661,21.1071177173262,21.30875489230771,22.139563851363096,,22.69352628564718,20.95401202958412,,21.12659660151725,20.640892767799603,20.540962329398884,20.904931142551604,,21.27504231370067,21.34023710234324,21.539823271350286,21.90147168341275,22.00243907089885,,20.71776642862336,21.367874017716986,20.38252119433943,,21.06118800375585,21.791677761035555,21.590277433981427,21.103031958540782,,20.95647652701266,20.677744322771805,21.175742922099214,21.810090996546133,24.62575678245493,21.573854935456243,,21.22675847587466,23.16385543318834,20.37868481714242,20.50948466531432,21.56798512602797,
LEPR,21.820528580283803,21.860654349060933,21.820341559948023,22.61794858030179,22.00333980319388,22.209144347539816,,25.00886878646909,21.516383438839757,21.836628200332424,21.840815004273075,22.19474868220272,22.19754665863364,22.666153824277856,,22.10992234620227,21.93600395028968,,23.418236801632396,21.314330567062417,21.6865725282692,21.61415715812792,,22.038585899493896,22.09280768096196,22.541581287213585,22.021227522054023,21.96595289429265,,21.628348069268764,22.230622158439022,25.155421071845417,,21.74644255609471,22.238399532038084,22.26738211860669,21.586116844840625,,24.705624189980306,21.64895481865304,22.37859432045965,22.351951407417275,21.41296489063888,23.74615731894104,,22.276981689380925,22.256558487954106,21.14994731673975,21.88090198834789,21.587105612819336,
MALT1,20.31597696468414,22.312041926932014,24.150560023195293,21.893366502490867,21.190621135412844,21.48787051744296,,22.66132326679513,25.33371525218632,22.58538360014362,20.564133280923823,21.2001488519504,22.73450968229272,23.684617892023255,,21.787997877312087,21.02846393120993,,24.577861883212407,22.76987681855309,22.05754454571219,22.69080520703561,,23.040213044744405,21.55270448595233,24.104358913440716,21.28746010049422,21.45199807299764,,23.81728301259833,22.365883715558045,21.36391269240885,,23.51666667770701,22.001743309656383,23.19676163258004,22.97021102539812,,24.14891110280227,20.066318336810724,24.49708053782945,21.3980836997508,22.216666226630217,22.36852205796241,,20.79044885752132,22.265068186226625,22.52588701696944,21.1292709393932,22.46187729991565,
MAP2K7,21.45677369810325,23.71489918339002,22.58458390076048,23.52085102501295,20.80574792706232,22.544187188021507,,25.51315099267541,23.409392228512267,23.71526008824544,23.65739288391615,23.419385150387388,23.869901193945896,25.96419648281185,,23.81048480228448,24.109004639008266,,24.503344100938303,23.98551211054967,24.190037729563738,22.920438824183613,,25.161243603485698,26.027636346062486,23.36345065284609,20.30714016510051,20.40146518037788,,22.670354198805796,24.759670962978166,22.15115522536593,,24.193193610760886,22.128359238277454,23.633982060119852,20.221678903075414,,22.300974728465185,21.958698643340625,24.208007832509136,21.7805913994961,22.931766169051915,25.96028706032521,,21.40808160709412,23.349705136328964,23.269421507642,21.81470517235157,21.10839034900397,
MYLK3,19.918257230376035,16.321935976009073,18.8488274628714,19.61146113350053,19.901605822424543,16.574089038369603,,21.175644172722,17.46839504585766,20.544411607866834,17.829544547184554,17.860469396761328,19.376954550074053,14.313481345176063,,20.018661522445274,16.221975272684364,,16.54829402745254,21.335962005123303,17.595667548562414,15.203439914513488,,21.36259601542345,13.670855376253416,15.242407625077426,21.257604521686336,20.331226328061277,,16.72949537504732,17.950780319164984,15.419373165419016,,15.61290710428919,19.588955899894533,21.1399789753782,17.91268996764488,,18.80990013637473,20.36930734115288,14.103297125646328,22.040847230733046,19.2632207421162,13.775899273176432,,19.062002239777385,20.4586112431104,19.74735696158384,21.161675744439936,14.336335056092569,
NF2,7.396205363252387,8.326824328388684,7.12431999130689,6.969701239886218,6.761626537138779,7.434277506099411,,5.771595260311228,6.696382644468642,5.889819028473522,5.22853251752666,5.972805554968552,6.742153954061132,5.372449964413144,,8.269641268563737,7.722692015294705,,6.524865553448972,5.491553159776416,7.219614748055785,10.264395421183725,,7.200676413899884,14.782886576200092,7.276072473436265,6.794166512931582,6.343731134373464,,6.06928165983352,7.079258777780332,5.48767419924107,,5.88179701565968,5.335680156564773,6.924128979702789,7.73389497186558,,7.49295957103836,7.604133977813481,6.2693429838244645,6.498836494580839,6.743478149827639,6.679083253321247,,6.289321375454254,6.553238947114573,7.061258143925374,7.075248495768041,22.540540443599568,
NPPB,4.993042810124408,4.709474197965394,5.154142303491663,4.987827909287076,4.715311401138685,4.906485209739175,,4.691803481834946,4.6590190750422735,21.14096215377772,4.499507629194366,4.092388996666094,5.013964517040492,4.261163093699731,,5.133555885558516,4.799749676104224,,5.1860527676089925,4.928449843277954,5.089210702787424,4.538512112710995,,4.439107754954462,6.278843198255211,24.468190143474423,4.646997194931048,4.5911642528417085,,4.831812217407802,4.502587770332071,4.868999485136328,,4.204096916835717,4.630447098884466,5.4668539785720025,5.129181143993248,,4.551040541405232,17.02730924891746,4.955796030730654,4.689582831304526,4.970461305697272,4.957124166916934,,24.93638237061716,4.855046583175061,4.844776311449306,4.453869313457061,4.649378770920946,
NTF3,12.412240554659498,18.962723745059577,17.15489374019752,14.159656000477902,12.571397505684802,11.985578588108536,,20.405398631491902,12.540853439173071,21.30582362452168,22.119672968780414,21.64892798586288,15.97104311450352,12.03456838243586,,21.4453805518525,22.233089545729,,21.864300626196,20.249021366991357,16.713884706613545,16.43758132109716,,18.98355133532959,20.47982377510618,16.75610178824487,20.267531269801808,23.96558560838236,,13.458869051247396,14.18484681648971,15.127529868394324,,10.622487675600889,17.19505694652402,11.366419527090326,21.037965264398743,,19.889519083505057,12.670350442378188,11.328799366294996,22.34156479102184,23.151418582264707,21.538295256219055,,10.046137161221758,21.514390019897224,17.47156852004602,15.370061164224088,20.810398853195352,
NTF4,11.683937328848154,19.28932203066412,15.540550606548155,14.448344160429242,12.158541833005128,11.607416653754589,,20.18699144267317,12.872839037766196,21.52226845028078,20.200859123481397,20.9745991663558,15.062917734862816,10.988974033303643,,19.874403875534643,21.71544257837256,,19.990275006815324,21.78241736224404,17.04863835523142,17.702816797635318,,18.493736980462035,20.843865151796454,16.400201543104327,20.083656188429444,21.270581484423587,,12.21194120294978,13.89748010011366,14.13139721151122,,10.148226512372224,15.672301093819486,11.684625819212844,21.372382604742057,,20.22126300704285,11.82635371186137,10.637144068142751,21.05435956720185,21.879913159528936,16.570587683243975,,11.5486045559034,21.10235682995551,17.234776237007182,14.816973818757878,21.113075215518236,
PTEN,20.35844376212196,21.017095886117005,19.81485881443172,20.811481629341777,20.17828184323462,21.40901977693015,,19.59742837267372,20.351080494854997,19.88262800861261,20.112461652515897,20.225410354762843,20.33948574973988,20.131358780478717,,20.50027075275344,20.969990220970818,,19.793640469504776,19.755831659259485,19.920318683921007,20.61566428247324,,19.662207437162436,20.227116027926822,20.21983276183369,19.49092704267442,20.07336756032084,,20.52848362672852,20.77359404672276,20.890866607274763,,19.87139155252926,20.622099944446237,20.224224450385567,19.82648995058041,,19.871694578830585,20.33083198390938,20.086799039296665,19.898550638827047,19.18094225159654,19.825186672218912,,20.342331500338723,20.32496430740356,20.932078647282975,20.917495704093227,20.744528466932053,
RPS6KA5,22.353346975463904,18.519127292639613,16.564464819153468,20.08676584947314,19.332053876342528,20.28460302305773,,16.37535745623707,20.571162210296823,17.20292330319027,18.28889542332192,16.69329806083569,21.075150303425783,19.52250530304172,,19.43612350479405,15.047599990162444,,21.569250680091127,18.49553240863226,20.981289502133176,17.574484163101015,,16.57927322854106,20.274843498083477,20.191485706663048,19.20922395659747,18.097968649804248,,22.266407685048136,21.19949660637513,19.82373377379716,,20.224947571164865,21.925175548885097,21.49608966980416,21.97752448870737,,17.212747365503382,21.373413591048383,20.756556772121176,16.964001972213804,22.46810788679022,19.74277091858421,,19.778558757063056,17.793022523617122,20.362854677570656,19.595334164519947,21.568648640602056,
SCD,1.1740286338642774,1.1651619388274244,1.403332976592876,0.8107809251420658,1.1726837495154951,1.0626027543415462,,1.0403254513477374,11.927110441995945,20.720664746572687,0.8400867478898842,1.1566338938565734,0.9192293306822568,1.0560501226529628,,0.8788123559490966,1.0282661486378466,,0.8330567754311273,0.9886286655609255,0.9746262460640625,14.689937406030944,,1.04322713132297,1.0532434679980247,0.9913451739255928,0.889903808576143,1.0250371931022664,,5.496408036392637,1.027084498041153,1.083187922690357,,1.8101264164162076,21.96372758746444,1.0747809350781572,1.2289722832527097,,20.900575016645504,0.9962526963092384,22.44632173192632,1.0196542752815758,1.0735885602722046,1.0892977303199174,,0.8449552907885605,0.9052575736129538,26.94469324496296,0.9797107636547756,1.5609870349902286,
SFRP1,1.6786181005178222,1.5851151996811976,6.491257190400297,1.5040242431190136,1.4665955597446525,1.3321318367739334,,1.3437299184854172,1.689813104400413,1.187774470958472,2.089001780514386,1.4679149999608485,1.9176724465902848,1.4262832344369525,,1.4162958581235063,1.538736643478041,,1.7794056454423233,1.5474828943721504,1.5013819824054302,1.539503815630507,,1.6082941668499766,1.567045892221795,2.0643307597456864,1.6606147651652614,1.713220276073928,,1.6700136825025689,1.7799633613036847,1.6616464780685598,,1.82804860226922,1.754831360079968,1.8835779281927367,1.6171877961102716,,1.3470369711393553,1.6746104231002898,2.0580749476035245,1.6832210891146573,1.626355342275071,1.678468409746108,,1.6317828527611762,1.5294555210537324,1.6238173338496926,1.3582236945206734,44.92503208001494,
SMAD4,18.21068437796995,14.770405756812606,14.012173754879012,14.290169486371648,16.642651986991268,16.133487536500073,,20.216065365517355,18.532128170767773,23.67373853440037,20.4239907645632,17.992879270739525,15.202148110289269,16.98703564614309,,16.107546565456197,14.73169244236861,,18.43783833233056,18.988228647040923,22.64551659328094,19.161422089003175,,18.9393592863421,19.509628656955755,23.19228394674777,16.477411834401355,21.54996721450553,,13.761438896509263,13.020506784020643,17.112630034390843,,18.130525625058134,20.01969690711386,16.428513372785538,18.06036198593483,,16.568782623223175,22.27256481826276,19.74485668820656,18.357848455202227,22.505756711627846,17.955429472763996,,23.05235986561949,15.33566128939276,18.198644198758743,21.51971081080464,17.250230968762168,
TBK1,20.110093116685405,21.203569482606824,20.672140802360683,20.48169385514365,19.675754774972813,23.03177312283683,,24.568889115714025,21.598274565406125,20.785766198222863,20.02869791682524,21.5543285701058,21.391840629898677,21.70765865025781,,19.389137060407933,19.918715575087823,,21.715439920627706,23.81676560864985,18.55870058270001,20.961760602672925,,23.78670255722828,19.779303120933346,21.71255853550073,19.40397483587467,19.509483464228733,,21.95097971280378,23.01334259303488,19.854033051267116,,22.94129862514661,21.97071512463309,24.55675501948587,21.09780763969713,,21.2668135643616,21.312534023102845,22.512678596134812,21.231168873404204,20.73991489942482,23.04226020135189,,19.46791505131511,21.61508717188237,21.96679302026656,20.636375802523972,21.04393840887453,
TCF7,17.702676350322903,25.773948183338025,24.7230103819306,20.68881979340453,22.243106147535663,22.433097068008053,,19.77485447625742,25.452430486056716,20.324910066464607,17.615199775732652,18.37128124551331,14.631874191644012,18.764338067765596,,18.334217148180937,18.697063031998056,,17.842299814158512,19.360761280686063,15.093092788131209,21.654175351371357,,19.254832036430795,21.527500421443264,18.68399140339774,20.62777466648344,18.389126860108664,,16.521320803612824,20.53400103716014,18.690499693424727,,17.59316569766594,20.906826730213112,16.63595588744001,20.63060743704236,,18.24447215613294,19.920929788872527,19.98489703325142,20.35999438642939,19.295223723930192,17.21626096082194,,21.63424036523772,18.23516367703262,18.659590523365523,19.771448651014428,19.73897590824882,
TRAF6,22.994276795119355,20.9139393518587,21.76128808141325,19.25059974506775,24.79538819290017,23.987423673332607,,21.1613424465478,22.137287758854416,22.078133557858987,23.885213414811016,19.636460686034315,20.88586083540871,21.08560706162914,,23.367361616158878,23.51590805640725,,21.909302021875156,22.33517568069445,19.04431678431219,23.640816441666,,21.28098366209075,19.527780613730947,22.03158131140597,24.02474325492442,23.458758760812195,,22.97341037794396,23.29713656801217,19.02080872082536,,22.76225872528392,23.01413134005787,22.05235372069501,18.76152979561219,,19.596329429873872,24.551558416067717,21.73202201261376,23.307362419903956,18.932768110869183,21.687929773344703,,22.299027893896504,22.23103255529077,20.016672303417543,24.427688160610057,22.31753886916587,
TSC2,19.15215441929314,18.35932296134892,18.5475804603161,19.112037769769618,18.672370535098047,18.857349394561517,,19.273705457555234,19.56266841659522,19.145189970117517,22.06617792470912,21.775359055581536,20.00466039038999,19.09230658425493,,20.471435113486454,20.0999887571785,,25.708833728671777,21.274385771638684,22.26331796036067,18.048891911186,,18.74355527793975,18.114608901347523,21.63752431058112,19.496000398340296,19.094969854707543,,25.172573247632005,20.309560353564045,20.633521852959795,,22.79618657088863,18.43101619335481,23.18039572825842,19.052760122569097,,20.07604486866963,19.999116779541136,18.68295629347164,21.29612773226093,19.81236859985946,18.59068233911948,,18.570101606502487,20.67113898712236,20.26759687071666,19.066478272025517,23.10132050866,
WNT1,16.06186134117104,15.909641813749111,21.80050213857441,17.679740586820746,15.779182717950553,19.00250183855967,,15.786727507526122,18.77238664259548,20.473172222227163,15.710290390100196,15.511968663951729,15.887651975097516,19.458065958733773,,16.67764005517078,16.72326843325128,,19.69244888817836,18.19487948922669,17.29501047046784,20.8363536638049,,15.44388914405238,15.287633037913054,13.932627794345407,18.922633645765107,15.425748376960051,,14.98706426240669,15.41142026805521,15.770510601323435,,16.82157746153956,16.048294240253796,16.31247948703803,16.154310795717706,,18.87713480627402,18.17094761829728,16.869671737778283,15.695491785962478,14.219299400717262,13.560506684219808,,21.969396558570477,16.05293662856425,17.669353519293892,19.13186653104868,21.650193228262,
WNT10A,16.046876836686803,16.566006751478657,21.210856998749147,18.095285798970817,16.725862844931317,19.56358279031392,,15.810157379926356,17.937201630295284,19.81270111908088,15.614204729704438,16.01389790243101,16.161404731955283,19.186590213965907,,16.927949732395835,15.920035166176332,,20.187365744308547,18.623541482981423,18.546154045499232,20.3958385186618,,16.207587455490035,15.130016398659055,13.84497230563907,19.540220699057443,14.388160565562664,,19.029209129984885,16.018796360873132,16.179472218896976,,16.86349213358819,15.51981076412522,16.93619366940185,15.667577417922113,,18.811379610773884,17.111035592622002,17.745805657667596,15.906644806053874,12.148152625795802,14.54745521047772,,22.06205492855523,17.233910121740564,17.196056321905715,19.08235470702347,21.287693373571965,
WNT10B,15.41406050945831,16.089754443504436,23.13022946993976,17.00076071154398,16.166070449236745,18.454133778570693,,16.1903581970278,18.03671285387493,20.473172294362005,15.666825107228222,15.724548479781086,16.114359008656358,19.299360758774725,,16.811131073368447,16.17211432149309,,20.21939306192147,18.43290878929216,17.278794330139423,20.83635298897347,,15.816297466148631,15.748447183875248,14.953091324363792,20.451403342626246,16.085682320413405,,16.82467254267204,15.420447291297677,16.58671782765999,,16.187320125565716,16.817013663113393,15.99232839382091,16.19915738898262,,19.24291162241886,18.65379576713929,16.913580373303017,16.61964643799762,15.080420414621011,13.329819702732848,,22.390002470535062,16.34014884518787,17.766216780147296,19.547563401480836,21.89830134769971,
WNT11,16.20975770262178,17.552095429383293,24.249704155545217,18.83466359969212,16.576059695022906,20.143671811615054,,15.693605712751456,17.937202025689945,20.473171849438437,16.609617966889676,15.508050755303168,17.10969357890304,19.186659116480214,,16.547813931507548,16.631118551265782,,19.601171483098952,18.224946942731123,17.1312494733538,20.83635300537156,,15.293263571242283,14.419797167089794,13.845618625648909,18.213638674370788,16.351908177655815,,14.845466792937469,15.410331404872409,16.55780355685541,,16.747820890120813,15.602648819188667,15.322322745237908,15.712049986445038,,17.917253734011286,16.562615203496698,16.831798124286966,14.98915393401329,13.710977301226624,13.558805678821145,,21.979881067671148,19.149908353078573,16.68409096239394,19.16914948108908,22.129487163524484,
WNT16,17.77475694204736,14.927029959059702,21.22578829300113,18.30963213030059,16.27397716628577,19.65294485441361,,15.945786274519136,17.902560666029455,19.81270067979624,17.359076555272228,16.347600112547976,16.81948268852194,19.19475129992792,,17.582885745447367,17.320605311876417,,18.813727832521835,19.96118430549184,17.565876606825285,20.8363532797885,,15.226350636850883,16.864309206363387,15.316392097740062,22.31851442180509,20.823228463690715,,15.160117794828992,16.148123372485255,16.464346048574793,,14.786301865231604,17.085150120648912,16.93379387748122,16.773642556740505,,19.45306864786167,17.687652760331876,16.89886031564485,15.98715297925624,14.259608831351605,14.662331445630969,,22.09663282071141,16.915812976465098,18.274730631072448,19.202532776947155,22.35291375351174,
WNT2,17.340191548255717,14.92616570949366,21.00880869413989,17.788462603727442,15.89054265936142,19.35418972535079,,15.872203758624286,18.55679789562112,19.81270074061975,16.965740376960994,22.65084779009309,15.959223972812016,20.504448343195328,,16.91412805829137,16.729991487446792,,18.64232943928253,19.32468409775746,17.278430256659465,21.53135467310613,,15.490436095794738,15.25173793481031,15.250419709024705,20.625445749029176,18.11696713951412,,15.16024999435604,15.743552434864192,16.400832673132246,,16.733357849567035,17.125881432131884,16.936193663712718,16.62622661678595,,17.918342517629906,16.928842366379072,17.371850657377085,15.359402981823836,13.544267428614214,15.092957667326006,,22.90189850803268,16.89792557226414,16.7743095967357,18.536532716690605,21.036888220320336,
WNT2B,17.232269268084654,16.303482349892565,20.92070209191818,18.558470636860797,15.890364172556025,18.696683082610942,,16.72732340676421,17.93720203506028,20.47317196466009,15.74330296096293,16.15146451542873,17.07913904621266,19.186590222666933,,17.529301725359645,16.615269930818247,,18.955527663171143,17.53243439366566,17.096429120605382,19.96296516014777,,15.240763177993522,15.419548086467602,14.613120209545189,18.175403400951936,15.38505921702433,,15.159742799721917,16.65974754355174,15.722833627370262,,15.565020115626483,15.8710830026622,15.430302554244436,16.02465134633145,,18.158974540830364,16.91497790548559,17.52195517579055,15.12425643651036,13.679898109137577,14.547455434696444,,21.822890739700227,15.911286578683136,16.783214468913634,18.357594368416272,20.543995743956867,
WNT3A,16.979227347996165,15.168283672596129,21.72683811125877,17.679377688380765,16.60226239693438,18.815571198973192,,15.78366600238456,17.93720172433329,19.81270110771935,16.108796828622687,15.948454536209896,16.020563413712043,19.192375110759404,,17.370919047938294,17.13954147483953,,18.53128781938711,18.34931138885641,17.999851041113633,21.874374585660856,,15.248390844649238,15.324259632850564,14.686039743184631,18.4748344814016,15.475778890861584,,15.160150271070576,15.743237947120804,16.381270878044177,,15.38623948464328,17.079688623874773,16.932610977634848,16.981727894842653,,18.174569376914068,17.08757752667829,18.952196480525373,15.390858055805015,13.767723843908424,13.655084830153667,,22.1553283532115,16.204488895754643,16.91385717329236,18.717930651467967,21.349088381996,
WNT4,16.782629717910268,15.19582473179737,21.911191590751542,18.895808436459696,16.082468350654047,19.295499272052275,,17.16324223623263,19.09286009172566,20.82027710943761,16.233386709741513,17.10624277617035,17.64549232391412,19.498139912052984,,17.888130878116424,16.77588214101146,,19.50089304336701,19.98462723734124,18.801411630932733,22.233009725636894,,15.77884893039643,18.393080703867625,15.117395259036288,19.148215121028496,15.75078027842252,,15.457457731215646,16.045622075555077,16.73259102186532,,16.962998957060947,16.23736569219761,15.774504291131318,17.3074899855976,,19.15092669624323,17.252648551923855,18.0622800645794,15.947573972623356,13.4094733546005,14.142683943518204,,22.26929160258505,16.298579291569855,17.098912658303124,18.6971765942807,21.38971201245346,
WNT9A,16.896157107265587,14.888686277572576,21.510374292433536,17.682622734190993,16.57102394528077,18.787825926454097,,15.71011427966858,16.93655753573048,19.81270113250054,15.375830262097764,15.205502360897633,15.870450788269029,18.550893218591643,,16.304338739170042,13.263456828368897,,18.297080734430654,18.158891535594154,17.903156750587137,21.874374332494494,,14.436195250036524,14.876542816866143,14.063244675370017,17.840650036091223,14.2387363919823,,15.160249945831094,15.338801235361675,16.353382778197837,,15.32707254900854,16.188894682246023,16.820323886947392,16.064459276851412,,18.16646708732609,17.14324538973995,16.990006918163523,13.846006535319445,12.248155750820118,12.233210245585395,,21.91183994249249,15.541911156546163,16.797286540332387,17.803711385384492,20.499244146141564,
WNT9B,16.422585371619142,14.93803789649952,21.45104698519303,18.01873748975615,15.816431707572017,19.13322097988788,,15.874024174214371,18.772386667694587,19.99634912688835,16.191782091946056,15.568090842589667,15.87850453072164,19.6765198598592,,16.761106565684152,16.80375126666804,,18.474725674635785,18.44611892158496,17.136934431862848,21.874374791640896,,15.33674503136134,15.42941136089997,14.794485237748347,18.38336741088532,15.445206051900406,,14.849377420149894,15.671958777035297,16.07343043957958,,16.251562623319632,16.56493879152146,16.44820563795311,16.152665266381895,,18.925852955082547,18.265301722706774,18.077187329569497,15.527106627345,14.455729212720511,13.594632946372784,,22.00668286012862,16.102742379392186,17.694305147488603,19.2107426566182,21.13820612326539,
