DrugA_idx,DrugA_target_num,DrugA_target_att_sum,DrugB_idx,DrugB_target_num,DrugB_target_att_sum,Cell_idx,Score,index1,Drug,Target,node_num,node_name,node_type,att_deg
1495.0,0.0,0.0,1494.0,1.0,1.7259215408,A498,17.11111111111111,651,1495,401,,,,
1495.0,0.0,0.0,1502.0,0.0,0.0,A498,11.333333333333334,1038,1495,401,,,,
1499.0,0.0,0.0,1494.0,1.0,1.7259215408,A498,11.22222222222222,1286,1499,401,,,,
1499.0,0.0,0.0,1494.0,1.0,1.7259215408,A498,11.22222222222222,1286,1499,980,,,,
1493.0,1.0,0.788826391,1495.0,0.0,0.0,A498,10.0,1888,1493,821,,,,
1493.0,1.0,0.788826391,1495.0,0.0,0.0,A498,10.0,1888,1493,118,118.0,BCL2,gene,0.788826391
1501.0,1.0,0.788826391,1505.0,0.0,0.0,A498,9.77777777777778,498,1501,821,,,,
1501.0,1.0,0.788826391,1505.0,0.0,0.0,A498,9.77777777777778,498,1501,118,118.0,BCL2,gene,0.788826391
1503.0,2.0,3.2702630648,1505.0,0.0,0.0,A498,7.222222222222222,1882,1503,858,858.0,MTOR,gene,1.7259215408
1503.0,2.0,3.2702630648,1505.0,0.0,0.0,A498,7.222222222222222,1882,1503,429,429.0,FGF2,gene,1.544341524
1501.0,1.0,0.788826391,1503.0,2.0,3.2702630648,A498,7.0,837,1501,821,,,,
1501.0,1.0,0.788826391,1503.0,2.0,3.2702630648,A498,7.0,837,1501,118,118.0,BCL2,gene,0.788826391
1493.0,1.0,0.788826391,1505.0,0.0,0.0,A498,6.777777777777778,308,1493,821,,,,
1493.0,1.0,0.788826391,1505.0,0.0,0.0,A498,6.777777777777778,308,1493,118,118.0,BCL2,gene,0.788826391
1493.0,1.0,0.788826391,1490.0,0.0,0.0,A498,6.444444444444445,897,1493,821,,,,
1493.0,1.0,0.788826391,1490.0,0.0,0.0,A498,6.444444444444445,897,1493,118,118.0,BCL2,gene,0.788826391
1493.0,1.0,0.788826391,1503.0,2.0,3.2702630648,A498,6.222222222222222,1747,1493,821,,,,
1493.0,1.0,0.788826391,1503.0,2.0,3.2702630648,A498,6.222222222222222,1747,1493,118,118.0,BCL2,gene,0.788826391
1493.0,1.0,0.788826391,1500.0,0.0,0.0,A498,6.0,2444,1493,821,,,,
1493.0,1.0,0.788826391,1500.0,0.0,0.0,A498,6.0,2444,1493,118,118.0,BCL2,gene,0.788826391
1492.0,3.0,3.499086106,1503.0,2.0,3.2702630648,A498,4.888888888888889,2311,1492,707,,,,
1492.0,3.0,3.499086106,1503.0,2.0,3.2702630648,A498,4.888888888888889,2311,1492,1,,,,
1492.0,3.0,3.499086106,1503.0,2.0,3.2702630648,A498,4.888888888888889,2311,1492,2,,,,
1492.0,3.0,3.499086106,1503.0,2.0,3.2702630648,A498,4.888888888888889,2311,1492,394,,,,
1492.0,3.0,3.499086106,1503.0,2.0,3.2702630648,A498,4.888888888888889,2311,1492,442,,,,
1492.0,3.0,3.499086106,1503.0,2.0,3.2702630648,A498,4.888888888888889,2311,1492,468,,,,
1492.0,3.0,3.499086106,1503.0,2.0,3.2702630648,A498,4.888888888888889,2311,1492,599,599.0,HSPA8,gene,0.783881668
1492.0,3.0,3.499086106,1503.0,2.0,3.2702630648,A498,4.888888888888889,2311,1492,737,,,,
1492.0,3.0,3.499086106,1503.0,2.0,3.2702630648,A498,4.888888888888889,2311,1492,774,,,,
1492.0,3.0,3.499086106,1503.0,2.0,3.2702630648,A498,4.888888888888889,2311,1492,806,,,,
1492.0,3.0,3.499086106,1503.0,2.0,3.2702630648,A498,4.888888888888889,2311,1492,1314,1314.0,SRC,gene,2.387552402
1492.0,3.0,3.499086106,1503.0,2.0,3.2702630648,A498,4.888888888888889,2311,1492,1325,1325.0,STAT5B,gene,0.327652036
1501.0,1.0,0.788826391,1500.0,0.0,0.0,A498,4.777777777777778,2266,1501,118,118.0,BCL2,gene,0.788826391
1501.0,1.0,0.788826391,1490.0,0.0,0.0,A498,4.777777777777778,2745,1501,821,,,,
1501.0,1.0,0.788826391,1490.0,0.0,0.0,A498,4.777777777777778,2745,1501,118,118.0,BCL2,gene,0.788826391
1501.0,1.0,0.788826391,1500.0,0.0,0.0,A498,4.777777777777778,2266,1501,821,,,,
1492.0,3.0,3.499086106,1501.0,1.0,0.788826391,A498,3.0,1793,1492,707,,,,
1492.0,3.0,3.499086106,1501.0,1.0,0.788826391,A498,3.0,1793,1492,1,,,,
1492.0,3.0,3.499086106,1501.0,1.0,0.788826391,A498,3.0,1793,1492,774,,,,
1492.0,3.0,3.499086106,1501.0,1.0,0.788826391,A498,3.0,1793,1492,468,,,,
1492.0,3.0,3.499086106,1501.0,1.0,0.788826391,A498,3.0,1793,1492,442,,,,
1492.0,3.0,3.499086106,1501.0,1.0,0.788826391,A498,3.0,1793,1492,599,599.0,HSPA8,gene,0.783881668
1492.0,3.0,3.499086106,1501.0,1.0,0.788826391,A498,3.0,1793,1492,394,,,,
1492.0,3.0,3.499086106,1501.0,1.0,0.788826391,A498,3.0,1793,1492,2,,,,
1492.0,3.0,3.499086106,1501.0,1.0,0.788826391,A498,3.0,1793,1492,806,,,,
1492.0,3.0,3.499086106,1501.0,1.0,0.788826391,A498,3.0,1793,1492,1314,1314.0,SRC,gene,2.387552402
1492.0,3.0,3.499086106,1501.0,1.0,0.788826391,A498,3.0,1793,1492,1325,1325.0,STAT5B,gene,0.327652036
1492.0,3.0,3.499086106,1501.0,1.0,0.788826391,A498,3.0,1793,1492,737,,,,
1494.0,1.0,1.7259215408,1501.0,1.0,0.788826391,A498,2.888888888888889,2499,1494,858,858.0,MTOR,gene,1.7259215408
1499.0,0.0,0.0,1503.0,2.0,3.2702630648,A498,2.333333333333333,204,1499,401,,,,
1499.0,0.0,0.0,1503.0,2.0,3.2702630648,A498,2.333333333333333,204,1499,980,,,,
1493.0,1.0,0.788826391,1501.0,1.0,0.788826391,A498,2.2222222222222223,1944,1493,118,118.0,BCL2,gene,0.788826391
1493.0,1.0,0.788826391,1501.0,1.0,0.788826391,A498,2.2222222222222223,1944,1493,821,,,,
1494.0,1.0,1.7259215408,1503.0,2.0,3.2702630648,A498,2.0,2112,1494,858,858.0,MTOR,gene,1.7259215408
1503.0,2.0,3.2702630648,1490.0,0.0,0.0,A498,2.0,700,1503,429,429.0,FGF2,gene,1.544341524
1503.0,2.0,3.2702630648,1490.0,0.0,0.0,A498,2.0,700,1503,858,858.0,MTOR,gene,1.7259215408
1492.0,3.0,3.499086106,1490.0,0.0,0.0,A498,1.7777777777777777,2263,1492,707,,,,
1492.0,3.0,3.499086106,1490.0,0.0,0.0,A498,1.7777777777777777,2263,1492,806,,,,
1492.0,3.0,3.499086106,1490.0,0.0,0.0,A498,1.7777777777777777,2263,1492,1325,1325.0,STAT5B,gene,0.327652036
1492.0,3.0,3.499086106,1490.0,0.0,0.0,A498,1.7777777777777777,2263,1492,2,,,,
1492.0,3.0,3.499086106,1490.0,0.0,0.0,A498,1.7777777777777777,2263,1492,394,,,,
1492.0,3.0,3.499086106,1490.0,0.0,0.0,A498,1.7777777777777777,2263,1492,442,,,,
1492.0,3.0,3.499086106,1490.0,0.0,0.0,A498,1.7777777777777777,2263,1492,468,,,,
1492.0,3.0,3.499086106,1490.0,0.0,0.0,A498,1.7777777777777777,2263,1492,599,599.0,HSPA8,gene,0.783881668
1492.0,3.0,3.499086106,1490.0,0.0,0.0,A498,1.7777777777777777,2263,1492,737,,,,
1492.0,3.0,3.499086106,1490.0,0.0,0.0,A498,1.7777777777777777,2263,1492,774,,,,
1492.0,3.0,3.499086106,1490.0,0.0,0.0,A498,1.7777777777777777,2263,1492,1,,,,
1492.0,3.0,3.499086106,1490.0,0.0,0.0,A498,1.7777777777777777,2263,1492,1314,1314.0,SRC,gene,2.387552402
1495.0,0.0,0.0,1492.0,3.0,3.499086106,A498,1.5555555555555556,2080,1495,401,,,,
1502.0,0.0,0.0,1503.0,2.0,3.2702630648,A498,1.4444444444444444,2640,1502,565,,,,
1502.0,0.0,0.0,1503.0,2.0,3.2702630648,A498,1.4444444444444444,2640,1502,568,,,,
1502.0,0.0,0.0,1503.0,2.0,3.2702630648,A498,1.4444444444444444,2640,1502,566,,,,
1503.0,2.0,3.2702630648,1500.0,0.0,0.0,A498,1.2222222222222223,394,1503,858,858.0,MTOR,gene,1.7259215408
1503.0,2.0,3.2702630648,1500.0,0.0,0.0,A498,1.2222222222222223,394,1503,429,429.0,FGF2,gene,1.544341524
1499.0,0.0,0.0,1493.0,1.0,0.788826391,A498,1.1111111111111112,84,1499,980,,,,
1499.0,0.0,0.0,1493.0,1.0,0.788826391,A498,1.1111111111111112,84,1499,401,,,,
1502.0,0.0,0.0,1493.0,1.0,0.788826391,A498,1.0,216,1502,565,,,,
1502.0,0.0,0.0,1493.0,1.0,0.788826391,A498,1.0,216,1502,566,,,,
1502.0,0.0,0.0,1493.0,1.0,0.788826391,A498,1.0,216,1502,568,,,,
1503.0,2.0,3.2702630648,1499.0,0.0,0.0,A498,0.8888888888888888,2474,1503,858,858.0,MTOR,gene,1.7259215408
1503.0,2.0,3.2702630648,1499.0,0.0,0.0,A498,0.8888888888888888,2474,1503,429,429.0,FGF2,gene,1.544341524
1499.0,0.0,0.0,1491.0,0.0,0.0,A498,0.4444444444444444,2777,1499,401,,,,
1499.0,0.0,0.0,1491.0,0.0,0.0,A498,0.4444444444444444,2777,1499,980,,,,
1499.0,0.0,0.0,1490.0,0.0,0.0,A498,0.3333333333333333,1356,1499,980,,,,
1499.0,0.0,0.0,1490.0,0.0,0.0,A498,0.3333333333333333,1356,1499,401,,,,
1492.0,3.0,3.499086106,1506.0,0.0,0.0,A498,0.0,992,1492,599,599.0,HSPA8,gene,0.783881668
1492.0,3.0,3.499086106,1506.0,0.0,0.0,A498,0.0,992,1492,707,,,,
1492.0,3.0,3.499086106,1506.0,0.0,0.0,A498,0.0,992,1492,2,,,,
1492.0,3.0,3.499086106,1506.0,0.0,0.0,A498,0.0,992,1492,394,,,,
1492.0,3.0,3.499086106,1506.0,0.0,0.0,A498,0.0,992,1492,442,,,,
1492.0,3.0,3.499086106,1506.0,0.0,0.0,A498,0.0,992,1492,1,,,,
1502.0,0.0,0.0,1505.0,0.0,0.0,A498,0.0,167,1502,565,,,,
1502.0,0.0,0.0,1505.0,0.0,0.0,A498,0.0,167,1502,568,,,,
1502.0,0.0,0.0,1505.0,0.0,0.0,A498,0.0,167,1502,566,,,,
1492.0,3.0,3.499086106,1506.0,0.0,0.0,A498,0.0,992,1492,737,,,,
1492.0,3.0,3.499086106,1506.0,0.0,0.0,A498,0.0,992,1492,774,,,,
1492.0,3.0,3.499086106,1506.0,0.0,0.0,A498,0.0,992,1492,806,,,,
1492.0,3.0,3.499086106,1506.0,0.0,0.0,A498,0.0,992,1492,1314,1314.0,SRC,gene,2.387552402
1492.0,3.0,3.499086106,1506.0,0.0,0.0,A498,0.0,992,1492,1325,1325.0,STAT5B,gene,0.327652036
1492.0,3.0,3.499086106,1506.0,0.0,0.0,A498,0.0,992,1492,468,,,,
1492.0,3.0,3.499086106,1491.0,0.0,0.0,A498,-0.3333333333333333,2699,1492,442,,,,
1492.0,3.0,3.499086106,1491.0,0.0,0.0,A498,-0.3333333333333333,2699,1492,468,,,,
1492.0,3.0,3.499086106,1491.0,0.0,0.0,A498,-0.3333333333333333,2699,1492,806,,,,
1492.0,3.0,3.499086106,1491.0,0.0,0.0,A498,-0.3333333333333333,2699,1492,774,,,,
1492.0,3.0,3.499086106,1491.0,0.0,0.0,A498,-0.3333333333333333,2699,1492,737,,,,
1492.0,3.0,3.499086106,1491.0,0.0,0.0,A498,-0.3333333333333333,2699,1492,707,,,,
1492.0,3.0,3.499086106,1491.0,0.0,0.0,A498,-0.3333333333333333,2699,1492,599,599.0,HSPA8,gene,0.783881668
1492.0,3.0,3.499086106,1491.0,0.0,0.0,A498,-0.3333333333333333,2699,1492,1314,1314.0,SRC,gene,2.387552402
1492.0,3.0,3.499086106,1491.0,0.0,0.0,A498,-0.3333333333333333,2699,1492,394,,,,
1492.0,3.0,3.499086106,1491.0,0.0,0.0,A498,-0.3333333333333333,2699,1492,2,,,,
1492.0,3.0,3.499086106,1491.0,0.0,0.0,A498,-0.3333333333333333,2699,1492,1,,,,
1492.0,3.0,3.499086106,1491.0,0.0,0.0,A498,-0.3333333333333333,2699,1492,1325,1325.0,STAT5B,gene,0.327652036
1492.0,3.0,3.499086106,1493.0,1.0,0.788826391,A498,-0.4444444444444444,410,1492,599,599.0,HSPA8,gene,0.783881668
1492.0,3.0,3.499086106,1493.0,1.0,0.788826391,A498,-0.4444444444444444,410,1492,806,,,,
1492.0,3.0,3.499086106,1493.0,1.0,0.788826391,A498,-0.4444444444444444,410,1492,1325,1325.0,STAT5B,gene,0.327652036
1492.0,3.0,3.499086106,1493.0,1.0,0.788826391,A498,-0.4444444444444444,410,1492,774,,,,
1492.0,3.0,3.499086106,1493.0,1.0,0.788826391,A498,-0.4444444444444444,410,1492,737,,,,
1492.0,3.0,3.499086106,1493.0,1.0,0.788826391,A498,-0.4444444444444444,410,1492,1,,,,
1492.0,3.0,3.499086106,1493.0,1.0,0.788826391,A498,-0.4444444444444444,410,1492,2,,,,
1492.0,3.0,3.499086106,1493.0,1.0,0.788826391,A498,-0.4444444444444444,410,1492,394,,,,
1492.0,3.0,3.499086106,1493.0,1.0,0.788826391,A498,-0.4444444444444444,410,1492,442,,,,
1492.0,3.0,3.499086106,1493.0,1.0,0.788826391,A498,-0.4444444444444444,410,1492,468,,,,
1492.0,3.0,3.499086106,1493.0,1.0,0.788826391,A498,-0.4444444444444444,410,1492,707,,,,
1492.0,3.0,3.499086106,1493.0,1.0,0.788826391,A498,-0.4444444444444444,410,1492,1314,1314.0,SRC,gene,2.387552402
1494.0,1.0,1.7259215408,1502.0,0.0,0.0,A498,-0.6666666666666666,1041,1494,858,858.0,MTOR,gene,1.7259215408
1500.0,0.0,0.0,1490.0,0.0,0.0,A498,-0.6666666666666666,2712,1500,1,,,,
1500.0,0.0,0.0,1490.0,0.0,0.0,A498,-0.6666666666666666,2712,1500,707,,,,
1502.0,0.0,0.0,1490.0,0.0,0.0,A498,-0.7777777777777778,1327,1502,565,,,,
1502.0,0.0,0.0,1490.0,0.0,0.0,A498,-0.7777777777777778,1327,1502,568,,,,
1502.0,0.0,0.0,1490.0,0.0,0.0,A498,-0.7777777777777778,1327,1502,566,,,,
1494.0,1.0,1.7259215408,1491.0,0.0,0.0,A498,-0.8888888888888888,2775,1494,858,858.0,MTOR,gene,1.7259215408
1499.0,0.0,0.0,1505.0,0.0,0.0,A498,-0.8888888888888888,1738,1499,980,,,,
1499.0,0.0,0.0,1505.0,0.0,0.0,A498,-0.8888888888888888,1738,1499,401,,,,
1495.0,0.0,0.0,1506.0,0.0,0.0,A498,-1.4444444444444444,2364,1495,401,,,,
1494.0,1.0,1.7259215408,1490.0,0.0,0.0,A498,-1.5555555555555556,305,1494,858,858.0,MTOR,gene,1.7259215408
1495.0,0.0,0.0,1491.0,0.0,0.0,A498,-1.6666666666666667,2346,1495,401,,,,
1495.0,0.0,0.0,1505.0,0.0,0.0,A498,-1.6666666666666667,1201,1495,401,,,,
1495.0,0.0,0.0,1501.0,1.0,0.788826391,A498,-1.7777777777777777,2586,1495,401,,,,
1502.0,0.0,0.0,1491.0,0.0,0.0,A498,-1.8888888888888888,2217,1502,566,,,,
1502.0,0.0,0.0,1491.0,0.0,0.0,A498,-1.8888888888888888,2217,1502,565,,,,
1502.0,0.0,0.0,1491.0,0.0,0.0,A498,-1.8888888888888888,2217,1502,568,,,,
1495.0,0.0,0.0,1503.0,2.0,3.2702630648,A498,-2.0,1824,1495,401,,,,
1494.0,1.0,1.7259215408,1493.0,1.0,0.788826391,A498,-2.0,697,1494,858,858.0,MTOR,gene,1.7259215408
1494.0,1.0,1.7259215408,1492.0,3.0,3.499086106,A498,-2.111111111111111,1331,1494,858,858.0,MTOR,gene,1.7259215408
1500.0,0.0,0.0,1499.0,0.0,0.0,A498,-2.2222222222222223,1681,1500,707,,,,
1500.0,0.0,0.0,1499.0,0.0,0.0,A498,-2.2222222222222223,1681,1500,1,,,,
1494.0,1.0,1.7259215408,1500.0,0.0,0.0,A498,-2.333333333333333,893,1494,858,858.0,MTOR,gene,1.7259215408
1504.0,1.0,1.1984729548,1505.0,0.0,0.0,A498,-2.4444444444444446,1635,1504,1399,,,,
1504.0,1.0,1.1984729548,1505.0,0.0,0.0,A498,-2.4444444444444446,1635,1504,1106,,,,
1504.0,1.0,1.1984729548,1505.0,0.0,0.0,A498,-2.4444444444444446,1635,1504,885,885.0,NFKB1,gene,1.1984729548
1504.0,1.0,1.1984729548,1505.0,0.0,0.0,A498,-2.4444444444444446,1635,1504,439,,,,
1493.0,1.0,0.788826391,1491.0,0.0,0.0,A498,-2.555555555555556,1630,1493,821,,,,
1493.0,1.0,0.788826391,1491.0,0.0,0.0,A498,-2.555555555555556,1630,1493,118,118.0,BCL2,gene,0.788826391
1495.0,0.0,0.0,1500.0,0.0,0.0,A498,-2.555555555555556,1979,1495,401,,,,
1501.0,1.0,0.788826391,1491.0,0.0,0.0,A498,-2.6666666666666665,1270,1501,118,118.0,BCL2,gene,0.788826391
1506.0,0.0,0.0,1493.0,1.0,0.788826391,A498,-2.6666666666666665,1112,1506,567,,,,
1506.0,0.0,0.0,1493.0,1.0,0.788826391,A498,-2.6666666666666665,1112,1506,566,,,,
1506.0,0.0,0.0,1493.0,1.0,0.788826391,A498,-2.6666666666666665,1112,1506,565,,,,
1501.0,1.0,0.788826391,1491.0,0.0,0.0,A498,-2.6666666666666665,1270,1501,821,,,,
1506.0,0.0,0.0,1491.0,0.0,0.0,A498,-2.7777777777777777,561,1506,567,,,,
1506.0,0.0,0.0,1505.0,0.0,0.0,A498,-2.7777777777777777,1948,1506,565,,,,
1506.0,0.0,0.0,1491.0,0.0,0.0,A498,-2.7777777777777777,561,1506,566,,,,
1506.0,0.0,0.0,1491.0,0.0,0.0,A498,-2.7777777777777777,561,1506,565,,,,
1506.0,0.0,0.0,1505.0,0.0,0.0,A498,-2.7777777777777777,1948,1506,567,,,,
1506.0,0.0,0.0,1505.0,0.0,0.0,A498,-2.7777777777777777,1948,1506,566,,,,
1500.0,0.0,0.0,1505.0,0.0,0.0,A498,-3.2222222222222223,988,1500,707,,,,
1500.0,0.0,0.0,1505.0,0.0,0.0,A498,-3.2222222222222223,988,1500,1,,,,
1492.0,3.0,3.499086106,1502.0,0.0,0.0,A498,-3.555555555555556,1255,1492,442,,,,
1492.0,3.0,3.499086106,1502.0,0.0,0.0,A498,-3.555555555555556,1255,1492,1325,1325.0,STAT5B,gene,0.327652036
1492.0,3.0,3.499086106,1502.0,0.0,0.0,A498,-3.555555555555556,1255,1492,1314,1314.0,SRC,gene,2.387552402
1492.0,3.0,3.499086106,1502.0,0.0,0.0,A498,-3.555555555555556,1255,1492,394,,,,
1492.0,3.0,3.499086106,1502.0,0.0,0.0,A498,-3.555555555555556,1255,1492,806,,,,
1492.0,3.0,3.499086106,1502.0,0.0,0.0,A498,-3.555555555555556,1255,1492,774,,,,
1492.0,3.0,3.499086106,1502.0,0.0,0.0,A498,-3.555555555555556,1255,1492,737,,,,
1492.0,3.0,3.499086106,1502.0,0.0,0.0,A498,-3.555555555555556,1255,1492,707,,,,
1492.0,3.0,3.499086106,1502.0,0.0,0.0,A498,-3.555555555555556,1255,1492,599,599.0,HSPA8,gene,0.783881668
1492.0,3.0,3.499086106,1502.0,0.0,0.0,A498,-3.555555555555556,1255,1492,1,,,,
1492.0,3.0,3.499086106,1502.0,0.0,0.0,A498,-3.555555555555556,1255,1492,2,,,,
1492.0,3.0,3.499086106,1502.0,0.0,0.0,A498,-3.555555555555556,1255,1492,468,,,,
1504.0,1.0,1.1984729548,1499.0,0.0,0.0,A498,-3.7777777777777777,1364,1504,1106,,,,
1504.0,1.0,1.1984729548,1499.0,0.0,0.0,A498,-3.7777777777777777,1364,1504,885,885.0,NFKB1,gene,1.1984729548
1504.0,1.0,1.1984729548,1499.0,0.0,0.0,A498,-3.7777777777777777,1364,1504,439,,,,
1504.0,1.0,1.1984729548,1499.0,0.0,0.0,A498,-3.7777777777777777,1364,1504,1399,,,,
1495.0,0.0,0.0,1490.0,0.0,0.0,A498,-3.7777777777777777,589,1495,401,,,,
1494.0,1.0,1.7259215408,1505.0,0.0,0.0,A498,-4.0,2470,1494,858,858.0,MTOR,gene,1.7259215408
1498.0,0.0,0.0,1496.0,1.0,0.716431952,A498,-4.222222222222222,1511,1498,980,,,,
1500.0,0.0,0.0,1491.0,0.0,0.0,A498,-4.222222222222222,2225,1500,1,,,,
1500.0,0.0,0.0,1491.0,0.0,0.0,A498,-4.222222222222222,2225,1500,707,,,,
1492.0,3.0,3.499086106,1505.0,0.0,0.0,A498,-4.444444444444445,403,1492,806,,,,
1492.0,3.0,3.499086106,1505.0,0.0,0.0,A498,-4.444444444444445,403,1492,1314,1314.0,SRC,gene,2.387552402
1492.0,3.0,3.499086106,1505.0,0.0,0.0,A498,-4.444444444444445,403,1492,2,,,,
1492.0,3.0,3.499086106,1505.0,0.0,0.0,A498,-4.444444444444445,403,1492,394,,,,
1492.0,3.0,3.499086106,1505.0,0.0,0.0,A498,-4.444444444444445,403,1492,442,,,,
1492.0,3.0,3.499086106,1505.0,0.0,0.0,A498,-4.444444444444445,403,1492,1325,1325.0,STAT5B,gene,0.327652036
1492.0,3.0,3.499086106,1505.0,0.0,0.0,A498,-4.444444444444445,403,1492,468,,,,
1492.0,3.0,3.499086106,1505.0,0.0,0.0,A498,-4.444444444444445,403,1492,599,599.0,HSPA8,gene,0.783881668
1492.0,3.0,3.499086106,1505.0,0.0,0.0,A498,-4.444444444444445,403,1492,707,,,,
1492.0,3.0,3.499086106,1505.0,0.0,0.0,A498,-4.444444444444445,403,1492,737,,,,
1492.0,3.0,3.499086106,1505.0,0.0,0.0,A498,-4.444444444444445,403,1492,774,,,,
1492.0,3.0,3.499086106,1505.0,0.0,0.0,A498,-4.444444444444445,403,1492,1,,,,
1504.0,1.0,1.1984729548,1501.0,1.0,0.788826391,A498,-4.666666666666667,723,1504,1106,,,,
1504.0,1.0,1.1984729548,1501.0,1.0,0.788826391,A498,-4.666666666666667,723,1504,439,,,,
1504.0,1.0,1.1984729548,1501.0,1.0,0.788826391,A498,-4.666666666666667,723,1504,885,885.0,NFKB1,gene,1.1984729548
1504.0,1.0,1.1984729548,1501.0,1.0,0.788826391,A498,-4.666666666666667,723,1504,1399,,,,
1498.0,0.0,0.0,1497.0,0.0,0.0,A498,-4.777777777777778,2442,1498,980,,,,
1506.0,0.0,0.0,1490.0,0.0,0.0,A498,-4.777777777777778,1569,1506,567,,,,
1506.0,0.0,0.0,1490.0,0.0,0.0,A498,-4.777777777777778,1569,1506,566,,,,
1506.0,0.0,0.0,1490.0,0.0,0.0,A498,-4.777777777777778,1569,1506,565,,,,
1506.0,0.0,0.0,1501.0,1.0,0.788826391,A498,-4.777777777777778,2236,1506,567,,,,
1506.0,0.0,0.0,1501.0,1.0,0.788826391,A498,-4.777777777777778,2236,1506,566,,,,
1506.0,0.0,0.0,1501.0,1.0,0.788826391,A498,-4.777777777777778,2236,1506,565,,,,
1494.0,1.0,1.7259215408,1506.0,0.0,0.0,A498,-4.888888888888889,1817,1494,858,858.0,MTOR,gene,1.7259215408
1504.0,1.0,1.1984729548,1491.0,0.0,0.0,A498,-5.333333333333333,2508,1504,885,885.0,NFKB1,gene,1.1984729548
1504.0,1.0,1.1984729548,1491.0,0.0,0.0,A498,-5.333333333333333,2508,1504,1106,,,,
1504.0,1.0,1.1984729548,1491.0,0.0,0.0,A498,-5.333333333333333,2508,1504,1399,,,,
1504.0,1.0,1.1984729548,1491.0,0.0,0.0,A498,-5.333333333333333,2508,1504,439,,,,
1499.0,0.0,0.0,1501.0,1.0,0.788826391,A498,-5.666666666666667,901,1499,980,,,,
1499.0,0.0,0.0,1501.0,1.0,0.788826391,A498,-5.666666666666667,901,1499,401,,,,
1506.0,0.0,0.0,1503.0,2.0,3.2702630648,A498,-5.777777777777778,2449,1506,567,,,,
1506.0,0.0,0.0,1503.0,2.0,3.2702630648,A498,-5.777777777777778,2449,1506,565,,,,
1506.0,0.0,0.0,1503.0,2.0,3.2702630648,A498,-5.777777777777778,2449,1506,566,,,,
1496.0,1.0,0.716431952,1497.0,0.0,0.0,A498,-5.888888888888889,2158,1496,372,372.0,EGFR,gene,0.716431952
1506.0,0.0,0.0,1500.0,0.0,0.0,A498,-6.222222222222222,105,1506,567,,,,
1506.0,0.0,0.0,1500.0,0.0,0.0,A498,-6.222222222222222,105,1506,566,,,,
1506.0,0.0,0.0,1500.0,0.0,0.0,A498,-6.222222222222222,105,1506,565,,,,
1499.0,0.0,0.0,1500.0,0.0,0.0,A498,-6.555555555555555,2303,1499,401,,,,
1499.0,0.0,0.0,1500.0,0.0,0.0,A498,-6.555555555555555,2303,1499,980,,,,
1502.0,0.0,0.0,1500.0,0.0,0.0,A498,-6.666666666666667,1132,1502,566,,,,
1502.0,0.0,0.0,1500.0,0.0,0.0,A498,-6.666666666666667,1132,1502,568,,,,
1502.0,0.0,0.0,1500.0,0.0,0.0,A498,-6.666666666666667,1132,1502,565,,,,
1503.0,2.0,3.2702630648,1491.0,0.0,0.0,A498,-6.666666666666667,856,1503,858,858.0,MTOR,gene,1.7259215408
1503.0,2.0,3.2702630648,1491.0,0.0,0.0,A498,-6.666666666666667,856,1503,429,429.0,FGF2,gene,1.544341524
1505.0,0.0,0.0,1490.0,0.0,0.0,A498,-7.0,814,1505,1218,,,,
1505.0,0.0,0.0,1490.0,0.0,0.0,A498,-7.0,814,1505,1216,,,,
1505.0,0.0,0.0,1490.0,0.0,0.0,A498,-7.0,814,1505,1217,,,,
1505.0,0.0,0.0,1490.0,0.0,0.0,A498,-7.0,814,1505,1145,,,,
1492.0,3.0,3.499086106,1500.0,0.0,0.0,A498,-7.0,2156,1492,1,,,,
1492.0,3.0,3.499086106,1500.0,0.0,0.0,A498,-7.0,2156,1492,737,,,,
1492.0,3.0,3.499086106,1500.0,0.0,0.0,A498,-7.0,2156,1492,707,,,,
1492.0,3.0,3.499086106,1500.0,0.0,0.0,A498,-7.0,2156,1492,1325,1325.0,STAT5B,gene,0.327652036
1492.0,3.0,3.499086106,1500.0,0.0,0.0,A498,-7.0,2156,1492,2,,,,
1492.0,3.0,3.499086106,1500.0,0.0,0.0,A498,-7.0,2156,1492,394,,,,
1492.0,3.0,3.499086106,1500.0,0.0,0.0,A498,-7.0,2156,1492,442,,,,
1492.0,3.0,3.499086106,1500.0,0.0,0.0,A498,-7.0,2156,1492,1314,1314.0,SRC,gene,2.387552402
1492.0,3.0,3.499086106,1500.0,0.0,0.0,A498,-7.0,2156,1492,806,,,,
1492.0,3.0,3.499086106,1500.0,0.0,0.0,A498,-7.0,2156,1492,774,,,,
1492.0,3.0,3.499086106,1500.0,0.0,0.0,A498,-7.0,2156,1492,468,,,,
1492.0,3.0,3.499086106,1500.0,0.0,0.0,A498,-7.0,2156,1492,599,599.0,HSPA8,gene,0.783881668
1505.0,0.0,0.0,1491.0,0.0,0.0,A498,-8.0,577,1505,1217,,,,
1505.0,0.0,0.0,1491.0,0.0,0.0,A498,-8.0,577,1505,1216,,,,
1505.0,0.0,0.0,1491.0,0.0,0.0,A498,-8.0,577,1505,1218,,,,
1505.0,0.0,0.0,1491.0,0.0,0.0,A498,-8.0,577,1505,1145,,,,
1491.0,0.0,0.0,1490.0,0.0,0.0,A498,-8.333333333333334,2020,1491,1208,,,,
1491.0,0.0,0.0,1490.0,0.0,0.0,A498,-8.333333333333334,2020,1491,1209,,,,
1502.0,0.0,0.0,1501.0,1.0,0.788826391,A498,-8.88888888888889,848,1502,568,,,,
1502.0,0.0,0.0,1501.0,1.0,0.788826391,A498,-8.88888888888889,848,1502,566,,,,
1502.0,0.0,0.0,1501.0,1.0,0.788826391,A498,-8.88888888888889,848,1502,565,,,,
1506.0,0.0,0.0,1502.0,0.0,0.0,A498,-9.11111111111111,2226,1506,565,,,,
1506.0,0.0,0.0,1502.0,0.0,0.0,A498,-9.11111111111111,2226,1506,566,,,,
1506.0,0.0,0.0,1502.0,0.0,0.0,A498,-9.11111111111111,2226,1506,567,,,,
1504.0,1.0,1.1984729548,1493.0,1.0,0.788826391,A498,-9.555555555555555,1405,1504,1399,,,,
1504.0,1.0,1.1984729548,1493.0,1.0,0.788826391,A498,-9.555555555555555,1405,1504,1106,,,,
1504.0,1.0,1.1984729548,1493.0,1.0,0.788826391,A498,-9.555555555555555,1405,1504,885,885.0,NFKB1,gene,1.1984729548
1504.0,1.0,1.1984729548,1493.0,1.0,0.788826391,A498,-9.555555555555555,1405,1504,439,,,,
